{
"type": "FeatureCollection",
"name": "pilot_access_scores",
"crs": { "type": "name", "properties": { "name": "urn:ogc:def:crs:OGC:1.3:CRS84" } },
"features": [
{ "type": "Feature", "properties": { "adm3_name": "Austagram", "adm3_name1": null, "adm3_name2": null, "adm3_name3": null, "adm3_pcode": "BD30480002", "adm2_name": "Kishoreganj", "adm2_name1": null, "adm2_name2": null, "adm2_name3": null, "adm2_pcode": "BD3048", "adm1_name": "Dhaka", "adm1_name1": null, "adm1_name2": null, "adm1_name3": null, "adm1_pcode": "BD30", "adm0_name": "Bangladesh", "adm0_name1": null, "adm0_name2": null, "adm0_name3": null, "adm0_pcode": "BD", "valid_on": "2023-05-21T00:00:00", "valid_to": null, "area_sqkm": 303.03692338000002, "version": "v03", "lang": "en", "lang1": null, "lang2": null, "lang3": null, "adm3_ref_name": null, "center_lat": 24.32358689, "center_lon": 91.12249556, "female_pop": 79590.0, "male_pop": 72812.0, "total_pop": 152402.0, "nearest_facility_min": 54.661377884983146 }, "geometry": { "type": "Polygon", "coordinates": [ [ [ 91.218737784000041, 24.428570290999971 ], [ 91.218742565000184, 24.42911592500019 ], [ 91.218838474, 24.429794692000144 ], [ 91.218862419000118, 24.430112806000182 ], [ 91.218882289000192, 24.430376803000058 ], [ 91.218822370000112, 24.430813002000036 ], [ 91.21864686300006, 24.431369295000138 ], [ 91.218569753000054, 24.431613705000075 ], [ 91.218486754000025, 24.431876781000028 ], [ 91.21826732, 24.432264598000017 ], [ 91.217459235000035, 24.433255821000103 ], [ 91.217358858000182, 24.433247467000115 ], [ 91.216240580000033, 24.433154398000113 ], [ 91.216172720000088, 24.433148170000152 ], [ 91.215684251000084, 24.433101829000123 ], [ 91.214746748000039, 24.433012882000128 ], [ 91.214099003000172, 24.43296615800017 ], [ 91.213849750000065, 24.43294558000008 ], [ 91.213238353, 24.432896306000089 ], [ 91.212860647000014, 24.432851922000168 ], [ 91.212106024000036, 24.432781213000055 ], [ 91.21191707600002, 24.432763326000099 ], [ 91.211622271000067, 24.432735421000189 ], [ 91.211208597000109, 24.432668746000104 ], [ 91.210806873000081, 24.432626810000158 ], [ 91.209997583000131, 24.432576846000131 ], [ 91.209756221000021, 24.432561853000038 ], [ 91.20932067200016, 24.432534798 ], [ 91.20758266200005, 24.432426822000139 ], [ 91.207391441000141, 24.432414802000039 ], [ 91.206277310000075, 24.432267914000136 ], [ 91.206152618000033, 24.432250848000137 ], [ 91.205627333000166, 24.432180533000121 ], [ 91.20536308800007, 24.432146210000042 ], [ 91.205103301000179, 24.432112465000159 ], [ 91.203748339000128, 24.431626701000084 ], [ 91.203298296000128, 24.431465353000078 ], [ 91.202683334000028, 24.431157885000061 ], [ 91.202489354000136, 24.431060898000112 ], [ 91.201927723000153, 24.43060255 ], [ 91.201723255000104, 24.43042807900008 ], [ 91.201308305000055, 24.429843794000135 ], [ 91.20110156800007, 24.429356134000102 ], [ 91.200872445000073, 24.429142783000088 ], [ 91.20069664500005, 24.428979083000058 ], [ 91.200262572000099, 24.428574885000046 ], [ 91.199939125000071, 24.428530042000148 ], [ 91.199658388000046, 24.428633859000115 ], [ 91.199392598000088, 24.428884305000054 ], [ 91.199242226000081, 24.429149638000069 ], [ 91.199156463000179, 24.429206757000088 ], [ 91.199011585000108, 24.429271119000077 ], [ 91.198662081000123, 24.429273889000115 ], [ 91.197666862000119, 24.428986022 ], [ 91.19657228300008, 24.430347314000016 ], [ 91.196421795000049, 24.430177242000184 ], [ 91.196462422000138, 24.428921190000153 ], [ 91.196474902000091, 24.428535366000062 ], [ 91.196337613000196, 24.428380208000192 ], [ 91.196362355000076, 24.427615304000142 ], [ 91.196401089000119, 24.426417835000052 ], [ 91.196235670000192, 24.425610915000107 ], [ 91.195748988000048, 24.42485846000011 ], [ 91.19533051600007, 24.424377507000031 ], [ 91.195010525000157, 24.424076383000113 ], [ 91.194534629000032, 24.423879214000067 ], [ 91.194161480000162, 24.424119208000036 ], [ 91.19424305400014, 24.42453396600007 ], [ 91.194211129000109, 24.424744178000083 ], [ 91.194152383000187, 24.424920737000036 ], [ 91.194048955000198, 24.425000570000122 ], [ 91.193983979000109, 24.425039462000143 ], [ 91.193774650000137, 24.425036116000058 ], [ 91.193929413000035, 24.425525916000083 ], [ 91.194245625000121, 24.425916246000043 ], [ 91.194327201000078, 24.426331002999973 ], [ 91.194295276000048, 24.426541215000157 ], [ 91.194236530000126, 24.42671777400011 ], [ 91.194133100000101, 24.426797607000026 ], [ 91.194068123000136, 24.426836499000046 ], [ 91.193572304000099, 24.426815576000024 ], [ 91.192647109000177, 24.426283036000029 ], [ 91.19251988000002, 24.426209803000063 ], [ 91.191600181000069, 24.425623294000161 ], [ 91.191491302000031, 24.425554132000116 ], [ 91.191393056000095, 24.425491724000096 ], [ 91.190358213000138, 24.424786457000096 ], [ 91.189689293000072, 24.424383092000028 ], [ 91.187946969000109, 24.423498246000179 ], [ 91.185763875000134, 24.423531170000047 ], [ 91.185704449000013, 24.423504546000174 ], [ 91.185108387000128, 24.422847729000068 ], [ 91.184937202000071, 24.422650401999988 ], [ 91.184804918000111, 24.422497917000101 ], [ 91.184370469000157, 24.42178565200004 ], [ 91.183606483000176, 24.420240636000131 ], [ 91.183309317000123, 24.419640173000062 ], [ 91.183299671000043, 24.419597354000189 ], [ 91.183004556000185, 24.418224766000094 ], [ 91.183000415000151, 24.418177388000117 ], [ 91.182956574000116, 24.417673677000096 ], [ 91.182890651000093, 24.416916230000027 ], [ 91.182859590000135, 24.416559768000013 ], [ 91.182828256000164, 24.41637262900008 ], [ 91.182710113999974, 24.415666915000145 ], [ 91.182547871000168, 24.414925421000078 ], [ 91.181828377000159, 24.413319093000041 ], [ 91.181101090000084, 24.412198212000078 ], [ 91.179952582999988, 24.410784859000159 ], [ 91.178182368000193, 24.409191213000099 ], [ 91.178151916000161, 24.409164358000055 ], [ 91.176804372000049, 24.407948942000075 ], [ 91.174173963000101, 24.406039085000032 ], [ 91.173053540000183, 24.40544949700012 ], [ 91.172960019000186, 24.405400554000039 ], [ 91.172431225000139, 24.405203720000088 ], [ 91.171701285000154, 24.404716076000113 ], [ 91.171646853000084, 24.404663967000147 ], [ 91.171337513000026, 24.404367827000158 ], [ 91.171364970000127, 24.404137335000087 ], [ 91.172036467000169, 24.403198918000157 ], [ 91.172082989000103, 24.403133903000025 ], [ 91.172249627000042, 24.402918137000086 ], [ 91.171990387000051, 24.402716957000166 ], [ 91.171950677000154, 24.402687913000079 ], [ 91.17186722800011, 24.402661470000112 ], [ 91.171266294000134, 24.402465196000037 ], [ 91.170820623000111, 24.402319631000125 ], [ 91.170387223000091, 24.402106249000042 ], [ 91.169460546000096, 24.401467723000167 ], [ 91.168738529000109, 24.401100786000086 ], [ 91.168104363000054, 24.400769290000028 ], [ 91.167857643000048, 24.400547685000049 ], [ 91.167726806000189, 24.400427913000101 ], [ 91.166822885000101, 24.399815157000035 ], [ 91.165996194000172, 24.399121653 ], [ 91.165565502000049, 24.398757877000151 ], [ 91.165145553, 24.398604430000148 ], [ 91.164420201000041, 24.398053886000071 ], [ 91.163814174000095, 24.397593904000189 ], [ 91.163426970000046, 24.397300008000059 ], [ 91.163237430000152, 24.397156142000028 ], [ 91.163087828000016, 24.397009825000112 ], [ 91.162554567000029, 24.396488270000191 ], [ 91.161907740000117, 24.395855634999975 ], [ 91.161686878000125, 24.395639616000153 ], [ 91.161597559000086, 24.39555225600003 ], [ 91.161574488000042, 24.395523084000104 ], [ 91.16137546200008, 24.39526826600013 ], [ 91.160720357000173, 24.394429512000045 ], [ 91.160410650000017, 24.394032977000165 ], [ 91.160379060000082, 24.393992531000038 ], [ 91.160242341000071, 24.393781075000106 ], [ 91.15985833700006, 24.39318715200011 ], [ 91.159693392000179, 24.393003595000096 ], [ 91.159351610000158, 24.392623241000081 ], [ 91.159169151000071, 24.392420191000156 ], [ 91.158782336000115, 24.391989717000058 ], [ 91.158301210000104, 24.391454282000041 ], [ 91.157771990000185, 24.390865318000181 ], [ 91.157559817000163, 24.390593596000087 ], [ 91.157122921000052, 24.390034074000141 ], [ 91.156589121000138, 24.389350439000168 ], [ 91.156217444, 24.388788208000108 ], [ 91.155567462000079, 24.387804973000186 ], [ 91.154994257000169, 24.386726298000042 ], [ 91.154101699000194, 24.385046613000043 ], [ 91.153919764000136, 24.384704227000157 ], [ 91.153905306000183, 24.384672731000023 ], [ 91.153336328000194, 24.383392670000035 ], [ 91.15280817900009, 24.382204436000166 ], [ 91.152487628000131, 24.381105138000123 ], [ 91.151541885000142, 24.377859045000037 ], [ 91.151440803000128, 24.377584379000098 ], [ 91.151145656000097, 24.377110255000105 ], [ 91.151120026000115, 24.377069813000105 ], [ 91.150748303, 24.377257764000149 ], [ 91.150631942000075, 24.377405394000107 ], [ 91.15061352500004, 24.378094121000174 ], [ 91.150587234999989, 24.378116896000165 ], [ 91.150244489000102, 24.378306884000096 ], [ 91.149763790000179, 24.378301501000067 ], [ 91.149484451000092, 24.378416502999983 ], [ 91.149384316000067, 24.378518857000131 ], [ 91.149358049000114, 24.378546206000181 ], [ 91.149318457, 24.379409213000088 ], [ 91.149285450000036, 24.380128683000066 ], [ 91.148534750000124, 24.381477683000128 ], [ 91.148515266000061, 24.381503792999979 ], [ 91.148495540000056, 24.381543904000011 ], [ 91.148320476000151, 24.381224191000115 ], [ 91.147963978000121, 24.380779876000076 ], [ 91.147354050000104, 24.381136690000119 ], [ 91.14629496200007, 24.381912311000065 ], [ 91.146618428000181, 24.382383971000024 ], [ 91.14668522400018, 24.382889182000156 ], [ 91.146364104999975, 24.383155757000111 ], [ 91.145654636000188, 24.382863113000042 ], [ 91.145076203000031, 24.383160981000174 ], [ 91.145432788000107, 24.383752050000112 ], [ 91.14556274500012, 24.384017473000142 ], [ 91.145532333000119, 24.384403761000158 ], [ 91.145275926000124, 24.384672103000128 ], [ 91.14468786600014, 24.384808641000063 ], [ 91.144632673000103, 24.384821456000168 ], [ 91.144117414000164, 24.384881787999973 ], [ 91.143377240000063, 24.384943819000057 ], [ 91.142154287000039, 24.384977876000107 ], [ 91.141607177000026, 24.385128749000103 ], [ 91.141318171000137, 24.385336372000097 ], [ 91.140966432000084, 24.385901180000133 ], [ 91.140742037000052, 24.386167015000183 ], [ 91.140421438000089, 24.386494533000132 ], [ 91.140100404000179, 24.386704654000027 ], [ 91.139617794, 24.38676472700007 ], [ 91.139230685000086, 24.386616376000177 ], [ 91.138875277000125, 24.386291686000106 ], [ 91.137937317000137, 24.385257952000018 ], [ 91.137321477000171, 24.384133744999986 ], [ 91.13709532200005, 24.383927737000192 ], [ 91.136449216000074, 24.383483310000088 ], [ 91.135932903000025, 24.383218521000117 ], [ 91.135417999000083, 24.383249473000035 ], [ 91.135129268000071, 24.383488691000082 ], [ 91.135033670000155, 24.383755810000082 ], [ 91.1350357930001, 24.384200555 ], [ 91.134972952000112, 24.384616436000044 ], [ 91.134748998000077, 24.385001915000089 ], [ 91.134008984000104, 24.385151948000157 ], [ 91.133235519000152, 24.385006471000111 ], [ 91.132398325000167, 24.38483211700003 ], [ 91.131850402000055, 24.384684950000064 ], [ 91.131431450000036, 24.38462712200004 ], [ 91.130561322000119, 24.384421396000107 ], [ 91.130110236000121, 24.384422502000177 ], [ 91.130045838000115, 24.384380511000188 ], [ 91.129658372000051, 24.38412786300006 ], [ 91.129743678000182, 24.383890041000086 ], [ 91.12978585400009, 24.383772458000067 ], [ 91.130233957000144, 24.383089559000098 ], [ 91.130104016000132, 24.382821864999983 ], [ 91.129682971000193, 24.382111583000039 ], [ 91.129327242000159, 24.381816221000122 ], [ 91.128393070000129, 24.381613218000098 ], [ 91.128263133000132, 24.38134552300005 ], [ 91.127843771000073, 24.381170290000057 ], [ 91.127490240000043, 24.381260971000188 ], [ 91.127234128000168, 24.381705379000152 ], [ 91.126913323, 24.381942562000177 ], [ 91.125528338000095, 24.381769986999984 ], [ 91.125489323000124, 24.381769259000123 ], [ 91.124611698000081, 24.381752872999982 ], [ 91.124144035000199, 24.38174414000008 ], [ 91.123674253000047, 24.381781935000106 ], [ 91.123371207000048, 24.381806314000073 ], [ 91.122888444000125, 24.381778285000166 ], [ 91.12253436900005, 24.381808001000138 ], [ 91.122277496000038, 24.381958910000094 ], [ 91.121988805000058, 24.382344852000074 ], [ 91.12163568700015, 24.382552915000133 ], [ 91.121281790000069, 24.382672934000027 ], [ 91.121003676000157, 24.38271959900004 ], [ 91.120744417000139, 24.382248585000184 ], [ 91.120421463000071, 24.38189426200006 ], [ 91.120482796000033, 24.381092336000165 ], [ 91.120642250000117, 24.380795402000103 ], [ 91.120757686000047, 24.380626451000069 ], [ 91.120661367000196, 24.380451457000163 ], [ 91.120338417000085, 24.380097134000039 ], [ 91.120399751000036, 24.379295207000041 ], [ 91.120551391000163, 24.379012821000117 ], [ 91.120373504000099, 24.37792111300007 ], [ 91.120350441000198, 24.376492078000012 ], [ 91.120331425000074, 24.375313811000126 ], [ 91.120489159000158, 24.374542778000034 ], [ 91.120778514, 24.374303582000152 ], [ 91.121260132000089, 24.374065222000127 ], [ 91.121223187000112, 24.372880216000112 ], [ 91.121479881000027, 24.372641261000183 ], [ 91.121929807000129, 24.372373782000182 ], [ 91.121896211000035, 24.371987969000145 ], [ 91.121700323000141, 24.371366300000091 ], [ 91.121570280000128, 24.370741017000171 ], [ 91.121503420000124, 24.370419535 ], [ 91.121470083000133, 24.370063069000025 ], [ 91.121370678000176, 24.369411335999985 ], [ 91.12111263200012, 24.369146839000052 ], [ 91.120788997000091, 24.36885122000001 ], [ 91.120615464000196, 24.365590161000114 ], [ 91.120550810000168, 24.3653152 ], [ 91.120612201000199, 24.36529207600006 ], [ 91.120532436000076, 24.363793029000078 ], [ 91.120467784000084, 24.363518068000189 ], [ 91.120303239, 24.362814888000059 ], [ 91.120077148000064, 24.362608852999983 ], [ 91.119754586, 24.362432878999982 ], [ 91.119271204000199, 24.362255834 ], [ 91.11869109200012, 24.362079501000096 ], [ 91.118304617000035, 24.361992046000012 ], [ 91.11795033900006, 24.361992402000055 ], [ 91.11759590000014, 24.361904708000111 ], [ 91.116469110000139, 24.361849793999966 ], [ 91.116018027000052, 24.361701851000078 ], [ 91.115759547000152, 24.361525397000037 ], [ 91.11537207300006, 24.361112834000096 ], [ 91.115049504000126, 24.360934592000092 ], [ 91.114125116000196, 24.360937067000066 ], [ 91.1140834200001, 24.360937179000075 ], [ 91.113021657000104, 24.361060119000115 ], [ 91.112281339000106, 24.361092645000156 ], [ 91.111476674000073, 24.361094030000174 ], [ 91.110864437000146, 24.36097660400003 ], [ 91.110574953000139, 24.360917766000171 ], [ 91.109800740000139, 24.360596071000089 ], [ 91.109414533000063, 24.360537939000096 ], [ 91.108964144000197, 24.360538977000147 ], [ 91.108287901000097, 24.360571015000119 ], [ 91.107709051000199, 24.360749086000055 ], [ 91.107450158000177, 24.360877409000068 ], [ 91.10729127500008, 24.360957587000144 ], [ 91.107099011000173, 24.361166699000023 ], [ 91.107067955000048, 24.361492032000058 ], [ 91.107327527000052, 24.361937157 ], [ 91.107328765000148, 24.362291605000053 ], [ 91.107209204000128, 24.362385612000082 ], [ 91.106911405000062, 24.36261975900004 ], [ 91.105979619000095, 24.363096160000111 ], [ 91.105465295000158, 24.36318570200001 ], [ 91.105174681999983, 24.36306816299998 ], [ 91.104594034000115, 24.362686331000191 ], [ 91.103884603000097, 24.362303176000012 ], [ 91.103239820000113, 24.362127254000029 ], [ 91.102628258000152, 24.362158795000084 ], [ 91.101728292000132, 24.362397881000106 ], [ 91.100762193000037, 24.362400382000089 ], [ 91.098798012000145, 24.36219789200004 ], [ 91.098250525000083, 24.362228953 ], [ 91.09789769200006, 24.362468565000142 ], [ 91.09786742600005, 24.363030948000187 ], [ 91.097837684000069, 24.363654286999974 ], [ 91.097774453999989, 24.364038552000068 ], [ 91.097582315000182, 24.36433570000014 ], [ 91.097036408000065, 24.364694109000027 ], [ 91.096168862000013, 24.365052584000125 ], [ 91.095783090999987, 24.365260822000153 ], [ 91.094852825000146, 24.366064508000022 ], [ 91.094372024000052, 24.366686587000061 ], [ 91.093828212000176, 24.367577784000162 ], [ 91.093732539000143, 24.367844883000146 ], [ 91.093734817000154, 24.368467988000134 ], [ 91.093736129000092, 24.368763737000165 ], [ 91.093640703, 24.369060182000055 ], [ 91.093287068000166, 24.369209483000077 ], [ 91.093062615000179, 24.369477508000159 ], [ 91.092936005000183, 24.370160245000079 ], [ 91.092939176000129, 24.370959442000185 ], [ 91.093004836000091, 24.371286334000047 ], [ 91.09303273800009, 24.371881446000089 ], [ 91.093018651000079, 24.37195740400017 ], [ 91.093021476000047, 24.372669230000099 ], [ 91.093021823000129, 24.372756602000038 ], [ 91.093087485000069, 24.37308349400007 ], [ 91.093122193000113, 24.373823766000044 ], [ 91.09309388000014, 24.374830899000131 ], [ 91.092999969000118, 24.375662406000117 ], [ 91.092873808000093, 24.376254829 ], [ 91.092875278000179, 24.376640884000096 ], [ 91.092879189000087, 24.37776640300001 ], [ 91.0928818430001, 24.378530116000093 ], [ 91.092324182000084, 24.378845468000065 ], [ 91.092068064000046, 24.379231120000156 ], [ 91.091650726000125, 24.379500534000101 ], [ 91.091360589000033, 24.379441666 ], [ 91.090943778000053, 24.379916526000045 ], [ 91.090619153000148, 24.380407206000143 ], [ 91.090505817000178, 24.380292832000066 ], [ 91.090343938, 24.380027588000189 ], [ 91.090117591000194, 24.37978990300013 ], [ 91.08963168400004, 24.378962569000066 ], [ 91.089405704000171, 24.378695528000094 ], [ 91.089115572000139, 24.378636657000072 ], [ 91.088407983000138, 24.378905890000055 ], [ 91.087378289000014, 24.378908766000166 ], [ 91.087054703000092, 24.378613073999986 ], [ 91.086505262000173, 24.377991634000125 ], [ 91.086117828999988, 24.377578996000068 ], [ 91.085408656000027, 24.377374111000108 ], [ 91.085086236, 24.377286113000082 ], [ 91.084408528000097, 24.376724285000137 ], [ 91.083987639000156, 24.376072565000015 ], [ 91.083630856000013, 24.375422643000093 ], [ 91.083435783000141, 24.374947665000036 ], [ 91.083274174000167, 24.374711762000175 ], [ 91.082852511, 24.373822987000096 ], [ 91.082722697000122, 24.373557506000054 ], [ 91.082527208000045, 24.372816122000188 ], [ 91.082395711000061, 24.372135236000133 ], [ 91.082264459000044, 24.371483702000035 ], [ 91.082037341000103, 24.370862198000168 ], [ 91.081643856000142, 24.368936934000033 ], [ 91.081577692000167, 24.368402334 ], [ 91.081479143000081, 24.367899570000134 ], [ 91.081121712000083, 24.366951628000038 ], [ 91.080701774000147, 24.366478249000068 ], [ 91.080698990000087, 24.365642923000053 ], [ 91.08086594700012, 24.365494982000143 ], [ 91.080868397000188, 24.365348214000107 ], [ 91.081017202000112, 24.365129613000192 ], [ 91.080619308000053, 24.364681075000021 ], [ 91.080616526000199, 24.363845749 ], [ 91.080616065000072, 24.363791567000135 ], [ 91.080516741000054, 24.363051748000146 ], [ 91.080480812000189, 24.362013464000029 ], [ 91.080027976000167, 24.36136421600014 ], [ 91.079673543000069, 24.361274176000165 ], [ 91.079191144000049, 24.361424360000115 ], [ 91.07854729100012, 24.361426684000151 ], [ 91.078446039000141, 24.361402570000109 ], [ 91.078021055000136, 24.361301886000149 ], [ 91.077548102000151, 24.361013856999989 ], [ 91.076934612, 24.360453790000122 ], [ 91.076611842000148, 24.360246117000088 ], [ 91.075903029000187, 24.360070531000133 ], [ 91.075322854000092, 24.359805982000182 ], [ 91.075032771000167, 24.359747080000091 ], [ 91.074678493000135, 24.359747334000133 ], [ 91.074356492000049, 24.359629957999971 ], [ 91.073742902000106, 24.359128580000061 ], [ 91.073227183000142, 24.358980965000057 ], [ 91.072873421000168, 24.359042169000134 ], [ 91.072166768000045, 24.359487420000107 ], [ 91.071011904000102, 24.360558959000059 ], [ 91.070594827000093, 24.361004416000014 ], [ 91.070789191000017, 24.361330409000118 ], [ 91.070919036000191, 24.362543257000084 ], [ 91.070677147000197, 24.362801601000115 ], [ 91.07016370000008, 24.363218386000085 ], [ 91.068430491000072, 24.364763591000099 ], [ 91.06794943500006, 24.365297541000075 ], [ 91.067469011000128, 24.365980492000176 ], [ 91.066795607000188, 24.366723503000117 ], [ 91.065158819000089, 24.368240901000036 ], [ 91.063489811000068, 24.369668202000128 ], [ 91.06214202200016, 24.370826822000083 ], [ 91.061532036000131, 24.371422615000085 ], [ 91.061211753, 24.371808669000018 ], [ 91.060505243000193, 24.372432225000125 ], [ 91.058387794000055, 24.37448347600008 ], [ 91.057391768000059, 24.375197091000075 ], [ 91.055848667000191, 24.375853554000116 ], [ 91.055335980000166, 24.37644864300006 ], [ 91.054628797000134, 24.376923169000065 ], [ 91.054420622000066, 24.377256984999974 ], [ 91.053924572000085, 24.378052406000165 ], [ 91.053828804000148, 24.378319481000119 ], [ 91.053122839000082, 24.378943002000142 ], [ 91.051902318000089, 24.379865851000034 ], [ 91.05113017900004, 24.38001570299997 ], [ 91.050517654000089, 24.379719675 ], [ 91.050130197000101, 24.379365642000096 ], [ 91.04983862500012, 24.378981595000027 ], [ 91.049676087000194, 24.378476995000028 ], [ 91.049704504000147, 24.377291500000069 ], [ 91.049606556000185, 24.376847410000096 ], [ 91.049187064000137, 24.376642606000019 ], [ 91.048768765000091, 24.376731295000184 ], [ 91.047901712000169, 24.377326554000149 ], [ 91.047064161000094, 24.37723977700017 ], [ 91.046450700000037, 24.376677329000188 ], [ 91.046030128000041, 24.37611580500004 ], [ 91.045609325000157, 24.375375922000046 ], [ 91.045381285000076, 24.37454665700011 ], [ 91.045314068000152, 24.373716285000114 ], [ 91.045119765000152, 24.373392514000045 ], [ 91.045201777000159, 24.373202745000071 ], [ 91.045247965000101, 24.373095868000064 ], [ 91.045147253000096, 24.371938355999987 ], [ 91.04514887400012, 24.371780407000188 ], [ 91.045171892999974, 24.369538238000189 ], [ 91.045040836000055, 24.368886663000012 ], [ 91.044749787000057, 24.368561300000181 ], [ 91.04429875600016, 24.368413141000076 ], [ 91.042173714000171, 24.368360037000173 ], [ 91.041755466000041, 24.368301952000024 ], [ 91.041143144000159, 24.368096193000156 ], [ 91.040594296000052, 24.367740985000069 ], [ 91.040336419000141, 24.367476344000124 ], [ 91.040108532000033, 24.366735119000168 ], [ 91.040139384000099, 24.366439147 ], [ 91.040345838000121, 24.365905451000117 ], [ 91.040426613000136, 24.365696644000138 ], [ 91.040522533000058, 24.36537087500011 ], [ 91.040553263000106, 24.364984595000124 ], [ 91.04034867900009, 24.364681206000114 ], [ 91.040294412000094, 24.3646003 ], [ 91.040068440000084, 24.364394142000037 ], [ 91.039810297000088, 24.364246902000104 ], [ 91.039423979000105, 24.364098285000125 ], [ 91.038682531000063, 24.363922750000086 ], [ 91.038264539000124, 24.363894005000134 ], [ 91.037813753000137, 24.363924184000041 ], [ 91.036528801000031, 24.364876702000174 ], [ 91.036175582, 24.3650845680001 ], [ 91.034952855000199, 24.36520580500013 ], [ 91.034405587000037, 24.365268243000116 ], [ 91.034051667000085, 24.365239049000024 ], [ 91.033632815000033, 24.365180948000102 ], [ 91.0332140860001, 24.365061885000102 ], [ 91.032568682000033, 24.364648604000081 ], [ 91.031794196000078, 24.36396978900018 ], [ 91.031406484000115, 24.363496046000137 ], [ 91.031051266000077, 24.363229795000052 ], [ 91.031055892000097, 24.363158243000157 ], [ 91.031081928000106, 24.362755463000042 ], [ 91.030919839000092, 24.362370496000096 ], [ 91.030821590000073, 24.361955743000124 ], [ 91.03072246000005, 24.361127833000012 ], [ 91.030655349000085, 24.36029744700005 ], [ 91.030620755000029, 24.359525541000153 ], [ 91.030843137000147, 24.358607394000103 ], [ 91.031035431000078, 24.358310324000058 ], [ 91.031323663000137, 24.357687491000149 ], [ 91.031418734000056, 24.357330124000157 ], [ 91.031449532000124, 24.356797092000079 ], [ 91.030897534000133, 24.355434921999972 ], [ 91.030831850000197, 24.354931898000132 ], [ 91.030830095000113, 24.354487136999978 ], [ 91.0312791180001, 24.353863210000156 ], [ 91.031278331000124, 24.353538103000176 ], [ 91.030858576000071, 24.353211329000146 ], [ 91.030182956000147, 24.353243013999986 ], [ 91.029828122000083, 24.353096412000127 ], [ 91.02960091500006, 24.352504173000057 ], [ 91.02950256600019, 24.351999111 ], [ 91.02940494700016, 24.351584353000192 ], [ 91.02921060500006, 24.351170250000109 ], [ 91.029016474000116, 24.350934506000158 ], [ 91.028758370000048, 24.350787246000039 ], [ 91.028436528000043, 24.350757821000172 ], [ 91.027761013000031, 24.350877544000014 ], [ 91.027213928000151, 24.350878993000094 ], [ 91.026794921000032, 24.35064251200015 ], [ 91.02634370300018, 24.350613958000054 ], [ 91.025957461000189, 24.35046756100013 ], [ 91.025356459000022, 24.350788303 ], [ 91.025121923000199, 24.350913468000158 ], [ 91.024942262000138, 24.351247897000064 ], [ 91.024897938000038, 24.351330404 ], [ 91.024856227000043, 24.351353263000078 ], [ 91.024804099000164, 24.351286767000033 ], [ 91.023989460000166, 24.351178063000134 ], [ 91.023634672000128, 24.350882438999975 ], [ 91.023376573000178, 24.350735170000178 ], [ 91.022603986000092, 24.350735866000036 ], [ 91.022347270000182, 24.350913700000035 ], [ 91.022322572000121, 24.350950432000047 ], [ 91.022187147000182, 24.351151841000103 ], [ 91.02212336600013, 24.35141868200003 ], [ 91.02180353500006, 24.35210041400012 ], [ 91.021577952000143, 24.352193500000055 ], [ 91.021520960000032, 24.352314979000028 ], [ 91.021231731000171, 24.352434329000175 ], [ 91.020975025000098, 24.352614417000154 ], [ 91.02020309500017, 24.352852159000065 ], [ 91.019044788000144, 24.353004441000053 ], [ 91.017918177000126, 24.353036842000165 ], [ 91.017016816000023, 24.35303837500004 ], [ 91.016655286000173, 24.353100855000037 ], [ 91.016083991000016, 24.35318912300005 ], [ 91.01553716799998, 24.353456941000047 ], [ 91.015151675000197, 24.353635624000162 ], [ 91.014444751000099, 24.353992560000052 ], [ 91.014155277000157, 24.354082549000111 ], [ 91.013383576000138, 24.354351862000101 ], [ 91.012683126000127, 24.354647164000028 ], [ 91.012066287000152, 24.355123773000116 ], [ 91.011905524999975, 24.355361908000191 ], [ 91.011818291000054, 24.355667806999975 ], [ 91.011778447000154, 24.355807528000071 ], [ 91.010909986000115, 24.356075218000058 ], [ 91.010765149000122, 24.35616861800014 ], [ 91.010492537000118, 24.356344414000091 ], [ 91.010301266000056, 24.357086223000124 ], [ 91.010366923000049, 24.357440250000025 ], [ 91.010561781000035, 24.358003385000131 ], [ 91.010627458000044, 24.358359670000027 ], [ 91.010855556000081, 24.359306396000022 ], [ 91.011083258000099, 24.360047670000085 ], [ 91.011116283000035, 24.360404173 ], [ 91.011052791000111, 24.360788410999987 ], [ 91.010796938, 24.361234890999981 ], [ 91.010630373000197, 24.36138807400016 ], [ 91.010507611000151, 24.36150097400008 ], [ 91.009897616000046, 24.361888853000096 ], [ 91.009190167000042, 24.362187069000072 ], [ 91.008643576, 24.362335200000189 ], [ 91.00825734600005, 24.362425820000055 ], [ 91.007710387000145, 24.362605561000066 ], [ 91.007356658000106, 24.362754664000079 ], [ 91.00600625300001, 24.363172279000082 ], [ 91.004912375000117, 24.363382731000058 ], [ 91.004332575000092, 24.363384317000055 ], [ 91.003013555000052, 24.363564636000149 ], [ 91.002562757000021, 24.363594711000019 ], [ 91.002261597000143, 24.363755965000053 ], [ 91.001952247000133, 24.363921603000108 ], [ 91.00108031000002, 24.362974598000164 ], [ 90.999497626000164, 24.361201428000186 ], [ 90.999336170000163, 24.360963173000073 ], [ 90.999077772000078, 24.360698463 ], [ 90.998658069000101, 24.360371598000086 ], [ 90.998638989000085, 24.360330289000103 ], [ 90.998940701000038, 24.360157074000085 ], [ 90.998681831999988, 24.35959660300017 ], [ 90.998164842000051, 24.358884303000025 ], [ 90.997744006000062, 24.358175885000037 ], [ 90.997355811000148, 24.357464994000111 ], [ 90.996515596000165, 24.356310041000029 ], [ 90.996127505000118, 24.355689455000174 ], [ 90.995577893000132, 24.354977360000134 ], [ 90.995126285000083, 24.354506199000184 ], [ 90.994157120000068, 24.353322726000044 ], [ 90.992057573000181, 24.350895853000054 ], [ 90.991636940000092, 24.350126457000158 ], [ 90.991021397000054, 24.348615533000043 ], [ 90.990244689000122, 24.347135009999988 ], [ 90.989952837000146, 24.346364767000125 ], [ 90.989367167000182, 24.344174060000171 ], [ 90.98891549200016, 24.342905924000036 ], [ 90.988718263000123, 24.34248498 ], [ 90.988653359000068, 24.342218988000013 ], [ 90.988199122000083, 24.341002764000109 ], [ 90.988165959000071, 24.340619163999975 ], [ 90.988191375000042, 24.34056606200005 ], [ 90.988293872999975, 24.340351916000088 ], [ 90.989291867000134, 24.340349926000101 ], [ 90.98983943900015, 24.340495366000084 ], [ 90.990129447000186, 24.340554433000079 ], [ 90.99067672100017, 24.340582469000083 ], [ 90.991545513000119, 24.34052261 ], [ 90.992382337000038, 24.340551001000108 ], [ 90.992833039000061, 24.3405187030001 ], [ 90.9940233210001, 24.340368671000135 ], [ 90.994463415000098, 24.340174342000125 ], [ 90.994543730000089, 24.339988651000169 ], [ 90.994542262000152, 24.339485184000125 ], [ 90.994766876000085, 24.339217298 ], [ 90.994966097000145, 24.339102217000175 ], [ 90.995049470000197, 24.339002782000023 ], [ 90.995563398000115, 24.338705904000165 ], [ 90.995981141000129, 24.338556408000045 ], [ 90.996528334000175, 24.338496371000133 ], [ 90.997237559000155, 24.338909393 ], [ 90.998395999000081, 24.338786628999969 ], [ 90.999038756000061, 24.338579203000052 ], [ 90.999713513000188, 24.338132240000107 ], [ 91.000163670000063, 24.337953168000013 ], [ 91.000935703000039, 24.337891633000027 ], [ 91.001772898000127, 24.337890623000078 ], [ 91.002094780000107, 24.33800815800015 ], [ 91.002320659000077, 24.338216637000073 ], [ 91.00251543000013, 24.338777528000037 ], [ 91.002773964000198, 24.338985791000141 ], [ 91.003224135000039, 24.339043772000025 ], [ 91.004093502000103, 24.338981577000141 ], [ 91.004216968000037, 24.338910247000115 ], [ 91.004356556000062, 24.3387815910001 ], [ 91.004965649999974, 24.3379783150001 ], [ 91.005157895000195, 24.337593226000081 ], [ 91.005414206000182, 24.337207713999987 ], [ 91.005759527000066, 24.336845088000189 ], [ 91.006055797000045, 24.336465179000129 ], [ 91.006376301000103, 24.336018277999983 ], [ 91.00666368200018, 24.335278090000031 ], [ 91.006854333000035, 24.334536286000116 ], [ 91.007335210000122, 24.333882866000067 ], [ 91.007333360000132, 24.33325974100012 ], [ 91.007492618000185, 24.332755209000084 ], [ 91.007588220000116, 24.332458808000183 ], [ 91.007843227000137, 24.331599174000132 ], [ 91.008002216000079, 24.330828228000087 ], [ 91.008353309000086, 24.329967954000153 ], [ 91.008673707000128, 24.329432998000129 ], [ 91.009186686000191, 24.328869667000106 ], [ 91.010374228000046, 24.327769019000186 ], [ 91.011819235000132, 24.32666890400003 ], [ 91.013167660000079, 24.325510717000043 ], [ 91.013776505000067, 24.324768371000062 ], [ 91.014545979000161, 24.323699835000127 ], [ 91.014802085000042, 24.323373007999976 ], [ 91.014962337000156, 24.323076171000025 ], [ 91.015122207000047, 24.322808690000045 ], [ 91.015410867000128, 24.322393594000118 ], [ 91.015506679000055, 24.322126538000077 ], [ 91.015698048000161, 24.321560822000151 ], [ 91.015825245000144, 24.321058753999978 ], [ 91.015856513000074, 24.32073117200008 ], [ 91.015821811000194, 24.319932163000146 ], [ 91.015755020000086, 24.319280125000034 ], [ 91.015431948000185, 24.318776550000166 ], [ 91.015109063000182, 24.31845133700017 ], [ 91.014109753000128, 24.317801011000029 ], [ 91.013594267000087, 24.317653187000019 ], [ 91.012949886000172, 24.317330114000072 ], [ 91.012595153, 24.31718121200015 ], [ 91.012079687000039, 24.317035637000117 ], [ 91.011241799000118, 24.316621282000028 ], [ 91.01050078500009, 24.316149830000086 ], [ 91.010113951000108, 24.315913084000044 ], [ 91.009662214000116, 24.31564741699998 ], [ 91.008662407000088, 24.314850305000107 ], [ 91.008468506000099, 24.314553569999987 ], [ 91.008048543000086, 24.314021275000073 ], [ 91.007660999000166, 24.313459408000085 ], [ 91.007498586000111, 24.313015710000116 ], [ 91.00736841100013, 24.312598891 ], [ 91.007237867000129, 24.311978876000126 ], [ 91.007172692000154, 24.311681285000134 ], [ 91.007139233000146, 24.311266083000021 ], [ 91.006848162000153, 24.310674224000024 ], [ 91.006557579000173, 24.310378128000025 ], [ 91.006733197000131, 24.310079665000103 ], [ 91.006749629000069, 24.31005174 ], [ 91.006748678000065, 24.309697280000023 ], [ 91.006649029000073, 24.308776779000141 ], [ 91.006680566000114, 24.308480805000158 ], [ 91.006807772000172, 24.307976484999983 ], [ 91.006935306000059, 24.30759182100013 ], [ 91.007223714000133, 24.307145132000016 ], [ 91.007544488, 24.306820145000074 ], [ 91.007726562000187, 24.306707354000082 ], [ 91.007826989000023, 24.306605607000051 ], [ 91.00850116700002, 24.306187963000184 ], [ 91.008983936000106, 24.306098963000068 ], [ 91.009851996000179, 24.305978047 ], [ 91.010142164, 24.306066427000076 ], [ 91.010720436999975, 24.305827773000033 ], [ 91.011235210000052, 24.305736297000067 ], [ 91.011717589000057, 24.305676640000058 ], [ 91.012586362000093, 24.305646015999969 ], [ 91.013004525000156, 24.305643224000107 ], [ 91.013777158000039, 24.305759990000183 ], [ 91.01419605600006, 24.305849759000068 ], [ 91.015161136000131, 24.305847827999969 ], [ 91.015643263000186, 24.305756552000105 ], [ 91.015951618000031, 24.305566773000123 ], [ 91.016221822000148, 24.305400473000191 ], [ 91.016380673000072, 24.304776273000073 ], [ 91.016476004000083, 24.304450521000092 ], [ 91.016536766000115, 24.303264796000121 ], [ 91.016471593000119, 24.302969468000072 ], [ 91.016628000000196, 24.301575392000188 ], [ 91.016595217000088, 24.301248236999982 ], [ 91.016722142000162, 24.300714560000188 ], [ 91.016753317000166, 24.300298928000075 ], [ 91.016751387, 24.299824812999987 ], [ 91.016761124000197, 24.299655417 ], [ 91.016775138000128, 24.299404713000058 ], [ 91.016763338000032, 24.299237719000075 ], [ 91.016729346000034, 24.299145377000116 ], [ 91.016534538000087, 24.29896606200009 ], [ 91.016413572000033, 24.29885624100018 ], [ 91.015883655000152, 24.298665622000101 ], [ 91.015650644000175, 24.298328517000186 ], [ 91.015555515000187, 24.297518620000062 ], [ 91.015598564000129, 24.296427842000071 ], [ 91.015632979000031, 24.295567409000171 ], [ 91.015414002000114, 24.295367934000126 ], [ 91.015169753000066, 24.295243132000053 ], [ 91.015135814000189, 24.295234329000152 ], [ 91.0144487620002, 24.294952183000078 ], [ 91.014265093000176, 24.294700541000054 ], [ 91.014265910000177, 24.294416059000127 ], [ 91.014322625000148, 24.294352810000134 ], [ 91.014477725000177, 24.294179839000094 ], [ 91.014788513000155, 24.294078379000098 ], [ 91.014936063999983, 24.293924345000107 ], [ 91.015024065000091, 24.293912800000157 ], [ 91.01521852400009, 24.293709794000051 ], [ 91.015563028000031, 24.293664595000109 ], [ 91.015644241000075, 24.293655021000063 ], [ 91.015856550000137, 24.293558776000168 ], [ 91.016156084000045, 24.293511617999968 ], [ 91.016192287000138, 24.293491966000147 ], [ 91.016257882000104, 24.293414289 ], [ 91.016342311000074, 24.293190208000055 ], [ 91.016361114000119, 24.293153958000062 ], [ 91.016361631999985, 24.292986882000093 ], [ 91.016467645000148, 24.292843933000086 ], [ 91.016537360000143, 24.292782506000037 ], [ 91.016733289000115, 24.292608338000036 ], [ 91.01633023800008, 24.292103875000123 ], [ 91.016171961000055, 24.292102675000024 ], [ 91.016012973000045, 24.292243720000045 ], [ 91.015802099000155, 24.292288027000097 ], [ 91.01538128500016, 24.291952178000088 ], [ 91.014959315000056, 24.292090461999976 ], [ 91.014275971000188, 24.291419959000052 ], [ 91.014225673000112, 24.290514938 ], [ 91.014331944000105, 24.290326834000098 ], [ 91.014490697000042, 24.290233206000153 ], [ 91.014648970000053, 24.290234407000185 ], [ 91.015069398000037, 24.290522847000034 ], [ 91.015228390000061, 24.290381806000028 ], [ 91.015387538000084, 24.289956392000192 ], [ 91.015698161999978, 24.289854595000179 ], [ 91.01611896999998, 24.290190444000189 ], [ 91.016329840000026, 24.290146136000033 ], [ 91.016488826000057, 24.290005091000012 ], [ 91.016647099000068, 24.290006291000111 ], [ 91.017066957, 24.290531795000106 ], [ 91.017136669000081, 24.290470367000125 ], [ 91.017648477000193, 24.2900153920001 ], [ 91.018281330000036, 24.290067595000039 ], [ 91.01854444200012, 24.290165175000141 ], [ 91.01917546300001, 24.290836008000099 ], [ 91.020600205000164, 24.290420051000069 ], [ 91.021549935000053, 24.290284977000113 ], [ 91.021962182000152, 24.290209106000134 ], [ 91.022288434000131, 24.290149061000022 ], [ 91.022447178000107, 24.290055425000105 ], [ 91.022500557000171, 24.289723178000031 ], [ 91.022185428000114, 24.289436305000038 ], [ 91.021975221000048, 24.289101316000142 ], [ 91.021976241000118, 24.28876716200017 ], [ 91.022612179000191, 24.28782140300018 ], [ 91.022666407000031, 24.287441737000051 ], [ 91.022644898000124, 24.287220954000134 ], [ 91.023075684000048, 24.287575156000116 ], [ 91.023603538000032, 24.287436135000121 ], [ 91.02386586900019, 24.287820443000101 ], [ 91.023916309000072, 24.288580963000129 ], [ 91.023860505000073, 24.289531851000106 ], [ 91.02412353200009, 24.289771658000177 ], [ 91.024386648000188, 24.289869224000086 ], [ 91.024491873999978, 24.290013010000052 ], [ 91.024488889, 24.290868715000045 ], [ 91.024593084, 24.291344397000159 ], [ 91.024907209000162, 24.291965416000153 ], [ 91.025170243000105, 24.292205220000085 ], [ 91.025908894000167, 24.292164112000023 ], [ 91.026964184000121, 24.291983135000066 ], [ 91.027438390999976, 24.291986703000191 ], [ 91.027753787000165, 24.292228406000049 ], [ 91.027911039, 24.292561488000047 ], [ 91.028069250000044, 24.292707170000028 ], [ 91.028332374000172, 24.292804731000047 ], [ 91.029386880000175, 24.292908220000129 ], [ 91.030546553000136, 24.292918422000128 ], [ 91.031073870000171, 24.293016441000134 ], [ 91.032761198000117, 24.292937248000044 ], [ 91.034344574000045, 24.292569753000123 ], [ 91.03539992900005, 24.29224648200011 ], [ 91.036614304000068, 24.291637642000182 ], [ 91.037247705000198, 24.291452701000082 ], [ 91.038356690000171, 24.290986803000067 ], [ 91.039255337000043, 24.290328173000091 ], [ 91.039206546000173, 24.288949031000016 ], [ 91.03908721300013, 24.288578123999969 ], [ 91.03894562000005, 24.288138027000059 ], [ 91.038894175000166, 24.287567171000092 ], [ 91.038529986000128, 24.285946347000106 ], [ 91.038583034000112, 24.285806003000062 ], [ 91.038479464000034, 24.285185833000071 ], [ 91.038482053000166, 24.284519782000132 ], [ 91.0381700060002, 24.282948268000098 ], [ 91.038224722000109, 24.282331531000182 ], [ 91.038383426999985, 24.282235621000041 ], [ 91.039080186000035, 24.282398796000109 ], [ 91.040069538000182, 24.28263048600013 ], [ 91.040227414000071, 24.282584250000184 ], [ 91.040492134000147, 24.282349891000081 ], [ 91.040473871000131, 24.282300345000067 ], [ 91.040500138000084, 24.282198566000091 ], [ 91.040492895000114, 24.282065410000087 ], [ 91.040232029000038, 24.281109916000048 ], [ 91.039842603000125, 24.280124884000088 ], [ 91.03976112600003, 24.279918791 ], [ 91.039448774000107, 24.278536931000076 ], [ 91.039346585000089, 24.277632276000077 ], [ 91.03924181800005, 24.277393670000095 ], [ 91.039242866000166, 24.276917280000077 ], [ 91.039033555000174, 24.276392658000191 ], [ 91.039192572000047, 24.276109353000095 ], [ 91.039141447000191, 24.275728143000038 ], [ 91.039249465000069, 24.274776895000173 ], [ 91.039185569000097, 24.274121774999969 ], [ 91.039147358000037, 24.273730000000171 ], [ 91.039200152000149, 24.273634814000104 ], [ 91.039148658000158, 24.273208452000176 ], [ 91.039255395000055, 24.272781008000152 ], [ 91.039202886000055, 24.272684285000082 ], [ 91.039310545000149, 24.272067184999969 ], [ 91.039826196000092, 24.270231660999968 ], [ 91.039909356000067, 24.269754967000154 ], [ 91.040708767000183, 24.266909255000087 ], [ 91.042139724000037, 24.264352719000101 ], [ 91.043010101, 24.263247059000093 ], [ 91.043401504000144, 24.262749844999973 ], [ 91.043515665000086, 24.262604819999979 ], [ 91.044573377000063, 24.261473202000161 ], [ 91.045244779000143, 24.260874532000173 ], [ 91.045805805000043, 24.260374274000185 ], [ 91.046189503000164, 24.260032135000188 ], [ 91.046555388000172, 24.259705875 ], [ 91.046989470000199, 24.259318803000156 ], [ 91.047342610000101, 24.259003901000028 ], [ 91.047468056000184, 24.258892040000092 ], [ 91.048303409000084, 24.25814713200009 ], [ 91.048485043000198, 24.257985162000011 ], [ 91.048714133000146, 24.257576897000092 ], [ 91.048802994000141, 24.257418535000113 ], [ 91.049225695000018, 24.25708824600008 ], [ 91.049596584000085, 24.256521251000152 ], [ 91.049808788000064, 24.256047919000082 ], [ 91.049841595000032, 24.255844495000076 ], [ 91.049862082, 24.255715663000103 ], [ 91.050020810000035, 24.255477504 ], [ 91.050075172000049, 24.255050415000142 ], [ 91.050341281000158, 24.254244821999976 ], [ 91.050661854000111, 24.252725402000067 ], [ 91.050984334000134, 24.250539937000156 ], [ 91.051487687000133, 24.248700057000121 ], [ 91.051996745000167, 24.246839270000123 ], [ 91.052023147000057, 24.24660653900014 ], [ 91.052071497000156, 24.246184915000072 ], [ 91.052105286000199, 24.245890267 ], [ 91.052108365000151, 24.244842651 ], [ 91.05200427800014, 24.244461811000122 ], [ 91.051377157000047, 24.242459009000129 ], [ 91.051010327000085, 24.241790993000109 ], [ 91.050801466000109, 24.241169296000123 ], [ 91.049753826000142, 24.238925552000069 ], [ 91.04875752200013, 24.23715783 ], [ 91.047762677000151, 24.234963376000167 ], [ 91.047185692000085, 24.233958132000112 ], [ 91.046296604000077, 24.231668112000023 ], [ 91.045929538000053, 24.231189734000054 ], [ 91.044510267000135, 24.229847084000141 ], [ 91.044195526000124, 24.229368345000069 ], [ 91.043932593000136, 24.229128568000192 ], [ 91.044590036000102, 24.228909263000105 ], [ 91.046486700000173, 24.228276567000137 ], [ 91.04592556900019, 24.226525334000087 ], [ 91.045559273000094, 24.225762474000021 ], [ 91.044944202000067, 24.224140482000109 ], [ 91.044618245000038, 24.223280887000158 ], [ 91.044146143000034, 24.22237199000017 ], [ 91.043885585000169, 24.221515830000044 ], [ 91.043797084, 24.221354616000042 ], [ 91.043675669000038, 24.221133450000025 ], [ 91.043604582000057, 24.220805505000158 ], [ 91.043572070000039, 24.220655517000182 ], [ 91.043309457000078, 24.220226084000103 ], [ 91.043099931000143, 24.219891115000166 ], [ 91.043100620000132, 24.219748870000046 ], [ 91.042575084000191, 24.21907740000006 ], [ 91.04225917600013, 24.218980221000095 ], [ 91.041732311000146, 24.21897705300006 ], [ 91.040994015000194, 24.21916046500013 ], [ 91.040783805, 24.21896773300017 ], [ 91.04047033500018, 24.218109669000057 ], [ 91.040001414000187, 24.216297636000093 ], [ 91.040058742000156, 24.216229459999965 ], [ 91.040159899000059, 24.216109161000077 ], [ 91.041156058000183, 24.215691938000077 ], [ 91.043061369000156, 24.215231366000182 ], [ 91.044047076000084, 24.21485857600004 ], [ 91.044490607000114, 24.214996418000112 ], [ 91.044989623, 24.21520973600019 ], [ 91.045547840000097, 24.215449893000027 ], [ 91.046069215000159, 24.215674199000148 ], [ 91.046430732000147, 24.215766097000085 ], [ 91.046590565000145, 24.215806727000086 ], [ 91.047228049000125, 24.215968774000089 ], [ 91.047550429000182, 24.216116854000063 ], [ 91.048070366000104, 24.216166177000161 ], [ 91.048261659000048, 24.216090716000053 ], [ 91.048681996000084, 24.215924901999983 ], [ 91.050001117000079, 24.215884801000129 ], [ 91.05108287500002, 24.215851906000182 ], [ 91.052198310000051, 24.215518731000088 ], [ 91.053032748000192, 24.21526948200011 ], [ 91.053300511000032, 24.21512539500003 ], [ 91.053985838000187, 24.215139153999985 ], [ 91.054969379999989, 24.215158895000116 ], [ 91.05627404300003, 24.215185070000075 ], [ 91.057231383000044, 24.215204270000072 ], [ 91.057597308000197, 24.21518620400019 ], [ 91.05808281000003, 24.215162233000058 ], [ 91.059240650999982, 24.215260300000068 ], [ 91.05976888500004, 24.215304165000077 ], [ 91.059993243000122, 24.215322796000123 ], [ 91.060497864000183, 24.215305645 ], [ 91.061162874000161, 24.215283040000031 ], [ 91.061584864000054, 24.215481039000167 ], [ 91.06195910100007, 24.215338451999969 ], [ 91.062171436000142, 24.215339229000108 ], [ 91.063144318000127, 24.215422118000163 ], [ 91.063445071000046, 24.215447741000048 ], [ 91.063658245000113, 24.215401100000179 ], [ 91.064093467000077, 24.215452141000071 ], [ 91.064984588000186, 24.215556644000117 ], [ 91.065941045000159, 24.215563500000144 ], [ 91.06707738700004, 24.215474572000062 ], [ 91.068761013000085, 24.215342797000062 ], [ 91.070635592000031, 24.215290610000125 ], [ 91.071472637999989, 24.215267298000128 ], [ 91.072391664000179, 24.215141169000105 ], [ 91.072484500000087, 24.21512922800008 ], [ 91.073060742000109, 24.215133330000072 ], [ 91.07360036, 24.215137169000116 ], [ 91.07525068200016, 24.214956197000049 ], [ 91.075567042000046, 24.215105231000109 ], [ 91.076103130000149, 24.214816969000083 ], [ 91.076829253000085, 24.214687395 ], [ 91.077137698000115, 24.21463235300007 ], [ 91.078448122, 24.214398501000119 ], [ 91.078556254000091, 24.214302914000086 ], [ 91.079035305000048, 24.214258879999988 ], [ 91.079826091000086, 24.21401489200008 ], [ 91.080263596000123, 24.213879903000191 ], [ 91.081650260000117, 24.213599133000059 ], [ 91.081945621000102, 24.213518198000031 ], [ 91.082781527000179, 24.213289139000153 ], [ 91.083198178000089, 24.213174964000018 ], [ 91.084285915000123, 24.212733185000161 ], [ 91.085659429000088, 24.2121753240001 ], [ 91.085770338000145, 24.212155754999969 ], [ 91.085917683000162, 24.21212975800006 ], [ 91.086141731000055, 24.211934824000082 ], [ 91.086176922, 24.211919128000034 ], [ 91.086227023000163, 24.211896782000167 ], [ 91.086423891000095, 24.211720150000076 ], [ 91.086844483999982, 24.21153254900014 ], [ 91.087164576000191, 24.21143788400019 ], [ 91.088614292000045, 24.211009128000057 ], [ 91.088879367000061, 24.211061414000142 ], [ 91.089198982000141, 24.211013978000096 ], [ 91.089358687000129, 24.211041266000052 ], [ 91.090099416000044, 24.211167833000161 ], [ 91.09120521900013, 24.211805621000167 ], [ 91.091320660000179, 24.211941216000071 ], [ 91.091413469000145, 24.212050228000066 ], [ 91.091566336000085, 24.212439722000113 ], [ 91.09157937000009, 24.212497226999972 ], [ 91.09176457500007, 24.213314303000118 ], [ 91.091779335000183, 24.213436950000016 ], [ 91.091857960000027, 24.214090296000109 ], [ 91.091844062000121, 24.214914465000163 ], [ 91.09161129000006, 24.216126281000072 ], [ 91.09153025300003, 24.216320837000183 ], [ 91.091417650000039, 24.21659118000008 ], [ 91.091077037000161, 24.217408932000069 ], [ 91.090947265000125, 24.217720486000076 ], [ 91.090730087000054, 24.218104 ], [ 91.090618631999973, 24.218300817000056 ], [ 91.090203777000056, 24.218929715 ], [ 91.089855467000177, 24.219457728000123 ], [ 91.089421975, 24.219939467000074 ], [ 91.089420334000124, 24.220036564000054 ], [ 91.089041208000026, 24.220470501000136 ], [ 91.087854352000079, 24.22152883300015 ], [ 91.087577819000046, 24.221738478000191 ], [ 91.086778051000124, 24.222344788000044 ], [ 91.085008047000031, 24.22330114500005 ], [ 91.083557107000047, 24.223927276000097 ], [ 91.083241917000066, 24.224063289000071 ], [ 91.082223433000195, 24.22458981 ], [ 91.081148928, 24.225261220000164 ], [ 91.081004851999978, 24.225389581 ], [ 91.080866730000139, 24.22547588600014 ], [ 91.079896008000105, 24.226340715 ], [ 91.07908244500004, 24.227303763000123 ], [ 91.078875612000047, 24.227786269000092 ], [ 91.078750443000104, 24.228078263999976 ], [ 91.078678600999979, 24.229194093000046 ], [ 91.078718164000179, 24.230017887000145 ], [ 91.078763343000105, 24.23019367400002 ], [ 91.078816407000033, 24.230400876000147 ], [ 91.079017293000106, 24.231185275000087 ], [ 91.079473999000072, 24.232498299000042 ], [ 91.079990438000095, 24.233375149000096 ], [ 91.080426322999983, 24.234821896000028 ], [ 91.080443860000116, 24.234880102000034 ], [ 91.08132125800006, 24.236440735000087 ], [ 91.081371720000163, 24.236584872000037 ], [ 91.081314672000076, 24.23682685000017 ], [ 91.081783962000145, 24.23736537700006 ], [ 91.081781493000051, 24.23750988900008 ], [ 91.082044956000061, 24.237657025000033 ], [ 91.082568633000164, 24.238147746000038 ], [ 91.083559319000074, 24.239269560000139 ], [ 91.08492330200005, 24.240348071000085 ], [ 91.085714758000165, 24.240692372000069 ], [ 91.087249676000113, 24.241092320000121 ], [ 91.088841636000041, 24.241250267000112 ], [ 91.091446469000175, 24.241222576000041 ], [ 91.09272362500019, 24.241134391000116 ], [ 91.093891013000132, 24.241238889000101 ], [ 91.094104212000104, 24.241192204000015 ], [ 91.094527969000069, 24.241293007000138 ], [ 91.094635280000148, 24.241244828000106 ], [ 91.09475089700004, 24.241249420000145 ], [ 91.096175329000118, 24.241305988000022 ], [ 91.098294288000034, 24.241758056000151 ], [ 91.098623625000187, 24.24178219300012 ], [ 91.099780582999983, 24.241866980999987 ], [ 91.10148445100009, 24.241839814000173 ], [ 91.101854139000125, 24.241833918 ], [ 91.102439977000131, 24.241741625000088 ], [ 91.104354891000128, 24.24165775 ], [ 91.106857277000017, 24.241386704000149 ], [ 91.107001745000105, 24.241346181000097 ], [ 91.109022117000109, 24.240779461999978 ], [ 91.109047052000108, 24.240772468000102 ], [ 91.109633912, 24.24079979600009 ], [ 91.110149158000183, 24.240823547 ], [ 91.110268193000195, 24.240829034 ], [ 91.111114905000079, 24.241077977000089 ], [ 91.113677019000136, 24.241471732000093 ], [ 91.113765361000162, 24.241485308000108 ], [ 91.11489024500014, 24.241543110000123 ], [ 91.11599592400006, 24.241599916000041 ], [ 91.11631319300011, 24.241699181000172 ], [ 91.117058255000131, 24.241655336000179 ], [ 91.118012485, 24.241808624000043 ], [ 91.119022083000061, 24.241817008000055 ], [ 91.120879389000095, 24.241974924000147 ], [ 91.121887174000108, 24.242127794000169 ], [ 91.122149287000184, 24.242324539000037 ], [ 91.12241684300011, 24.242230003000032 ], [ 91.123214045000168, 24.242235407000123 ], [ 91.123601069000074, 24.242292147 ], [ 91.123903134999978, 24.242336431000126 ], [ 91.12539024300014, 24.242395428000123 ], [ 91.126559900000188, 24.242404837000095 ], [ 91.127255661000106, 24.242508138 ], [ 91.128312142000198, 24.24251377000013 ], [ 91.129053398000053, 24.24266631100005 ], [ 91.130593268000098, 24.242774535000137 ], [ 91.13297928500009, 24.243131568000081 ], [ 91.133985666000115, 24.24333177800014 ], [ 91.134357505000082, 24.243335781000042 ], [ 91.1347804830001, 24.243483892000143 ], [ 91.13658169100006, 24.24383619800011 ], [ 91.137590316000114, 24.243941546000144 ], [ 91.1380662360001, 24.244089251000048 ], [ 91.138418180000087, 24.244092231000081 ], [ 91.138491010000052, 24.244092848000037 ], [ 91.139550977999988, 24.244294880999973 ], [ 91.142775223000058, 24.245383744000094 ], [ 91.145790952000084, 24.246623115000091 ], [ 91.146260525000116, 24.246815999000034 ], [ 91.146341450000193, 24.246868311000128 ], [ 91.147627663000094, 24.247699740000087 ], [ 91.149095565000039, 24.2489710320001 ], [ 91.149828721000119, 24.249654089000046 ], [ 91.150714196000138, 24.250776241000153 ], [ 91.15180176500013, 24.252531269000031 ], [ 91.152878049000037, 24.255011093000064 ], [ 91.153346112000122, 24.255646472000137 ], [ 91.153713024000069, 24.25598685600005 ], [ 91.154292365000174, 24.256332405000137 ], [ 91.157629880000172, 24.257034016000034 ], [ 91.158156446000021, 24.257328019999989 ], [ 91.158423221000191, 24.257283094 ], [ 91.160114997000164, 24.257827847000044 ], [ 91.162755480000044, 24.258913948000156 ], [ 91.164232351000123, 24.25965220300003 ], [ 91.166818549000084, 24.260786058000122 ], [ 91.168558458000064, 24.261671255000124 ], [ 91.169980240000086, 24.262504697000168 ], [ 91.170772064000062, 24.262850800000081 ], [ 91.172192915000153, 24.263781307000102 ], [ 91.172298821000197, 24.263782750000132 ], [ 91.172929602000067, 24.264222646000064 ], [ 91.174247920000084, 24.264912350000145 ], [ 91.174405021000041, 24.265057887000182 ], [ 91.174774550000109, 24.26520629700002 ], [ 91.174828905000084, 24.265158471000177 ], [ 91.175209720000055, 24.265462565000121 ], [ 91.17527979, 24.265518849000159 ], [ 91.17556327300008, 24.265746561000128 ], [ 91.175775507000083, 24.265794584000105 ], [ 91.176143475000174, 24.266040087000079 ], [ 91.176567367000075, 24.266140657000051 ], [ 91.176987508000082, 24.266435419000118 ], [ 91.17741060600008, 24.266583408000031 ], [ 91.177938664000067, 24.266829920000191 ], [ 91.178253672000039, 24.267073564999976 ], [ 91.178834856000151, 24.267272252000168 ], [ 91.179941749000193, 24.26786195000011 ], [ 91.180576503000111, 24.268060209999987 ], [ 91.181570631000113, 24.268838987000038 ], [ 91.184067509000158, 24.270484879000151 ], [ 91.184135234000166, 24.270529521000128 ], [ 91.184280969000042, 24.270625625000093 ], [ 91.184625866000033, 24.270853063000061 ], [ 91.18552054800017, 24.271392447000096 ], [ 91.185627076000117, 24.271393870000111 ], [ 91.188099976999979, 24.273011375000124 ], [ 91.189990916000056, 24.274477615000137 ], [ 91.19339513000017, 24.277701964000187 ], [ 91.194439898000098, 24.27887451600003 ], [ 91.195274552000058, 24.27989744600012 ], [ 91.19579354800004, 24.280679030000101 ], [ 91.195844007000176, 24.280872791999968 ], [ 91.196569828000122, 24.282041063000122 ], [ 91.197592907000114, 24.284570615000121 ], [ 91.197928018000027, 24.285871388000032 ], [ 91.19814375600015, 24.286708789000159 ], [ 91.198335072000134, 24.288066391000029 ], [ 91.198419871000169, 24.289424831000133 ], [ 91.198406645000148, 24.290272150000192 ], [ 91.198394108000059, 24.29107538400001 ], [ 91.197830810000198, 24.293059788999983 ], [ 91.197744211000042, 24.293167294999989 ], [ 91.197559938000154, 24.293396056 ], [ 91.196420944000067, 24.293234489000042 ], [ 91.196127525, 24.293192866000084 ], [ 91.195840444000169, 24.293190774999971 ], [ 91.195382975000086, 24.2931874410001 ], [ 91.195124004000036, 24.293272391000187 ], [ 91.194367558000181, 24.29352052400003 ], [ 91.193514750000134, 24.293660429000113 ], [ 91.192451190000043, 24.293652980000161 ], [ 91.192134509000027, 24.293504203000168 ], [ 91.191920496000193, 24.293600698999967 ], [ 91.190751006000085, 24.293591810000066 ], [ 91.189903037000136, 24.293393009000056 ], [ 91.189859582, 24.293388014000072 ], [ 91.18959049200015, 24.293357076000177 ], [ 91.189001157000121, 24.293289444999971 ], [ 91.188048823000031, 24.292992110000171 ], [ 91.187041340000064, 24.29279002100003 ], [ 91.185980138000048, 24.292339423999977 ], [ 91.184718009000107, 24.29180349700016 ], [ 91.184083134000105, 24.291605255000093 ], [ 91.183417118000079, 24.291294565000157 ], [ 91.182921652000118, 24.291063433000033 ], [ 91.181500237000193, 24.290180457000133 ], [ 91.180919121000045, 24.289934372000118 ], [ 91.179812822000088, 24.289297275000081 ], [ 91.178701815000068, 24.288949186000139 ], [ 91.178119140000092, 24.288800187000163 ], [ 91.177800148000188, 24.288798140000097 ], [ 91.176529652000056, 24.288449015000083 ], [ 91.17642531600012, 24.288352739000061 ], [ 91.175948374000086, 24.288250326000025 ], [ 91.175737672000082, 24.288105204000146 ], [ 91.175578177000091, 24.288104184000019 ], [ 91.175473818000057, 24.288005650000059 ], [ 91.175314323000123, 24.288004626000145 ], [ 91.174416579000081, 24.287609705000079 ], [ 91.173992614999975, 24.287509131000093 ], [ 91.173782535000043, 24.287363998000103 ], [ 91.173305618000086, 24.287263831000075 ], [ 91.173041927000043, 24.287114603000134 ], [ 91.172565015000032, 24.287014431000046 ], [ 91.172143265000102, 24.286819010000102 ], [ 91.171930179000071, 24.286816140000042 ], [ 91.171825845000114, 24.286719862999973 ], [ 91.171612763999974, 24.286716992000038 ], [ 91.171349711000175, 24.286570011000038 ], [ 91.170643118000044, 24.286348584000109 ], [ 91.170238747000099, 24.286221862000104 ], [ 91.169071072000179, 24.286068295000064 ], [ 91.168382496000049, 24.285917811000047 ], [ 91.1681188350002, 24.285770830000047 ], [ 91.166792290000103, 24.285616216000051 ], [ 91.166528631000062, 24.285469229000057 ], [ 91.165307831000121, 24.285363455000038 ], [ 91.163453978000121, 24.284914835000052 ], [ 91.162557071000094, 24.284470166000119 ], [ 91.161929381, 24.283836043000122 ], [ 91.16162067700003, 24.283203996000111 ], [ 91.161370447000138, 24.282230586000082 ], [ 91.160681121000096, 24.282129746000066 ], [ 91.159031861000074, 24.282167167000068 ], [ 91.158979690000137, 24.282117896000159 ], [ 91.158851802000186, 24.282155800000112 ], [ 91.158659130000046, 24.282212905000108 ], [ 91.158440340000084, 24.282598378000102 ], [ 91.158382644000085, 24.282890059000181 ], [ 91.158283765000192, 24.285701623000136 ], [ 91.158329424000158, 24.286186677000103 ], [ 91.158318348000137, 24.286866322000094 ], [ 91.158465967000154, 24.287594428000148 ], [ 91.158458838000172, 24.288030214000116 ], [ 91.158842260000142, 24.290652972000089 ], [ 91.159909355000195, 24.294134260000192 ], [ 91.160004231000073, 24.294443775000104 ], [ 91.160109199000033, 24.294542313000079 ], [ 91.160567147000108, 24.295805370000039 ], [ 91.160927277000042, 24.296536364000133 ], [ 91.160925515000088, 24.296680869000113 ], [ 91.161490832000084, 24.297897949000117 ], [ 91.161757547000036, 24.298369296000089 ], [ 91.162317650000091, 24.299359113000037 ], [ 91.162983212000086, 24.300963739999986 ], [ 91.163652268000192, 24.302241573000117 ], [ 91.164958469000169, 24.30473620600003 ], [ 91.165047178000123, 24.304905621000103 ], [ 91.165662385000132, 24.306316460000062 ], [ 91.166024766000191, 24.306950341000174 ], [ 91.166636044000143, 24.308602777000146 ], [ 91.167308032000165, 24.309821269000054 ], [ 91.168025903000114, 24.311475133000101 ], [ 91.168483223000123, 24.312787835 ], [ 91.169406374000062, 24.314927769000121 ], [ 91.17007840500014, 24.316143987000032 ], [ 91.170701603, 24.317071599000087 ], [ 91.170751428000131, 24.317265377000126 ], [ 91.172213300000124, 24.318972175000113 ], [ 91.172946219000096, 24.319704770000044 ], [ 91.173841822000043, 24.320244200000104 ], [ 91.174581831000069, 24.320541004000177 ], [ 91.174739026000054, 24.320688793000045 ], [ 91.175005291000105, 24.32064157700006 ], [ 91.175692315000106, 24.320936527000129 ], [ 91.176086105000195, 24.321054129000061 ], [ 91.176856564000104, 24.321284215999981 ], [ 91.180142930000045, 24.321985669000071 ], [ 91.180353890999982, 24.322085621000156 ], [ 91.18428095500019, 24.322596870999973 ], [ 91.18566227700012, 24.322703486000023 ], [ 91.186032784000133, 24.32280444100013 ], [ 91.189860946000124, 24.322878334000109 ], [ 91.19012471100018, 24.323025270000187 ], [ 91.190446904000112, 24.322833106000076 ], [ 91.193158318000087, 24.322902118000115 ], [ 91.193956162000063, 24.322857465000084 ], [ 91.197683980000136, 24.322543633 ], [ 91.198745595000105, 24.322390741000163 ], [ 91.199927745000025, 24.322221182000078 ], [ 91.200348593000058, 24.322222316000023 ], [ 91.20050658200006, 24.322320403000049 ], [ 91.20104283, 24.322033959000123 ], [ 91.201257638000016, 24.322013543000025 ], [ 91.202001602000109, 24.321942833000037 ], [ 91.202216441000076, 24.321798903000058 ], [ 91.20419006000003, 24.321424290000039 ], [ 91.205632851000132, 24.320997433000173 ], [ 91.206324743000152, 24.320953553000095 ], [ 91.207049274000155, 24.320789839000042 ], [ 91.212569186000167, 24.319542445000025 ], [ 91.212781685000095, 24.319543003000092 ], [ 91.213583214000039, 24.319306320000123 ], [ 91.214382419000174, 24.319214136000141 ], [ 91.215130197000065, 24.319025285000066 ], [ 91.216616760000022, 24.318803416000094 ], [ 91.216675799000029, 24.318793914000025 ], [ 91.216960528000072, 24.318735688000174 ], [ 91.217040666000116, 24.318719299000122 ], [ 91.21756113400005, 24.31861286700007 ], [ 91.217819733, 24.318559983000114 ], [ 91.219110802000159, 24.318295953000131 ], [ 91.21966332500017, 24.318182956000101 ], [ 91.220495624000193, 24.318071867000072 ], [ 91.221049214000175, 24.317997975000139 ], [ 91.221272932000034, 24.317932112000108 ], [ 91.221530120000125, 24.31785639300017 ], [ 91.222420529000033, 24.317777693000039 ], [ 91.222541826, 24.317766971000026 ], [ 91.22382267100005, 24.317483478000099 ], [ 91.22394864000006, 24.317457584000124 ], [ 91.224953109000126, 24.31725110300016 ], [ 91.226037871000187, 24.317028107 ], [ 91.227023395000174, 24.316825506000043 ], [ 91.228114513000037, 24.316680161000193 ], [ 91.230487740000058, 24.316364 ], [ 91.231274111000175, 24.316289460000121 ], [ 91.232883880000031, 24.316136858000107 ], [ 91.234690931000102, 24.316198932000077 ], [ 91.235485371000095, 24.31644532200005 ], [ 91.235879566000108, 24.316707967000184 ], [ 91.236166266000055, 24.316898988999981 ], [ 91.236221825000086, 24.316936005000059 ], [ 91.236908209000035, 24.3172803490001 ], [ 91.237745134000079, 24.318158518000189 ], [ 91.238213083000176, 24.318841019000104 ], [ 91.238522870000168, 24.319472885000152 ], [ 91.238823672000194, 24.320637622000163 ], [ 91.238864345000081, 24.321463582000092 ], [ 91.238964195000165, 24.321851079000112 ], [ 91.23899373200004, 24.322646427 ], [ 91.239000907000161, 24.322839621000185 ], [ 91.239039442000092, 24.323889100000088 ], [ 91.239027284000144, 24.324665823000089 ], [ 91.238838477000058, 24.326005930000065 ], [ 91.238758935000078, 24.326570499000127 ], [ 91.238747391000175, 24.326652440000089 ], [ 91.238730839000198, 24.326769916000046 ], [ 91.238566412000182, 24.32793695200013 ], [ 91.23854961700016, 24.328056156000059 ], [ 91.238289256000201, 24.329162537 ], [ 91.238163762000113, 24.329695805000085 ], [ 91.238150921, 24.329750371000159 ], [ 91.237786952000192, 24.330892785 ], [ 91.23777229600006, 24.330938787000093 ], [ 91.237703811000131, 24.331153745000108 ], [ 91.23758198500019, 24.331593500000167 ], [ 91.237421727000083, 24.332171976000097 ], [ 91.237412453000047, 24.3321970450001 ], [ 91.237080521999985, 24.333094229999972 ], [ 91.236867115, 24.333671044000141 ], [ 91.236151571000164, 24.335218833 ], [ 91.235944343000028, 24.335585148000064 ], [ 91.235901690000162, 24.335660545000167 ], [ 91.235167447000094, 24.336958444000174 ], [ 91.234571540000047, 24.337633809000181 ], [ 91.234569995000186, 24.337728642000116 ], [ 91.233690933000105, 24.338973698000075 ], [ 91.233517498000083, 24.339219338000191 ], [ 91.233428568000193, 24.339322778000053 ], [ 91.233191753000199, 24.339578903000188 ], [ 91.232671401000118, 24.340141676000087 ], [ 91.232577787000196, 24.340287906000128 ], [ 91.2320099370001, 24.341174906000163 ], [ 91.230599580000046, 24.343377869999983 ], [ 91.230554005000101, 24.343432630000109 ], [ 91.229515610000078, 24.344680278000112 ], [ 91.228865112000051, 24.345450885 ], [ 91.228297033000047, 24.346281672000089 ], [ 91.227939922000076, 24.346803923000039 ], [ 91.22620231000019, 24.34907108800013 ], [ 91.226028960000065, 24.349225556000135 ], [ 91.225555443000076, 24.349647494000067 ], [ 91.225498038000183, 24.349891785000125 ], [ 91.223374167000031, 24.352302083000041 ], [ 91.223332152000012, 24.352349762000188 ], [ 91.221766239000033, 24.353843392000101 ], [ 91.219772842000054, 24.355478158000039 ], [ 91.2189089150001, 24.356297852000182 ], [ 91.217990221000093, 24.357310314000074 ], [ 91.217771879000168, 24.357550939000191 ], [ 91.217241949000197, 24.358023198000126 ], [ 91.216310590000091, 24.358853192000026 ], [ 91.216248109, 24.358908872000029 ], [ 91.215984978000165, 24.359143361000122 ], [ 91.215501530000154, 24.359574728000041 ], [ 91.215304143000083, 24.359692472 ], [ 91.214930456000161, 24.359788031 ], [ 91.213920727000186, 24.359732909000058 ], [ 91.213600026, 24.359828032000053 ], [ 91.213488425000094, 24.359992327000043 ], [ 91.213436578000199, 24.360068653000155 ], [ 91.213420414000097, 24.361086973 ], [ 91.213510073000123, 24.362154114000134 ], [ 91.213611282000045, 24.362494206 ], [ 91.214120576000084, 24.363953070000093 ], [ 91.214379226000176, 24.364391236000131 ], [ 91.21464080700008, 24.364684888999989 ], [ 91.215744089000054, 24.365563292000104 ], [ 91.216956329000141, 24.366300839000132 ], [ 91.2189089150001, 24.367330431000028 ], [ 91.21996558100011, 24.367775713000128 ], [ 91.222032643000091, 24.368273799000121 ], [ 91.222776098000054, 24.368376170000147 ], [ 91.223464400000125, 24.368573801000082 ], [ 91.224872396000137, 24.368720547000123 ], [ 91.224952072000121, 24.368728850000025 ], [ 91.225749295000128, 24.36878335900019 ], [ 91.226761398000065, 24.36869389900005 ], [ 91.227348299000084, 24.368598842000097 ], [ 91.229060170000025, 24.36797993100015 ], [ 91.229803538000112, 24.36788840000014 ], [ 91.231305335000116, 24.367268621999983 ], [ 91.231730097000082, 24.367229047000023 ], [ 91.231784887000174, 24.367224086000022 ], [ 91.232203810999977, 24.367663173000039 ], [ 91.234828885000127, 24.369910714000127 ], [ 91.236038957000062, 24.37079035000005 ], [ 91.236407962000158, 24.371035679000045 ], [ 91.237560664000114, 24.372159592 ], [ 91.239697858, 24.375034124000024 ], [ 91.24101322100006, 24.377194056 ], [ 91.241150705000052, 24.377419812000028 ], [ 91.241652209000165, 24.378673191000075 ], [ 91.242124038000043, 24.379852312000025 ], [ 91.242227603000174, 24.380045616000075 ], [ 91.242909934000068, 24.380631515000118 ], [ 91.243650443000149, 24.380927955000118 ], [ 91.244341127000098, 24.380980983000086 ], [ 91.244662630000107, 24.380838373000188 ], [ 91.24562256300004, 24.38069954100007 ], [ 91.246481933000098, 24.380170970000108 ], [ 91.247285277000117, 24.379837004000024 ], [ 91.249217342, 24.378732926000168 ], [ 91.250176511000063, 24.378643737000175 ], [ 91.251301302000172, 24.378164875000152 ], [ 91.252476076, 24.377881999000181 ], [ 91.25306150900002, 24.377886186000069 ], [ 91.253534293000087, 24.378277357000059 ], [ 91.254053279000061, 24.379103861000033 ], [ 91.254628915000069, 24.379737996000188 ], [ 91.254945116000044, 24.379934048000052 ], [ 91.256162225000082, 24.380379995999988 ], [ 91.256634266000162, 24.380818571000134 ], [ 91.256670056000075, 24.381197556000131 ], [ 91.256679731000077, 24.381303577000153 ], [ 91.256401336000067, 24.382127652 ], [ 91.255695567000032, 24.383043315 ], [ 91.255230975000131, 24.383642363000035 ], [ 91.254610039000113, 24.384442990000082 ], [ 91.25336637700002, 24.385744630000147 ], [ 91.253040352000141, 24.386178531000098 ], [ 91.252438145000156, 24.387289732999989 ], [ 91.252059118000147, 24.387724067000079 ], [ 91.251025170000048, 24.388543925000022 ], [ 91.25075011500013, 24.388756704000173 ], [ 91.250435051000181, 24.38885317300003 ], [ 91.249265649000051, 24.389211976000183 ], [ 91.249202564000029, 24.389231332000179 ], [ 91.24871750900013, 24.38966427500003 ], [ 91.247735232000139, 24.390912606000029 ], [ 91.247197674000063, 24.391595753000104 ], [ 91.247191604000136, 24.391981855000097 ], [ 91.246969913000157, 24.392563885000129 ], [ 91.245780605000164, 24.393767943000114 ], [ 91.245530696000174, 24.393966622999983 ], [ 91.244128277000073, 24.394801526000094 ], [ 91.243806740000196, 24.394944134000127 ], [ 91.243116753000038, 24.394843701000127 ], [ 91.242870362000133, 24.395063891 ], [ 91.242792951000069, 24.395133069000053 ], [ 91.242788383, 24.39542208000006 ], [ 91.243208209000102, 24.39581371800017 ], [ 91.244161437000116, 24.396110660000033 ], [ 91.244476921000114, 24.396356406000109 ], [ 91.244790125000122, 24.396746654000083 ], [ 91.244839325999976, 24.396987814000113 ], [ 91.244729538000172, 24.39723028100002 ], [ 91.243973784000161, 24.397904739000069 ], [ 91.243702078000069, 24.398290764000137 ], [ 91.243749018000187, 24.398678685000164 ], [ 91.244003917000043, 24.399408053000116 ], [ 91.244099930000118, 24.400086802000033 ], [ 91.24393424200008, 24.40047421700001 ], [ 91.243610426000089, 24.400763586999972 ], [ 91.243535691000034, 24.400793084000043 ], [ 91.242646540000123, 24.401144008000131 ], [ 91.242438777000075, 24.401329561000125 ], [ 91.24226895400011, 24.401481229000069 ], [ 91.24231196300002, 24.402160414000036 ], [ 91.242775721000044, 24.403134149000039 ], [ 91.242718155000091, 24.403423596999971 ], [ 91.24243777900017, 24.403628925000135 ], [ 91.242125792000195, 24.403857400000106 ], [ 91.24040971300002, 24.404718071000161 ], [ 91.240321497000195, 24.404772971999989 ], [ 91.239872474000094, 24.405054336000035 ], [ 91.239730802000111, 24.405181177000088 ], [ 91.239332965000131, 24.405537366000033 ], [ 91.239170267000134, 24.405728335000106 ], [ 91.238893977000032, 24.406405619000168 ], [ 91.238889424000092, 24.406696887000123 ], [ 91.239245017000144, 24.407766340000023 ], [ 91.23895318600006, 24.407952663000117 ], [ 91.238868919000083, 24.408006464000039 ], [ 91.238228058000118, 24.408147165 ], [ 91.237158089000104, 24.408528413000113 ], [ 91.236944828000162, 24.408527903999982 ], [ 91.235659915000156, 24.409053123000035 ], [ 91.23544662900008, 24.409050355000147 ], [ 91.234590065000077, 24.409384692 ], [ 91.233576124000137, 24.409571305999975 ], [ 91.232404078000116, 24.409662126000057 ], [ 91.232139310000093, 24.409562691000076 ], [ 91.231407819000026, 24.408685920000096 ], [ 91.230094405000102, 24.407608432000131 ], [ 91.22977741700015, 24.407462005000184 ], [ 91.229034500000068, 24.407312263000051 ], [ 91.228025141000103, 24.407207576000189 ], [ 91.227385795000146, 24.407251140000028 ], [ 91.227011981000146, 24.407346733000054 ], [ 91.226787333000175, 24.407546920000186 ], [ 91.226094124000099, 24.408164645000056 ], [ 91.226028794000058, 24.408186210000167 ], [ 91.224222060000102, 24.408782579000047 ], [ 91.223845930000095, 24.409022667000158 ], [ 91.223797764000039, 24.409088125999972 ], [ 91.2229217860002, 24.41027859400009 ], [ 91.222108335000144, 24.410906041000032 ], [ 91.221831241000132, 24.411118634000104 ], [ 91.221402239000156, 24.411309477000032 ], [ 91.220708334, 24.411450531000128 ], [ 91.220177137, 24.41139837999998 ], [ 91.219596143000103, 24.41110279600008 ], [ 91.218334292000065, 24.410124124000106 ], [ 91.217758688, 24.40948985 ], [ 91.217656668000132, 24.409199439000076 ], [ 91.217718874000127, 24.408616473000109 ], [ 91.21815632300013, 24.40789277600004 ], [ 91.220213505000174, 24.405627630000026 ], [ 91.220970188000194, 24.404903606000175 ], [ 91.221244285000012, 24.404373115000055 ], [ 91.221195103000071, 24.404129690000048 ], [ 91.220934198000066, 24.403788637 ], [ 91.220617228000094, 24.403642188000049 ], [ 91.220404569000038, 24.403639390000023 ], [ 91.220299461000195, 24.40354090400001 ], [ 91.220192065, 24.403589175000036 ], [ 91.219397713000035, 24.403342725000073 ], [ 91.219185054000093, 24.4033399220001 ], [ 91.219079971000042, 24.403243691000057 ], [ 91.219035662000181, 24.403174279000154 ], [ 91.218933938000077, 24.403219595000166 ], [ 91.216008180000131, 24.403150561000132 ], [ 91.215047278000043, 24.403338886000029 ], [ 91.214818409000031, 24.403543322000019 ], [ 91.214723388000039, 24.403628200000128 ], [ 91.214816178000092, 24.404501151000147 ], [ 91.215019602000041, 24.405084241000111 ], [ 91.215176172000042, 24.405279397000072 ], [ 91.215173856000035, 24.405423903000099 ], [ 91.215331041000184, 24.405619054 ], [ 91.215637259000118, 24.40644514000013 ], [ 91.21651524300006, 24.408149359000049 ], [ 91.216769229000136, 24.408926195 ], [ 91.216657227000098, 24.409265741000013 ], [ 91.216382974000055, 24.40945610600005 ], [ 91.216173517000072, 24.409601493000082 ], [ 91.216119427000194, 24.409657971000172 ], [ 91.215848858000129, 24.409940483000071 ], [ 91.215997739000102, 24.410618831000079 ], [ 91.216307068000162, 24.411252994000051 ], [ 91.217086119000044, 24.412470358000064 ], [ 91.217911139000137, 24.414172733000157 ], [ 91.218172815000116, 24.414464118000183 ], [ 91.218273329000056, 24.414853874000073 ], [ 91.218430672000011, 24.414999352000052 ], [ 91.218843586000105, 24.415826829000025 ], [ 91.219623469000055, 24.416996760000131 ], [ 91.220087115000013, 24.417970569000147 ], [ 91.220084807000035, 24.418115074000127 ], [ 91.220542952000187, 24.419477233000123 ], [ 91.220620620000034, 24.420436023000036 ], [ 91.220676552000043, 24.421126469000114 ], [ 91.220467731000099, 24.422135234 ], [ 91.22044623700009, 24.422239068000067 ], [ 91.220280309000032, 24.422676125000123 ], [ 91.220079442000042, 24.423056728000063 ], [ 91.219567150999978, 24.424027409000189 ], [ 91.219545308000079, 24.424058919000117 ], [ 91.219131217000154, 24.424656277000167 ], [ 91.218965258000196, 24.425091076000172 ], [ 91.21889196300009, 24.425649350000185 ], [ 91.218723437000165, 24.426932972000145 ], [ 91.218737784000041, 24.428570290999971 ] ] ] } },
{ "type": "Feature", "properties": { "adm3_name": "Bajitpur", "adm3_name1": null, "adm3_name2": null, "adm3_name3": null, "adm3_pcode": "BD30480006", "adm2_name": "Kishoreganj", "adm2_name1": null, "adm2_name2": null, "adm2_name3": null, "adm2_pcode": "BD3048", "adm1_name": "Dhaka", "adm1_name1": null, "adm1_name2": null, "adm1_name3": null, "adm1_pcode": "BD30", "adm0_name": "Bangladesh", "adm0_name1": null, "adm0_name2": null, "adm0_name3": null, "adm0_pcode": "BD", "valid_on": "2023-05-21T00:00:00", "valid_to": null, "area_sqkm": 188.66650006, "version": "v03", "lang": "en", "lang1": null, "lang2": null, "lang3": null, "adm3_ref_name": null, "center_lat": 24.2266224, "center_lon": 90.94846361, "female_pop": 149210.0, "male_pop": 135091.0, "total_pop": 284301.0, "nearest_facility_min": 12.881792471481297 }, "geometry": { "type": "Polygon", "coordinates": [ [ [ 91.03539992900005, 24.29224648200011 ], [ 91.034344574000045, 24.292569753000123 ], [ 91.032761198000117, 24.292937248000044 ], [ 91.031073870000171, 24.293016441000134 ], [ 91.030546553000136, 24.292918422000128 ], [ 91.029386880000175, 24.292908220000129 ], [ 91.028332374000172, 24.292804731000047 ], [ 91.028069250000044, 24.292707170000028 ], [ 91.027911039, 24.292561488000047 ], [ 91.027753787000165, 24.292228406000049 ], [ 91.027438390999976, 24.291986703000191 ], [ 91.026964184000121, 24.291983135000066 ], [ 91.025908894000167, 24.292164112000023 ], [ 91.025170243000105, 24.292205220000085 ], [ 91.024907209000162, 24.291965416000153 ], [ 91.024593084, 24.291344397000159 ], [ 91.024488889, 24.290868715000045 ], [ 91.024491873999978, 24.290013010000052 ], [ 91.024386648000188, 24.289869224000086 ], [ 91.02412353200009, 24.289771658000177 ], [ 91.023860505000073, 24.289531851000106 ], [ 91.023916309000072, 24.288580963000129 ], [ 91.02386586900019, 24.287820443000101 ], [ 91.023603538000032, 24.287436135000121 ], [ 91.023075684000048, 24.287575156000116 ], [ 91.022644898000124, 24.287220954000134 ], [ 91.022666407000031, 24.287441737000051 ], [ 91.022612179000191, 24.28782140300018 ], [ 91.021976241000118, 24.28876716200017 ], [ 91.021975221000048, 24.289101316000142 ], [ 91.022185428000114, 24.289436305000038 ], [ 91.022500557000171, 24.289723178000031 ], [ 91.022447178000107, 24.290055425000105 ], [ 91.022288434000131, 24.290149061000022 ], [ 91.021962182000152, 24.290209106000134 ], [ 91.021549935000053, 24.290284977000113 ], [ 91.020600205000164, 24.290420051000069 ], [ 91.01917546300001, 24.290836008000099 ], [ 91.01854444200012, 24.290165175000141 ], [ 91.018281330000036, 24.290067595000039 ], [ 91.017648477000193, 24.2900153920001 ], [ 91.017136669000081, 24.290470367000125 ], [ 91.017066957, 24.290531795000106 ], [ 91.016647099000068, 24.290006291000111 ], [ 91.016488826000057, 24.290005091000012 ], [ 91.016329840000026, 24.290146136000033 ], [ 91.01611896999998, 24.290190444000189 ], [ 91.015698161999978, 24.289854595000179 ], [ 91.015387538000084, 24.289956392000192 ], [ 91.015276199000198, 24.28999288000017 ], [ 91.014592866000044, 24.289322378000122 ], [ 91.01454350500012, 24.288415696000072 ], [ 91.014496746000077, 24.28828247000007 ], [ 91.015029401000163, 24.286576567000054 ], [ 91.015023077000194, 24.286461368000175 ], [ 91.014865888000088, 24.286329034000062 ], [ 91.014813631000095, 24.286184887000104 ], [ 91.014976463000039, 24.285663385000134 ], [ 91.014770489000057, 24.285146882000106 ], [ 91.014613176000125, 24.284956024000167 ], [ 91.014192374000118, 24.284617911000169 ], [ 91.013876080000045, 24.284568093000132 ], [ 91.013718533000088, 24.28442464900013 ], [ 91.013508253000111, 24.284231884000121 ], [ 91.013349988000073, 24.284230681999986 ], [ 91.013032636000105, 24.284512758000062 ], [ 91.012610228000142, 24.284748122000167 ], [ 91.012503614000195, 24.285125877999974 ], [ 91.012027767000177, 24.285456423000085 ], [ 91.011448941000026, 24.285069684000121 ], [ 91.011079934000179, 24.284972800000105 ], [ 91.010816490000195, 24.285064861000023 ], [ 91.010287427000037, 24.285440909000044 ], [ 91.010134384000082, 24.285414504000073 ], [ 91.010069556000076, 24.285715271000186 ], [ 91.009804444000167, 24.286141492000183 ], [ 91.009594807000099, 24.28632856400003 ], [ 91.009013131000131, 24.286372522000136 ], [ 91.007960713000102, 24.285745078000048 ], [ 91.006959830000142, 24.285404019000168 ], [ 91.00648621800002, 24.285161062000043 ], [ 91.005642883000178, 24.284963446000063 ], [ 91.005062789000135, 24.28496051000019 ], [ 91.004431048000185, 24.284811159000128 ], [ 91.002539172000127, 24.282748773000037 ], [ 91.001593590000027, 24.281838356000094 ], [ 91.000962346000051, 24.281357098000115 ], [ 91.000383101000182, 24.281067402000076 ], [ 90.999699509000095, 24.280584224000108 ], [ 90.998384838000106, 24.279479789000106 ], [ 90.997509846000185, 24.278282356000034 ], [ 90.996915329000103, 24.277468738000039 ], [ 90.99696975300003, 24.276946837000139 ], [ 90.997076023000091, 24.276756489000036 ], [ 90.99755176900004, 24.276333425000189 ], [ 90.998766432000082, 24.275677471000108 ], [ 90.999557845000083, 24.275543575000029 ], [ 91.000402550999979, 24.275217419000057 ], [ 91.001035813000158, 24.275174867000089 ], [ 91.001351464000095, 24.275224716000025 ], [ 91.001668460000189, 24.275132318000033 ], [ 91.002090272000089, 24.275136311999972 ], [ 91.002248398000063, 24.275042699000153 ], [ 91.00309299700001, 24.274861025000064 ], [ 91.003303586000129, 24.274861891000114 ], [ 91.003778706, 24.27467587600006 ], [ 91.003991353000117, 24.274155189000055 ], [ 91.004049340000051, 24.272680488 ], [ 91.004154756000048, 24.272539811000172 ], [ 91.004787874000044, 24.272402420000105 ], [ 91.005578887000183, 24.272455892000096 ], [ 91.006158566000124, 24.27241367400012 ], [ 91.006629732000192, 24.27229687900018 ], [ 91.006897841000068, 24.272230417000173 ], [ 91.00705644400017, 24.272041972000125 ], [ 91.007059066000181, 24.271281090000059 ], [ 91.006905822000135, 24.269805529000053 ], [ 91.006749958000171, 24.26909085300008 ], [ 91.006805510000163, 24.268092553000088 ], [ 91.00675673100011, 24.26690303800018 ], [ 91.006495332999975, 24.266234210999983 ], [ 91.006337817000087, 24.266090760000111 ], [ 91.005072471000062, 24.266078808000032 ], [ 91.004493529000115, 24.265741712000192 ], [ 91.004284510000105, 24.265311861000043 ], [ 91.004076789000067, 24.264263372000073 ], [ 91.00318439800003, 24.263210371000071 ], [ 91.003027589000112, 24.262685347000172 ], [ 91.002925263000179, 24.262591195000027 ], [ 91.002450229000146, 24.261919256000112 ], [ 90.998180108000042, 24.262024106000069 ], [ 90.997389653000141, 24.261875765000127 ], [ 90.997178942000176, 24.261777805000065 ], [ 90.996916269000053, 24.261490533000085 ], [ 90.996705932000111, 24.261439983000173 ], [ 90.996442174000151, 24.261486867000144 ], [ 90.996124837000082, 24.261768909000182 ], [ 90.995807867000167, 24.261861295000188 ], [ 90.994437283000082, 24.261849943000129 ], [ 90.993805548000125, 24.26160571700018 ], [ 90.993120495000198, 24.261551493000127 ], [ 90.992329180000183, 24.261687607000056 ], [ 90.9905367, 24.261814439000034 ], [ 90.989429644000097, 24.261805842000115 ], [ 90.988743848000183, 24.261893839000038 ], [ 90.985844671000052, 24.261820093000154 ], [ 90.984684403000131, 24.261856961000035 ], [ 90.984157608000146, 24.26180618300009 ], [ 90.983899179000161, 24.261570339000116 ], [ 90.983423637999977, 24.260514970000088 ], [ 90.983371446000092, 24.260373068999968 ], [ 90.983003766000081, 24.260036779000075 ], [ 90.982424893000029, 24.259697337000034 ], [ 90.981478617999983, 24.258976444000155 ], [ 90.979745467000043, 24.257201717000157 ], [ 90.977956750000089, 24.25604370200017 ], [ 90.977378286000032, 24.255753908000145 ], [ 90.975958521000052, 24.254695095000045 ], [ 90.975537789000043, 24.254501367000159 ], [ 90.975063082000133, 24.254495380000094 ], [ 90.974536468000053, 24.254302329000041 ], [ 90.974221410000098, 24.253918266000142 ], [ 90.974169469000174, 24.253726687000039 ], [ 90.973748635000163, 24.253438128000028 ], [ 90.973169533000032, 24.253385389000016 ], [ 90.973022477000143, 24.253410666000093 ], [ 90.972378242000048, 24.253521401000114 ], [ 90.971956500000147, 24.253517322 ], [ 90.971533855000075, 24.253799988000139 ], [ 90.9713208510002, 24.254368052000075 ], [ 90.970950530000039, 24.254650379000054 ], [ 90.970475945000089, 24.254741462000027 ], [ 90.9701658460001, 24.254738611000107 ], [ 90.969895965000092, 24.25473613000014 ], [ 90.969263542000078, 24.254634045000159 ], [ 90.968788799000151, 24.254867364000177 ], [ 90.968210413000065, 24.254340466000087 ], [ 90.967781730000013, 24.254283687999987 ], [ 90.967526434000035, 24.254096463000053 ], [ 90.967475428000114, 24.253620395000098 ], [ 90.967160292000131, 24.253141491000122 ], [ 90.966475291000052, 24.25308714200014 ], [ 90.965949310000099, 24.252894056000116 ], [ 90.965580152000143, 24.252842213 ], [ 90.964684343000158, 24.252834351000104 ], [ 90.963893702, 24.252730989000042 ], [ 90.963418858000182, 24.252869463000138 ], [ 90.962837194000031, 24.253293094000128 ], [ 90.962942319000092, 24.253436927000052 ], [ 90.962889216000065, 24.253579504000186 ], [ 90.962941125000157, 24.253768828000034 ], [ 90.962834302000147, 24.254053986000031 ], [ 90.962517167000101, 24.254288544000076 ], [ 90.962359553, 24.254287284000156 ], [ 90.961884184000041, 24.25452058400009 ], [ 90.96156678400007, 24.254802557000062 ], [ 90.961618709000163, 24.254994140000179 ], [ 90.961828604000061, 24.255234396000162 ], [ 90.961775241000169, 24.255424388000051 ], [ 90.960666355000058, 24.255984552000029 ], [ 90.960507865000125, 24.256030708000139 ], [ 90.959928139000112, 24.255977923000103 ], [ 90.959294623000062, 24.256304782000086 ], [ 90.958713596000052, 24.256489070000043 ], [ 90.958450595000045, 24.256391384000153 ], [ 90.957923571000151, 24.256387932000052 ], [ 90.957659528000079, 24.256479905000106 ], [ 90.957236581000132, 24.256809947000022 ], [ 90.956760244000066, 24.257327719000102 ], [ 90.956441370000164, 24.257991256000025 ], [ 90.956334625000125, 24.258371233000105 ], [ 90.956279092000045, 24.25917761300019 ], [ 90.956173031999981, 24.259320522000053 ], [ 90.955803187000015, 24.259507984000095 ], [ 90.955488004000188, 24.259266124000135 ], [ 90.95485825600008, 24.258452761000058 ], [ 90.954227300000127, 24.257971295000061 ], [ 90.952806826000199, 24.257291574000192 ], [ 90.95180630100009, 24.256950141000118 ], [ 90.950331697000138, 24.256604888000027 ], [ 90.950015231000066, 24.256602349000104 ], [ 90.949436016000163, 24.256452436000018 ], [ 90.948117825000111, 24.25644259500001 ], [ 90.946799437000095, 24.256572728000037 ], [ 90.946060772000124, 24.256755690000091 ], [ 90.944952958000158, 24.256889013000034 ], [ 90.943403714000056, 24.256857154000159 ], [ 90.941802989, 24.25682421900018 ], [ 90.940736291000064, 24.256802262 ], [ 90.940512941000065, 24.256950767000149 ], [ 90.940102185000171, 24.257223872999987 ], [ 90.939150100000177, 24.258024498000111 ], [ 90.93777704200005, 24.258678700000019 ], [ 90.937565843000073, 24.258675486000129 ], [ 90.936509909000108, 24.258946482000169 ], [ 90.93577207800007, 24.259135834 ], [ 90.93455767100005, 24.259599375999983 ], [ 90.93439306300013, 24.259568779000062 ], [ 90.93429379600019, 24.259549067000023 ], [ 90.93408276800011, 24.259737761000167 ], [ 90.933607324000036, 24.259970974 ], [ 90.932129657000075, 24.26038644200014 ], [ 90.931183191000116, 24.260429072000079 ], [ 90.930389093000144, 24.260464834 ], [ 90.929033372000106, 24.260270847000072 ], [ 90.928966631000037, 24.260261296000067 ], [ 90.92765028000008, 24.259917114000189 ], [ 90.92547390600015, 24.258981690000041 ], [ 90.92538679, 24.258944246000169 ], [ 90.925122989000158, 24.258988748000093 ], [ 90.925017784000033, 24.25908421600019 ], [ 90.924857980000127, 24.259462239000129 ], [ 90.924907811000082, 24.260222815000191 ], [ 90.925224833000016, 24.260802833000184 ], [ 90.925378887000193, 24.261084686000174 ], [ 90.925585052000088, 24.261263722000024 ], [ 90.925916622000159, 24.261551660000066 ], [ 90.926429696000184, 24.261997212000153 ], [ 90.92743373400009, 24.262586172000056 ], [ 90.92731752300017, 24.263116486000058 ], [ 90.927623927000127, 24.264034585000047 ], [ 90.92882327500007, 24.265879146000032 ], [ 90.929627175000121, 24.267104839000069 ], [ 90.929903196000168, 24.267425736000064 ], [ 90.9300431220002, 24.26752644000004 ], [ 90.929936984000108, 24.268306666000115 ], [ 90.929877030000114, 24.268387412000095 ], [ 90.929888168000161, 24.268423514000062 ], [ 90.929618732000051, 24.270404118000158 ], [ 90.92951263600014, 24.270547006000072 ], [ 90.929298423000091, 24.271401762000096 ], [ 90.92908628400005, 24.271780111000055 ], [ 90.928194846, 24.272926816000165 ], [ 90.928132195000103, 24.273007406000033 ], [ 90.927656493000143, 24.273382845000128 ], [ 90.926970125000196, 24.273662482000077 ], [ 90.926653343000112, 24.273707312000056 ], [ 90.926337632000184, 24.273560220000149 ], [ 90.926233074000038, 24.273321532000125 ], [ 90.926289073000191, 24.272467743999982 ], [ 90.926449613000102, 24.271850386999972 ], [ 90.926240570000175, 24.271467836000056 ], [ 90.92618916300006, 24.271086582000123 ], [ 90.925927171000069, 24.270704353000042 ], [ 90.925191503000121, 24.270126319000155 ], [ 90.924453947000188, 24.269882448000146 ], [ 90.92345446600018, 24.269348909000144 ], [ 90.922509447000095, 24.268340895000051 ], [ 90.920499491000044, 24.266982403999975 ], [ 90.919953487000157, 24.266613360000179 ], [ 90.919512345000101, 24.266315740999971 ], [ 90.917883846000052, 24.264778987 ], [ 90.916570637000063, 24.263673811000046 ], [ 90.916547030000118, 24.263647781000032 ], [ 90.913526047000175, 24.260316717000137 ], [ 90.913436723000075, 24.260200780000048 ], [ 90.911533122000037, 24.257729939000114 ], [ 90.911270369000079, 24.257489928000098 ], [ 90.911218798000164, 24.257250912000018 ], [ 90.910484046000136, 24.256435728000099 ], [ 90.910226874000159, 24.256059292000032 ], [ 90.91019036400013, 24.256005850000065 ], [ 90.909960202000093, 24.255668949000153 ], [ 90.909644792000108, 24.255381837000186 ], [ 90.909171748000063, 24.255091150000055 ], [ 90.909013515000197, 24.255089837000185 ], [ 90.908329298000183, 24.254798153000024 ], [ 90.908014230000049, 24.254558448000182 ], [ 90.907802759000049, 24.254602609000187 ], [ 90.907539519000125, 24.254552250000017 ], [ 90.906434117000117, 24.254161466000028 ], [ 90.90590787800005, 24.253920757000117 ], [ 90.90543540900012, 24.253535228000089 ], [ 90.905013604000089, 24.253436138000041 ], [ 90.903962511000088, 24.252713113000027 ], [ 90.903279370000121, 24.252134657000113 ], [ 90.902437515000031, 24.251746793000166 ], [ 90.901330814000062, 24.251690137000082 ], [ 90.900465657000154, 24.251471270000025 ], [ 90.900481747000015, 24.251530069000182 ], [ 90.900217405000035, 24.251671619000149 ], [ 90.899795714000049, 24.251762168000084 ], [ 90.899263298000051, 24.251757422000082 ], [ 90.899219963000064, 24.25223998700011 ], [ 90.899534002000053, 24.252861288000076 ], [ 90.900111225000103, 24.253438131000109 ], [ 90.900163042000031, 24.253627478000055 ], [ 90.900794574000088, 24.253872100000081 ], [ 90.90116263800013, 24.254208593000101 ], [ 90.901354087000072, 24.254471809000052 ], [ 90.901476586, 24.25464023 ], [ 90.90221209800012, 24.255310956000073 ], [ 90.9023695570001, 24.255551607000029 ], [ 90.902473214000054, 24.255932561000122 ], [ 90.902828255000031, 24.256316283000046 ], [ 90.903050802000052, 24.256556804000127 ], [ 90.903574872000092, 24.257273933000079 ], [ 90.904255994000152, 24.258970720000036 ], [ 90.901294190000044, 24.259100213000181 ], [ 90.90002973300011, 24.258945137000126 ], [ 90.899133255000038, 24.258936894000101 ], [ 90.897447054000054, 24.258779773000128 ], [ 90.896602957000084, 24.258866034999983 ], [ 90.896075064, 24.259004614 ], [ 90.893649848000109, 24.259170155000106 ], [ 90.892825256000094, 24.259317240000087 ], [ 90.89293958200011, 24.261052828000174 ], [ 90.892971183000157, 24.261331735000056 ], [ 90.893186293000042, 24.263230166000028 ], [ 90.89325178900009, 24.263791977000096 ], [ 90.893220627000176, 24.264266301000077 ], [ 90.893383021000147, 24.264949463000107 ], [ 90.893190958000162, 24.265483434000146 ], [ 90.893159983000146, 24.26589679600005 ], [ 90.893063966000113, 24.266254094000146 ], [ 90.893056754000042, 24.266350917000068 ], [ 90.893033007000099, 24.266669714000045 ], [ 90.89300777200009, 24.266809594000108 ], [ 90.893064173000198, 24.267046857000082 ], [ 90.892872105000151, 24.267580828000121 ], [ 90.892841129000033, 24.267994190000024 ], [ 90.892745110000192, 24.268351488000121 ], [ 90.892714149000199, 24.268767107000144 ], [ 90.892650130000163, 24.269121958000085 ], [ 90.892579520000197, 24.269425153000043 ], [ 90.892491117000077, 24.269804750000105 ], [ 90.892395082000178, 24.27015978999998 ], [ 90.89233988400008, 24.270433255000171 ], [ 90.892308716000173, 24.270587668000019 ], [ 90.89229926500019, 24.270634493000102 ], [ 90.892075584000054, 24.27113929900014 ], [ 90.891947952000123, 24.271643537000102 ], [ 90.891820100000018, 24.272116169000128 ], [ 90.891140087000167, 24.273233082000104 ], [ 90.889827017000073, 24.273706733000097 ], [ 90.887588930000049, 24.274233568000056 ], [ 90.885617508000053, 24.274328684000125 ], [ 90.885433207000119, 24.274341689000039 ], [ 90.885199003000139, 24.274358213000028 ], [ 90.884813336000093, 24.274416904000134 ], [ 90.884266357000058, 24.274566847000017 ], [ 90.883108763, 24.274747426000147 ], [ 90.882529551000061, 24.274777884000173 ], [ 90.882240556000056, 24.274926318000041 ], [ 90.881441469000094, 24.274770648000128 ], [ 90.880376902000194, 24.27513806800016 ], [ 90.880092072000082, 24.275249678000137 ], [ 90.878591963000019, 24.275837480000121 ], [ 90.878441696000152, 24.27569113800007 ], [ 90.878134333, 24.27558679800012 ], [ 90.877111026000193, 24.27541885300019 ], [ 90.876497389000122, 24.275458517000118 ], [ 90.876452273000098, 24.275524253000015 ], [ 90.876294980000125, 24.275753201000157 ], [ 90.876275600000156, 24.275997995000125 ], [ 90.876247947000081, 24.27634727700007 ], [ 90.875995248000038, 24.277477900000122 ], [ 90.875949830000195, 24.277681106000045 ], [ 90.875597131000063, 24.278419185000075 ], [ 90.875519305000182, 24.278669108000088 ], [ 90.875488242000188, 24.278768859000081 ], [ 90.875397095000039, 24.279061554000066 ], [ 90.875247718000196, 24.279289122000023 ], [ 90.875043028000107, 24.27960095300017 ], [ 90.87463585900008, 24.279939712000044 ], [ 90.874024173000123, 24.280178042000045 ], [ 90.873666359000197, 24.28017107 ], [ 90.873358371999984, 24.280066722000072 ], [ 90.872913248000145, 24.279832101000125 ], [ 90.872383781999986, 24.279553022000016 ], [ 90.871972147000122, 24.279148974000179 ], [ 90.871789740000054, 24.278873556000121 ], [ 90.871682337000152, 24.278711385000122 ], [ 90.871507375000078, 24.278447204000031 ], [ 90.871095132000164, 24.278043160000152 ], [ 90.869714021000163, 24.277870442999983 ], [ 90.868936938000104, 24.277456739000058 ], [ 90.868482928, 24.277301739 ], [ 90.867715607000036, 24.277290316000062 ], [ 90.866490873000146, 24.277565981 ], [ 90.866183570000032, 24.27756096100012 ], [ 90.865979785000093, 24.27765695 ], [ 90.865570857000193, 24.277647989000059 ], [ 90.8654566310002, 24.277614825000171 ], [ 90.865212391000057, 24.277543913000159 ], [ 90.865037175000111, 24.277388721000079 ], [ 90.864772521000077, 24.277154311000061 ], [ 90.864698219000104, 24.277088501000151 ], [ 90.864625646000093, 24.276879345000054 ], [ 90.864541845000133, 24.276637826000069 ], [ 90.864590948000057, 24.276341773000183 ], [ 90.864679591000197, 24.276124303000131 ], [ 90.864691495000102, 24.276095100000077 ], [ 90.865553326999986, 24.274970318000101 ], [ 90.86583743500006, 24.274416510000094 ], [ 90.866470905000085, 24.273181676000092 ], [ 90.866877495000153, 24.272389089000171 ], [ 90.866799705000119, 24.272021942000038 ], [ 90.865937480000071, 24.271908204000056 ], [ 90.865369896000175, 24.272194907000085 ], [ 90.865064961000087, 24.272537573000022 ], [ 90.864813763000086, 24.273177965000059 ], [ 90.864157059000092, 24.274405436999984 ], [ 90.863649287000044, 24.274893755000107 ], [ 90.863343279000105, 24.274988064000183 ], [ 90.863240045999987, 24.274837375000061 ], [ 90.863289136000162, 24.274539065000056 ], [ 90.863590796000096, 24.273801302000038 ], [ 90.864039700000092, 24.272947946000102 ], [ 90.864005875000032, 24.272958370000083 ], [ 90.863902643000188, 24.272807682000064 ], [ 90.863951730999986, 24.272509372000059 ], [ 90.864253382000186, 24.271771607000062 ], [ 90.864546308000058, 24.271214747000158 ], [ 90.865238888000192, 24.269898117000082 ], [ 90.865313582000169, 24.269756117999975 ], [ 90.865515334000122, 24.269362109000156 ], [ 90.865463893000083, 24.269312728000045 ], [ 90.865818930000046, 24.268823018000035 ], [ 90.866222429000118, 24.268034999000122 ], [ 90.86617756000004, 24.26797929900016 ], [ 90.866374085000075, 24.267790289000118 ], [ 90.866396081000119, 24.267750388000138 ], [ 90.867485320000071, 24.26577449500013 ], [ 90.868599573000154, 24.26420798200013 ], [ 90.86885139900005, 24.263664663000043 ], [ 90.869964605000121, 24.261949130000119 ], [ 90.870806584000093, 24.260476210999968 ], [ 90.870709765000129, 24.260380859000122 ], [ 90.869836614000121, 24.259821401000181 ], [ 90.868710215000078, 24.259502712000028 ], [ 90.867175024000176, 24.259276659000022 ], [ 90.865936611999985, 24.259227792000161 ], [ 90.862675062000164, 24.259099045000085 ], [ 90.86201000900013, 24.258989926000027 ], [ 90.861906769000086, 24.258863841000164 ], [ 90.861943551000138, 24.258822131999978 ], [ 90.861967101000118, 24.258802378000155 ], [ 90.861992719999989, 24.258802602000173 ], [ 90.8621215080002, 24.258805267000128 ], [ 90.862147108000158, 24.258805872000096 ], [ 90.862298748000114, 24.258558909000158 ], [ 90.862565078000102, 24.256828980000137 ], [ 90.862466450000113, 24.256708527000171 ], [ 90.862618087000158, 24.256461563000187 ], [ 90.862960763000103, 24.254235662000099 ], [ 90.863261974000068, 24.253346626000109 ], [ 90.863345285000094, 24.252930098000093 ], [ 90.863558554000065, 24.251863809000099 ], [ 90.863859153000135, 24.25097703400013 ], [ 90.863768202000188, 24.250909817000036 ], [ 90.863653733000035, 24.250824669000053 ], [ 90.862733518000198, 24.250757639000028 ], [ 90.862323404, 24.250651589000142 ], [ 90.861371315000042, 24.250605051000036 ], [ 90.860730666000052, 24.250575072000117 ], [ 90.85803010900014, 24.250675865 ], [ 90.857206695000059, 24.250761070000067 ], [ 90.856696445000125, 24.250702476000185 ], [ 90.855884173000049, 24.250886641000022 ], [ 90.855732185000079, 24.25108166900003 ], [ 90.855586178000181, 24.25217076399997 ], [ 90.855436179000094, 24.252663816000108 ], [ 90.85543686200009, 24.25276591700009 ], [ 90.855439167000156, 24.253110848000119 ], [ 90.855287193000038, 24.253308133000019 ], [ 90.855261266000127, 24.253308107 ], [ 90.854664467000191, 24.253303673 ], [ 90.851187522000032, 24.253276777999986 ], [ 90.850353522000091, 24.253270315000123 ], [ 90.849289282000143, 24.253251646000081 ], [ 90.848717871000076, 24.253290740000125 ], [ 90.848514110000167, 24.25338670300016 ], [ 90.847752515000138, 24.25421731800003 ], [ 90.847499615000174, 24.254609330000108 ], [ 90.846686893000026, 24.255437966000102 ], [ 90.845975030000034, 24.255972517000032 ], [ 90.845489531000112, 24.256209249000108 ], [ 90.844716467000069, 24.256586194000079 ], [ 90.84467883300016, 24.256559983000159 ], [ 90.84446048500007, 24.256412392000129 ], [ 90.84375119200007, 24.255932939000161 ], [ 90.843033077000086, 24.255521478000105 ], [ 90.84282734400017, 24.255319414000098 ], [ 90.842262940000012, 24.255062889999977 ], [ 90.841748289000179, 24.254508055000031 ], [ 90.841436755000132, 24.253757919000122 ], [ 90.841225799000085, 24.252761121000049 ], [ 90.841070861000048, 24.252511358000106 ], [ 90.840797885000029, 24.252287085000091 ], [ 90.840762600000062, 24.252257927000187 ], [ 90.839571845000194, 24.252138652000156 ], [ 90.839305314000114, 24.252281779000043 ], [ 90.83879752900009, 24.252770015000067 ], [ 90.83844275600012, 24.253309335000154 ], [ 90.838207206, 24.253350229000148 ], [ 90.835393143000147, 24.251914965000026 ], [ 90.835023024000179, 24.251809011000148 ], [ 90.834007904000032, 24.251889359000074 ], [ 90.833320737000065, 24.251664635000111 ], [ 90.832885520000048, 24.251522303000058 ], [ 90.831765620000112, 24.250889148000169 ], [ 90.831346909000047, 24.250652418000129 ], [ 90.830832459000078, 24.25014764000008 ], [ 90.830110132000073, 24.249141904 ], [ 90.830160262000163, 24.248992612999984 ], [ 90.829952317000107, 24.24844509400009 ], [ 90.829898307000065, 24.247996075000174 ], [ 90.829945872000167, 24.247451677000072 ], [ 90.829737274000138, 24.24680255800007 ], [ 90.829576244000179, 24.245609037000179 ], [ 90.829472429000191, 24.245358984000177 ], [ 90.829466326000102, 24.244417496000096 ], [ 90.829306590000044, 24.243422659000089 ], [ 90.829346400000134, 24.241586815000119 ], [ 90.829135239000152, 24.24054032700019 ], [ 90.828824152000095, 24.239842089000149 ], [ 90.828374829000154, 24.239185245000158 ], [ 90.828308335000145, 24.239088521000156 ], [ 90.827793837, 24.238632978000055 ], [ 90.827383439000187, 24.238377814000046 ], [ 90.826650967000148, 24.238060737000012 ], [ 90.826306855000098, 24.237911775000157 ], [ 90.8260500720001, 24.237707703000126 ], [ 90.824872877000132, 24.237388958000111 ], [ 90.823020990000089, 24.237273497000103 ], [ 90.822673767000026, 24.23725184500006 ], [ 90.822519827000121, 24.237148816000172 ], [ 90.822924134000061, 24.236363157000085 ], [ 90.823734957000113, 24.234054107000134 ], [ 90.823928191000107, 24.233503807000091 ], [ 90.824063588, 24.232543489000022 ], [ 90.824074775000156, 24.232464402000176 ], [ 90.824175688000082, 24.232267425000146 ], [ 90.824122666000108, 24.231967419000171 ], [ 90.824273402000131, 24.231573735000097 ], [ 90.824268926000116, 24.230878344000018 ], [ 90.824370491000082, 24.230782964000127 ], [ 90.824309144000097, 24.229094426000017 ], [ 90.824048240000195, 24.228246887000182 ], [ 90.824046001000056, 24.227899189000027 ], [ 90.82368003900018, 24.226602907000029 ], [ 90.823576892000062, 24.226452191000192 ], [ 90.82351562100007, 24.226218749000054 ], [ 90.823262663000094, 24.225254971000084 ], [ 90.823261064000064, 24.22500661600003 ], [ 90.822843395000064, 24.223611265000159 ], [ 90.822757241000033, 24.222896218000017 ], [ 90.822735465000164, 24.222715482000183 ], [ 90.822759611000038, 24.222452126000064 ], [ 90.822823840000126, 24.222327317000122 ], [ 90.82392472700019, 24.220895039000084 ], [ 90.823989696000126, 24.220810512000128 ], [ 90.824294328000121, 24.220517599000118 ], [ 90.824394596000047, 24.220221278000054 ], [ 90.824370626000189, 24.220186198000135 ], [ 90.824188311000114, 24.219919843000071 ], [ 90.824083890000111, 24.21957044200019 ], [ 90.824067932000048, 24.219541747000051 ], [ 90.824652668999988, 24.218780966000054 ], [ 90.824957295000161, 24.218488052000168 ], [ 90.82505756, 24.218191731000047 ], [ 90.825028356000075, 24.218148989999975 ], [ 90.825478665000162, 24.217636276 ], [ 90.825654265000082, 24.217492216000039 ], [ 90.826581309000062, 24.216731671000048 ], [ 90.827242897000076, 24.216247155000133 ], [ 90.828207835000171, 24.215370382000117 ], [ 90.830040919000169, 24.214263088000166 ], [ 90.830907509000099, 24.213980646999971 ], [ 90.831622404000143, 24.213843532000112 ], [ 90.834168216000137, 24.213849565000146 ], [ 90.834790859000066, 24.213851035000118 ], [ 90.836516620000111, 24.21394542600018 ], [ 90.836762093000061, 24.214307591000022 ], [ 90.836830601000088, 24.214431396000066 ], [ 90.83719416200006, 24.215251254000066 ], [ 90.837327937000168, 24.215637739000158 ], [ 90.837424253000165, 24.215915998000185 ], [ 90.837466156000175, 24.216037059000143 ], [ 90.83749213599998, 24.216112116000033 ], [ 90.838071641000056, 24.216070544000161 ], [ 90.838545591000013, 24.216169539000077 ], [ 90.838650852000114, 24.21626604700009 ], [ 90.838702866000176, 24.216408004000186 ], [ 90.83854286900015, 24.216788203000135 ], [ 90.838541960000157, 24.21702528100019 ], [ 90.83869833000017, 24.217313425000043 ], [ 90.83927572500005, 24.217888251000034 ], [ 90.839443785000071, 24.217957468000122 ], [ 90.840863399000114, 24.21772171900011 ], [ 90.840894622000121, 24.217705920000128 ], [ 90.841233303000195, 24.217534534000151 ], [ 90.841498565000109, 24.217158264000091 ], [ 90.841447438000046, 24.216776973000094 ], [ 90.841554199000086, 24.216539308000051 ], [ 90.842241672000057, 24.215975562000096 ], [ 90.842342459000122, 24.215797612000131 ], [ 90.842349030000037, 24.215548235000028 ], [ 90.842931552000096, 24.215030225000135 ], [ 90.843988615000058, 24.214328953 ], [ 90.844240689000173, 24.214233622000052 ], [ 90.844358205000105, 24.214189178000083 ], [ 90.845995934000143, 24.213254371000119 ], [ 90.846524592000037, 24.212878891000116 ], [ 90.847374082000158, 24.212178214000176 ], [ 90.847414451000191, 24.21214491700016 ], [ 90.847824016000061, 24.211807094 ], [ 90.849293761000069, 24.210594778000086 ], [ 90.849464738000108, 24.210453746000098 ], [ 90.849487206000049, 24.210435214000029 ], [ 90.850652108000133, 24.209209478 ], [ 90.85080165800008, 24.208963494000102 ], [ 90.851088629000117, 24.208491475000017 ], [ 90.851272397, 24.208189204000178 ], [ 90.8520322130002, 24.206939406000117 ], [ 90.852402371000096, 24.206704775000162 ], [ 90.852982729000132, 24.206520900000157 ], [ 90.853300274000048, 24.206333979000021 ], [ 90.853882389000148, 24.205768514000056 ], [ 90.854558883000152, 24.204226043000062 ], [ 90.854734108000173, 24.203826509000066 ], [ 90.855712140000094, 24.201179297000067 ], [ 90.85585422500003, 24.200794710000082 ], [ 90.856531455000152, 24.199588293000033 ], [ 90.856694424000011, 24.199297977000185 ], [ 90.856863764000195, 24.198996308000176 ], [ 90.857181549000074, 24.198572302000059 ], [ 90.858398895000107, 24.1973936280001 ], [ 90.858596313000078, 24.197284138999976 ], [ 90.858750822000161, 24.197199730000023 ], [ 90.858863102000043, 24.197149424000145 ], [ 90.858891362000065, 24.197142490999966 ], [ 90.859022687000049, 24.197087562000149 ], [ 90.859153502000083, 24.197048442000096 ], [ 90.859340147000182, 24.197021198000186 ], [ 90.859752333000188, 24.197058611000159 ], [ 90.859908414000017, 24.197116435000169 ], [ 90.859987664000187, 24.197188238000138 ], [ 90.860190400000079, 24.19741287800008 ], [ 90.860351449000177, 24.19775290400014 ], [ 90.860629781000114, 24.197702531000118 ], [ 90.861468800000182, 24.1991920050001 ], [ 90.861674275000041, 24.199251378000156 ], [ 90.862341405000166, 24.199345143000187 ], [ 90.86332469000007, 24.199366414000053 ], [ 90.864150444000188, 24.199430552000024 ], [ 90.864233897000076, 24.199456436000048 ], [ 90.864280332000078, 24.199405610000099 ], [ 90.86427344000009, 24.199468948 ], [ 90.864908851000166, 24.19966730699997 ], [ 90.864939997000079, 24.199671215000137 ], [ 90.865231767000068, 24.199669559000029 ], [ 90.86674496500018, 24.200296485000024 ], [ 90.866803943000093, 24.200320919999967 ], [ 90.868517239000084, 24.197810088999972 ], [ 90.869377070000098, 24.196462568000129 ], [ 90.87021041200012, 24.196470914000088 ], [ 90.873207465000064, 24.197670746000085 ], [ 90.873639831000105, 24.197724714000117 ], [ 90.873848958999986, 24.197529339000027 ], [ 90.874281324000151, 24.197583306000126 ], [ 90.875374523000119, 24.198146048000183 ], [ 90.875539278000133, 24.198230857000169 ], [ 90.876028306000137, 24.198381579 ], [ 90.876847654000073, 24.198781019000023 ], [ 90.877840153000193, 24.199572320000016 ], [ 90.8782214860002, 24.199721398000122 ], [ 90.878496551000126, 24.199847697000166 ], [ 90.878554662000056, 24.19987437900005 ], [ 90.878658558000154, 24.199922084000036 ], [ 90.879341156000123, 24.200132993000182 ], [ 90.879571153000086, 24.200204056000075 ], [ 90.880451921000088, 24.200476189000142 ], [ 90.881373975000031, 24.200683096000091 ], [ 90.882031805000111, 24.200679290000153 ], [ 90.88271772700017, 24.200643706000051 ], [ 90.883090276000189, 24.200499305000108 ], [ 90.883247431000143, 24.200353893000113 ], [ 90.883348861000172, 24.200159132000124 ], [ 90.883629570000039, 24.19874409900018 ], [ 90.883714987000076, 24.198012065000171 ], [ 90.88370786500019, 24.197859472000061 ], [ 90.883643629000062, 24.19648310700012 ], [ 90.883638249000114, 24.196367839 ], [ 90.883561922000126, 24.194732319000082 ], [ 90.883063152000091, 24.194238487000064 ], [ 90.883003344000088, 24.194042402999969 ], [ 90.883113966000167, 24.192839966000065 ], [ 90.883124716000168, 24.192723123000064 ], [ 90.883104006000053, 24.192039119000128 ], [ 90.883323829000062, 24.191798527000117 ], [ 90.884124260000135, 24.191949663000059 ], [ 90.88450559000006, 24.192100984000035 ], [ 90.884717839000132, 24.192004922000081 ], [ 90.88482143400006, 24.191857562000166 ], [ 90.884863784000174, 24.191290691000063 ], [ 90.884927436000112, 24.190438671000095 ], [ 90.886041679000016, 24.19033715300003 ], [ 90.886226318000126, 24.19032674000016 ], [ 90.887020599000039, 24.190281945000095 ], [ 90.887695201000099, 24.190243896000027 ], [ 90.888653610000063, 24.190197175000151 ], [ 90.888850148000131, 24.190213482 ], [ 90.88882478, 24.190336980000097 ], [ 90.888766037000039, 24.190625879000095 ], [ 90.888672731000156, 24.191084757000056 ], [ 90.888661561999982, 24.191145051999968 ], [ 90.888578566000092, 24.191593089000037 ], [ 90.888567155000089, 24.191626442000029 ], [ 90.889338887000179, 24.191725444000042 ], [ 90.890269165000063, 24.191927230000033 ], [ 90.890987994000113, 24.192119650000166 ], [ 90.892163298000185, 24.192557233000059 ], [ 90.892763511000055, 24.19286899400015 ], [ 90.893836076000071, 24.193355105000137 ], [ 90.894146793000061, 24.193610319000129 ], [ 90.894136712000034, 24.193575023000051 ], [ 90.895904459, 24.195589147000078 ], [ 90.897043353000129, 24.197517991000154 ], [ 90.897273023000139, 24.197982356000125 ], [ 90.898713771000132, 24.198213564000071 ], [ 90.901665974000082, 24.198687279000069 ], [ 90.901627915000176, 24.198292348 ], [ 90.901810248000118, 24.198271819000183 ], [ 90.903481447000104, 24.198334169000191 ], [ 90.904078210000137, 24.198486420000052 ], [ 90.90559168600015, 24.198696442000028 ], [ 90.906297986000141, 24.198756251000134 ], [ 90.906887228000073, 24.198806144000059 ], [ 90.9072724090002, 24.198799335000103 ], [ 90.907738537000057, 24.198314958000083 ], [ 90.908260829000085, 24.197270443000093 ], [ 90.908342874000084, 24.197106362000113 ], [ 90.908909920999974, 24.196278876 ], [ 90.909111740000071, 24.195841913000038 ], [ 90.909422828000061, 24.195453967999981 ], [ 90.909738631000153, 24.195210496000072 ], [ 90.909798566000063, 24.194651978000081 ], [ 90.90984096, 24.194256923000182 ], [ 90.910109516000034, 24.19443207900008 ], [ 90.910272444000043, 24.194430720000071 ], [ 90.911122592000197, 24.194079844000157 ], [ 90.911398397000198, 24.194176006000134 ], [ 90.911851772000148, 24.194566041000144 ], [ 90.912016644000119, 24.194614655000066 ], [ 90.912225881000097, 24.194466761000115 ], [ 90.912388810000152, 24.194465401000173 ], [ 90.912955453000052, 24.19386847300018 ], [ 90.913505005000047, 24.192930899000032 ], [ 90.913856469000166, 24.19249163 ], [ 90.914133821, 24.192482633000054 ], [ 90.914525070000138, 24.1927262640001 ], [ 90.914796368000054, 24.192722486000093 ], [ 90.914922700000034, 24.192601965 ], [ 90.915056228000083, 24.192473552000138 ], [ 90.915270980000059, 24.19264250000009 ], [ 90.916254434000052, 24.19275695500005 ], [ 90.917283126000086, 24.192875078000156 ], [ 90.918436276000136, 24.193007482999974 ], [ 90.918777662000139, 24.192485821000162 ], [ 90.919389429000034, 24.191728964000163 ], [ 90.919680797000183, 24.191242261000127 ], [ 90.920963953000125, 24.190518964000034 ], [ 90.922157888000015, 24.190097498000171 ], [ 90.922183070000187, 24.19011551400007 ], [ 90.922933576000105, 24.190644979000069 ], [ 90.923002240000073, 24.190647836000039 ], [ 90.923333099, 24.190687331000049 ], [ 90.923493370000017, 24.190641205000134 ], [ 90.923754990000191, 24.190398038000183 ], [ 90.923907332000169, 24.190105853000091 ], [ 90.923944687000187, 24.189568264000059 ], [ 90.923884816999987, 24.189372199000104 ], [ 90.922744228000056, 24.187711278999984 ], [ 90.922702059000187, 24.187649873000055 ], [ 90.922697926000126, 24.187503139 ], [ 90.92241635400012, 24.187109725000141 ], [ 90.922356138000112, 24.186957690999975 ], [ 90.92224150200019, 24.186668249000036 ], [ 90.921557530000086, 24.1860564320001 ], [ 90.92141163600013, 24.185925929000064 ], [ 90.92101826600009, 24.185386429 ], [ 90.921007804000112, 24.185043302000167 ], [ 90.921111367000037, 24.184898179000129 ], [ 90.921743860000049, 24.184463109000035 ], [ 90.921899364000126, 24.184267997 ], [ 90.921809708000183, 24.183094472 ], [ 90.921847266999976, 24.183045085000117 ], [ 90.922327212000198, 24.182413995000104 ], [ 90.922255912000139, 24.181825135000054 ], [ 90.922306281000147, 24.181727743000181 ], [ 90.922112113000082, 24.180651936000061 ], [ 90.921823868000104, 24.180012458000078 ], [ 90.92157242899998, 24.179188891000081 ], [ 90.921464705000119, 24.178836044000093 ], [ 90.921276249000186, 24.177954373999967 ], [ 90.921376629000122, 24.177709921000087 ], [ 90.921795326000051, 24.177323564000176 ], [ 90.921895702000199, 24.177079109000147 ], [ 90.922209869000142, 24.176788210000097 ], [ 90.922583884000119, 24.176693374000081 ], [ 90.922740967000038, 24.176547923000044 ], [ 90.923099791000084, 24.175965492000103 ], [ 90.923665455000162, 24.175465852000116 ], [ 90.924252859000092, 24.174947003000113 ], [ 90.925839797000094, 24.174031987999967 ], [ 90.926158079000174, 24.173887815000057 ], [ 90.926642931000117, 24.173891638999976 ], [ 90.927192763000164, 24.174287932000027 ], [ 90.927214499000172, 24.17438202600016 ], [ 90.927317247000133, 24.174826796 ], [ 90.927595029000031, 24.175123139000107 ], [ 90.928193297000178, 24.175324961000115 ], [ 90.928511680000099, 24.175365596000177 ], [ 90.929003740000155, 24.175428398000065 ], [ 90.929238630000043, 24.17540890600003 ], [ 90.929256535000036, 24.175441219000163 ], [ 90.929429994000088, 24.17543058300015 ], [ 90.929642183000112, 24.175334460000101 ], [ 90.929745688000082, 24.175238795000098 ], [ 90.930362458000161, 24.174668734000079 ], [ 90.930584006000174, 24.174463963000107 ], [ 90.930856679999977, 24.174563902000102 ], [ 90.931233241000143, 24.174566118000143 ], [ 90.931672900000194, 24.174728716000061 ], [ 90.932050051000033, 24.174868194000055 ], [ 90.932318892000183, 24.174913409000169 ], [ 90.932845285000155, 24.175001939000026 ], [ 90.932969774000014, 24.175022876000071 ], [ 90.933083985000167, 24.175061909000192 ], [ 90.933404621000022, 24.175171491000015 ], [ 90.933729249000066, 24.175223691000099 ], [ 90.934266061000073, 24.175179762000084 ], [ 90.934477269000183, 24.175033967 ], [ 90.934511178000037, 24.174991739000063 ], [ 90.934596657999975, 24.174885293000159 ], [ 90.934635828000069, 24.174836516000084 ], [ 90.934943720000092, 24.174453101000097 ], [ 90.935348066000188, 24.173648461000141 ], [ 90.935653896000076, 24.17303985500007 ], [ 90.936121911000157, 24.172506391000127 ], [ 90.936352658000146, 24.172576845000094 ], [ 90.936448110000072, 24.172605991000012 ], [ 90.937055294000061, 24.173101243000133 ], [ 90.936905551000166, 24.173490511000011 ], [ 90.936905676000094, 24.173638900000128 ], [ 90.936906488000147, 24.174600365 ], [ 90.936906935000081, 24.175130780000131 ], [ 90.936907058000031, 24.175275732000046 ], [ 90.936907079000093, 24.175301287000082 ], [ 90.937079408000102, 24.175645676999977 ], [ 90.937081671000158, 24.175721042000134 ], [ 90.937086726000132, 24.175889477999988 ], [ 90.937138469000104, 24.176039750000029 ], [ 90.937441262000164, 24.176919130000101 ], [ 90.937529524000183, 24.177122349000172 ], [ 90.937706370000058, 24.177529524000192 ], [ 90.937846161000039, 24.177851384000178 ], [ 90.937880827000015, 24.17789227500009 ], [ 90.938013732000115, 24.178049043000101 ], [ 90.938078382000128, 24.178391836000117 ], [ 90.938324082, 24.178730668000071 ], [ 90.938471758000162, 24.17893381 ], [ 90.939305114000035, 24.179314608000084 ], [ 90.939351979000094, 24.179336023000189 ], [ 90.939567928000088, 24.179433687000085 ], [ 90.939641228000141, 24.179452494000145 ], [ 90.939679953000052, 24.179387764000069 ], [ 90.941791046, 24.17984563300007 ], [ 90.942304743000136, 24.179957043000059 ], [ 90.943020498000124, 24.180112271000098 ], [ 90.943196385000192, 24.180150415000071 ], [ 90.944179218000102, 24.180598153000119 ], [ 90.944511194000199, 24.180894129000137 ], [ 90.944898472000091, 24.181634787000121 ], [ 90.944972221000057, 24.181775830000163 ], [ 90.94502543800013, 24.181877605000125 ], [ 90.945749191000061, 24.182653510000137 ], [ 90.946082882000042, 24.183011241000145 ], [ 90.946264176999989, 24.183649077000155 ], [ 90.946240251000177, 24.183908874000053 ], [ 90.946223739000061, 24.184089601000039 ], [ 90.946499005000078, 24.184286581000151 ], [ 90.947034248000023, 24.184192944000131 ], [ 90.947401957000181, 24.183986767000022 ], [ 90.947722388000159, 24.183807097000113 ], [ 90.948294898000086, 24.183178124 ], [ 90.948445704000108, 24.182810974000176 ], [ 90.948695628, 24.182202514000096 ], [ 90.948472912000057, 24.181955540000104 ], [ 90.948200211000142, 24.18185563500009 ], [ 90.948161693000145, 24.181860281000127 ], [ 90.947825215000194, 24.181900865000102 ], [ 90.94733935000005, 24.181847441000116 ], [ 90.947117616000185, 24.181650130000037 ], [ 90.947055154000168, 24.181357002000141 ], [ 90.946775120000098, 24.18101329700005 ], [ 90.945237571000177, 24.180020367000111 ], [ 90.94518084900011, 24.179921377000085 ], [ 90.945221306000121, 24.17948310800017 ], [ 90.945321644000103, 24.179238643000076 ], [ 90.945583210000052, 24.178997694000145 ], [ 90.946236629000055, 24.179246514000113 ], [ 90.946302283000136, 24.179638967000187 ], [ 90.946414744000151, 24.179787284000099 ], [ 90.946520833000136, 24.179739212000015 ], [ 90.946683630000166, 24.179787873000066 ], [ 90.94694837000003, 24.179643986000144 ], [ 90.947110201000044, 24.179645238999967 ], [ 90.947281947000192, 24.17998961800015 ], [ 90.947560400000043, 24.180285918000152 ], [ 90.948095626000111, 24.180192277000117 ], [ 90.94846229400008, 24.179853584000114 ], [ 90.948554670000078, 24.179365323000127 ], [ 90.948702493000155, 24.179179762000103 ], [ 90.949947186000031, 24.17913312800016 ], [ 90.950424084000019, 24.178890829000125 ], [ 90.950528590000147, 24.178795350000087 ], [ 90.9505461870001, 24.178278539000075 ], [ 90.950556888, 24.177964297000187 ], [ 90.950815861000194, 24.177624012000024 ], [ 90.95263109800004, 24.177149830000189 ], [ 90.953647410000087, 24.177060246000053 ], [ 90.954072940000117, 24.176770536000106 ], [ 90.953940993000174, 24.175987899000063 ], [ 90.954096436000157, 24.175792755000089 ], [ 90.954365944000074, 24.175795583000138 ], [ 90.954527376000101, 24.175722422000035 ], [ 90.954578111000103, 24.17569942900019 ], [ 90.954735152000069, 24.175553945000047 ], [ 90.954779725000094, 24.175260151000089 ], [ 90.954780187000154, 24.175215249000075 ], [ 90.954793297000151, 24.17394150400014 ], [ 90.954929232000097, 24.173109779000129 ], [ 90.954924450000078, 24.172963051000067 ], [ 90.954687383000078, 24.172661702000084 ], [ 90.954948975000036, 24.172179710000023 ], [ 90.955364960000111, 24.171693932000153 ], [ 90.956002054000066, 24.171405457000162 ], [ 90.956920167000078, 24.171510332000082 ], [ 90.957287775000111, 24.171221281000044 ], [ 90.957176911000033, 24.171122635000017 ], [ 90.957226265000031, 24.170975566000038 ], [ 90.956674761000045, 24.170529722000083 ], [ 90.956668388000139, 24.170335591000139 ], [ 90.957027637000124, 24.169750821000036 ], [ 90.957016298000156, 24.169387517000189 ], [ 90.957013898000127, 24.169310635000045 ], [ 90.956680326000026, 24.168965026000137 ], [ 90.956620417000181, 24.168768972000066 ], [ 90.95661624700017, 24.168622239000115 ], [ 90.956870400000128, 24.16813521500012 ], [ 90.956813078000039, 24.168038489000139 ], [ 90.956864030000133, 24.16794108400012 ], [ 90.956204865000075, 24.16749365600009 ], [ 90.956247851000057, 24.16715245600011 ], [ 90.956612861000053, 24.1667640820001 ], [ 90.956877563000091, 24.166620180000109 ], [ 90.956936331000179, 24.166611555000031 ], [ 90.956933864000064, 24.166524724 ], [ 90.957188012000131, 24.166037699000128 ], [ 90.957130689999985, 24.165940973000147 ], [ 90.957181642000137, 24.16584356900006 ], [ 90.956921380000097, 24.16566690600007 ], [ 90.956522486000154, 24.165396140999974 ], [ 90.956565471000033, 24.165054941000164 ], [ 90.95693047400016, 24.164666566000108 ], [ 90.95719517100008, 24.164522664000117 ], [ 90.957516578000138, 24.164475490000086 ], [ 90.957884163000074, 24.164186439000105 ], [ 90.958023274000141, 24.163454035000029 ], [ 90.958222291000197, 24.162917683999979 ], [ 90.958483784000066, 24.162674456000104 ], [ 90.958909670000139, 24.162531794000017 ], [ 90.959223712000153, 24.162240821000012 ], [ 90.959317636000151, 24.16180221400009 ], [ 90.95957973700007, 24.16155898 ], [ 90.959627501999989, 24.161364505 ], [ 90.959806365000134, 24.161148894 ], [ 90.959990886000071, 24.160926460999974 ], [ 90.960126229000139, 24.160844329000156 ], [ 90.960526018999985, 24.160832781000067 ], [ 90.960792309, 24.160738534000188 ], [ 90.961049026000012, 24.160435315000029 ], [ 90.961840506000158, 24.159528230000035 ], [ 90.962123438000106, 24.159650909000163 ], [ 90.962517018000142, 24.159960006000063 ], [ 90.963069625000173, 24.160583849999966 ], [ 90.964374643000099, 24.162057068000024 ], [ 90.964523568000118, 24.162309003000189 ], [ 90.964622957000074, 24.162414064000075 ], [ 90.96593126800002, 24.163797023000029 ], [ 90.966283161000092, 24.164100916 ], [ 90.967545621000113, 24.165191150000169 ], [ 90.968152916000179, 24.165609504000145 ], [ 90.968457429000068, 24.165770134000127 ], [ 90.968713433000119, 24.165779797000084 ], [ 90.969596223000167, 24.16512168200012 ], [ 90.96990159000012, 24.165232631000151 ], [ 90.969944101000181, 24.165729079000187 ], [ 90.969889825000109, 24.165873923999982 ], [ 90.969374675000097, 24.166677134 ], [ 90.968466340000191, 24.168093361000047 ], [ 90.967935926000166, 24.169060812000055 ], [ 90.967019490000041, 24.171545696000123 ], [ 90.966632612000183, 24.173112808000155 ], [ 90.966398969000124, 24.174685723000152 ], [ 90.966346914000155, 24.175928182 ], [ 90.966333776000113, 24.176241763000121 ], [ 90.966307640000082, 24.176856051000129 ], [ 90.966508302000193, 24.177112171000033 ], [ 90.966703503000076, 24.177133511000022 ], [ 90.966815409000105, 24.177123769000104 ], [ 90.968657819000157, 24.177243027000031 ], [ 90.96983751200014, 24.17719037400019 ], [ 90.969887724000046, 24.177239725999982 ], [ 90.970762017000141, 24.177076116000137 ], [ 90.970970381000143, 24.176885134000145 ], [ 90.971090920999984, 24.175902223000094 ], [ 90.971536316000197, 24.173944127000084 ], [ 90.971542058000125, 24.173646061000113 ], [ 90.971872671000199, 24.172375068 ], [ 90.972195793000139, 24.171496980000029 ], [ 90.972570622000148, 24.170623078000176 ], [ 90.973097815000131, 24.169802391000076 ], [ 90.973205729000199, 24.169510446000118 ], [ 90.974366293000116, 24.167676474000075 ], [ 90.975364427000102, 24.166331215000071 ], [ 90.976149293000049, 24.165420814000186 ], [ 90.978181416000041, 24.163572202000125 ], [ 90.978360267000198, 24.163481226999977 ], [ 90.97890516800004, 24.163204053000129 ], [ 90.979935753000177, 24.162897150000049 ], [ 90.981371304000163, 24.162854052000057 ], [ 90.982607036000104, 24.162505170000145 ], [ 90.984479763000081, 24.16161222400018 ], [ 90.98483724100015, 24.162574606000021 ], [ 90.984932581000066, 24.162973621000106 ], [ 90.984876646000146, 24.163220086000138 ], [ 90.985148219000109, 24.163403283000093 ], [ 90.985556270000075, 24.163678540999967 ], [ 90.986390477000043, 24.164558207000084 ], [ 90.98648083900008, 24.164652944000068 ], [ 90.987548412000024, 24.165772184000105 ], [ 90.989024393000022, 24.167458977000138 ], [ 90.990190671000107, 24.16879179 ], [ 90.99057833500018, 24.169349316000137 ], [ 90.991225289000056, 24.17027973 ], [ 90.991330503000086, 24.170281303000081 ], [ 90.992171685000017, 24.170858346000102 ], [ 90.992750404000049, 24.171148092000124 ], [ 90.993381685000145, 24.171392339000136 ], [ 90.99364403800007, 24.171584800000176 ], [ 90.995905945000118, 24.172651530000167 ], [ 90.996326554000177, 24.17294003700016 ], [ 90.997916131000181, 24.173783083000103 ], [ 90.99818859800007, 24.173927268 ], [ 90.999429124000187, 24.17458372800013 ], [ 91.000218317000019, 24.174876582000024 ], [ 91.000533597000185, 24.175068686000145 ], [ 91.002164909000157, 24.175654028000054 ], [ 91.002270258000067, 24.175750419000167 ], [ 91.002954119000094, 24.17594686700005 ], [ 91.004269430000136, 24.176482337000152 ], [ 91.006583691, 24.177690796000036 ], [ 91.006793872000117, 24.177739079 ], [ 91.007056875000103, 24.177931514000022 ], [ 91.008424670000181, 24.17856368300005 ], [ 91.008991551000122, 24.178903112000114 ], [ 91.009624033000023, 24.179280838000125 ], [ 91.010685372000182, 24.179914672000166 ], [ 91.011005932000103, 24.180179459000158 ], [ 91.011788994000199, 24.180826270000125 ], [ 91.01189421600003, 24.180827830000055 ], [ 91.012314886000183, 24.181116291000023 ], [ 91.014836919000061, 24.183136043000161 ], [ 91.014972859000125, 24.183260299000153 ], [ 91.017930396000111, 24.185963554000068 ], [ 91.018566833000136, 24.186545248000073 ], [ 91.019409358000132, 24.187417892000155 ], [ 91.019829201000107, 24.187852375000148 ], [ 91.020601309000085, 24.188651397000172 ], [ 91.021717980000176, 24.189806966000106 ], [ 91.022235859000148, 24.190467606000084 ], [ 91.022820117000151, 24.19105264000018 ], [ 91.023081984000044, 24.191482117000078 ], [ 91.023459678000052, 24.191925084000047 ], [ 91.024184527000045, 24.192775191000123 ], [ 91.025377865000053, 24.193964407000124 ], [ 91.02649572200005, 24.195078373000115 ], [ 91.02651145800013, 24.195100949 ], [ 91.027596939000148, 24.196658164000155 ], [ 91.027911679000056, 24.197231773999988 ], [ 91.028650406000168, 24.198223450000171 ], [ 91.029310702000089, 24.19910982500005 ], [ 91.029653931000155, 24.199571279000054 ], [ 91.029800287, 24.199768045000155 ], [ 91.031058873000063, 24.201775718000079 ], [ 91.031426648000036, 24.202206720000049 ], [ 91.032159889000013, 24.203545127000041 ], [ 91.032422513000085, 24.203832341000179 ], [ 91.032481880000091, 24.204021592000117 ], [ 91.032526739, 24.204165786000146 ], [ 91.032785397000112, 24.204509879000113 ], [ 91.032937017000052, 24.20471157999998 ], [ 91.033786428000042, 24.205841536000037 ], [ 91.033785498000157, 24.206031198000119 ], [ 91.034363237000093, 24.206702345000167 ], [ 91.034800621000045, 24.207367672000032 ], [ 91.035124527, 24.207859860000099 ], [ 91.036090372000103, 24.209327473000087 ], [ 91.036251742000104, 24.209572674000071 ], [ 91.03755927900005, 24.211886438000192 ], [ 91.038033697, 24.212725923999983 ], [ 91.038348834000089, 24.213109853000049 ], [ 91.038851755000053, 24.213537097000085 ], [ 91.03908442200003, 24.213734752000164 ], [ 91.039400318000048, 24.213831937000123 ], [ 91.041981966000094, 24.214044588000036 ], [ 91.042561065000143, 24.214191893000077 ], [ 91.042771481000159, 24.214334948999976 ], [ 91.042876963000197, 24.214289075000124 ], [ 91.04308300800011, 24.214311202999966 ], [ 91.043351266000059, 24.214340011000047 ], [ 91.043922235000139, 24.21451746200006 ], [ 91.044047076000084, 24.21485857600004 ], [ 91.043061369000156, 24.215231366000182 ], [ 91.041156058000183, 24.215691938000077 ], [ 91.040159899000059, 24.216109161000077 ], [ 91.040058742000156, 24.216229459999965 ], [ 91.040001414000187, 24.216297636000093 ], [ 91.04047033500018, 24.218109669000057 ], [ 91.040783805, 24.21896773300017 ], [ 91.040994015000194, 24.21916046500013 ], [ 91.041732311000146, 24.21897705300006 ], [ 91.04225917600013, 24.218980221000095 ], [ 91.042575084000191, 24.21907740000006 ], [ 91.043100620000132, 24.219748870000046 ], [ 91.043099931000143, 24.219891115000166 ], [ 91.043309457000078, 24.220226084000103 ], [ 91.043572070000039, 24.220655517000182 ], [ 91.043604582000057, 24.220805505000158 ], [ 91.043675669000038, 24.221133450000025 ], [ 91.043797084, 24.221354616000042 ], [ 91.043885585000169, 24.221515830000044 ], [ 91.044146143000034, 24.22237199000017 ], [ 91.044618245000038, 24.223280887000158 ], [ 91.044944202000067, 24.224140482000109 ], [ 91.045559273000094, 24.225762474000021 ], [ 91.04592556900019, 24.226525334000087 ], [ 91.046486700000173, 24.228276567000137 ], [ 91.044590036000102, 24.228909263000105 ], [ 91.043932593000136, 24.229128568000192 ], [ 91.044195526000124, 24.229368345000069 ], [ 91.044510267000135, 24.229847084000141 ], [ 91.045929538000053, 24.231189734000054 ], [ 91.046296604000077, 24.231668112000023 ], [ 91.047185692000085, 24.233958132000112 ], [ 91.047762677000151, 24.234963376000167 ], [ 91.04875752200013, 24.23715783 ], [ 91.049753826000142, 24.238925552000069 ], [ 91.050801466000109, 24.241169296000123 ], [ 91.051010327000085, 24.241790993000109 ], [ 91.051377157000047, 24.242459009000129 ], [ 91.05200427800014, 24.244461811000122 ], [ 91.052108365000151, 24.244842651 ], [ 91.052105286000199, 24.245890267 ], [ 91.052071497000156, 24.246184915000072 ], [ 91.052023147000057, 24.24660653900014 ], [ 91.051996745000167, 24.246839270000123 ], [ 91.051487687000133, 24.248700057000121 ], [ 91.050984334000134, 24.250539937000156 ], [ 91.050661854000111, 24.252725402000067 ], [ 91.050341281000158, 24.254244821999976 ], [ 91.050075172000049, 24.255050415000142 ], [ 91.050020810000035, 24.255477504 ], [ 91.049862082, 24.255715663000103 ], [ 91.049841595000032, 24.255844495000076 ], [ 91.049808788000064, 24.256047919000082 ], [ 91.049596584000085, 24.256521251000152 ], [ 91.049225695000018, 24.25708824600008 ], [ 91.048802994000141, 24.257418535000113 ], [ 91.048714133000146, 24.257576897000092 ], [ 91.048485043000198, 24.257985162000011 ], [ 91.048303409000084, 24.25814713200009 ], [ 91.047468056000184, 24.258892040000092 ], [ 91.047342610000101, 24.259003901000028 ], [ 91.046989470000199, 24.259318803000156 ], [ 91.046555388000172, 24.259705875 ], [ 91.046189503000164, 24.260032135000188 ], [ 91.045805805000043, 24.260374274000185 ], [ 91.045244779000143, 24.260874532000173 ], [ 91.044573377000063, 24.261473202000161 ], [ 91.043515665000086, 24.262604819999979 ], [ 91.043401504000144, 24.262749844999973 ], [ 91.043010101, 24.263247059000093 ], [ 91.042139724000037, 24.264352719000101 ], [ 91.040708767000183, 24.266909255000087 ], [ 91.039909356000067, 24.269754967000154 ], [ 91.039826196000092, 24.270231660999968 ], [ 91.039310545000149, 24.272067184999969 ], [ 91.039202886000055, 24.272684285000082 ], [ 91.039255395000055, 24.272781008000152 ], [ 91.039148658000158, 24.273208452000176 ], [ 91.039200152000149, 24.273634814000104 ], [ 91.039147358000037, 24.273730000000171 ], [ 91.039185569000097, 24.274121774999969 ], [ 91.039249465000069, 24.274776895000173 ], [ 91.039141447000191, 24.275728143000038 ], [ 91.039192572000047, 24.276109353000095 ], [ 91.039033555000174, 24.276392658000191 ], [ 91.039242866000166, 24.276917280000077 ], [ 91.03924181800005, 24.277393670000095 ], [ 91.039346585000089, 24.277632276000077 ], [ 91.039448774000107, 24.278536931000076 ], [ 91.03976112600003, 24.279918791 ], [ 91.039842603000125, 24.280124884000088 ], [ 91.040232029000038, 24.281109916000048 ], [ 91.040492895000114, 24.282065410000087 ], [ 91.040500138000084, 24.282198566000091 ], [ 91.040473871000131, 24.282300345000067 ], [ 91.040492134000147, 24.282349891000081 ], [ 91.040227414000071, 24.282584250000184 ], [ 91.040069538000182, 24.28263048600013 ], [ 91.039080186000035, 24.282398796000109 ], [ 91.038383426999985, 24.282235621000041 ], [ 91.038224722000109, 24.282331531000182 ], [ 91.0381700060002, 24.282948268000098 ], [ 91.038482053000166, 24.284519782000132 ], [ 91.038479464000034, 24.285185833000071 ], [ 91.038583034000112, 24.285806003000062 ], [ 91.038529986000128, 24.285946347000106 ], [ 91.038894175000166, 24.287567171000092 ], [ 91.03894562000005, 24.288138027000059 ], [ 91.03908721300013, 24.288578123999969 ], [ 91.039206546000173, 24.288949031000016 ], [ 91.039255337000043, 24.290328173000091 ], [ 91.038356690000171, 24.290986803000067 ], [ 91.037247705000198, 24.291452701000082 ], [ 91.036614304000068, 24.291637642000182 ], [ 91.03539992900005, 24.29224648200011 ] ] ] } },
{ "type": "Feature", "properties": { "adm3_name": "Bhairab", "adm3_name1": null, "adm3_name2": null, "adm3_name3": null, "adm3_pcode": "BD30480011", "adm2_name": "Kishoreganj", "adm2_name1": null, "adm2_name2": null, "adm2_name3": null, "adm2_pcode": "BD3048", "adm1_name": "Dhaka", "adm1_name1": null, "adm1_name2": null, "adm1_name3": null, "adm1_pcode": "BD30", "adm0_name": "Bangladesh", "adm0_name1": null, "adm0_name2": null, "adm0_name3": null, "adm0_pcode": "BD", "valid_on": "2023-05-21T00:00:00", "valid_to": null, "area_sqkm": 118.90326849, "version": "v03", "lang": "en", "lang1": null, "lang2": null, "lang3": null, "adm3_ref_name": null, "center_lat": 24.10221109, "center_lon": 90.98120406, "female_pop": 181682.0, "male_pop": 167199.0, "total_pop": 348881.0, "nearest_facility_min": 15.432872807396029 }, "geometry": { "type": "Polygon", "coordinates": [ [ [ 90.969887724000046, 24.177239725999982 ], [ 90.96983751200014, 24.17719037400019 ], [ 90.968657819000157, 24.177243027000031 ], [ 90.966815409000105, 24.177123769000104 ], [ 90.966703503000076, 24.177133511000022 ], [ 90.966508302000193, 24.177112171000033 ], [ 90.966307640000082, 24.176856051000129 ], [ 90.966333776000113, 24.176241763000121 ], [ 90.966346914000155, 24.175928182 ], [ 90.966398969000124, 24.174685723000152 ], [ 90.966632612000183, 24.173112808000155 ], [ 90.967019490000041, 24.171545696000123 ], [ 90.967935926000166, 24.169060812000055 ], [ 90.968466340000191, 24.168093361000047 ], [ 90.969374675000097, 24.166677134 ], [ 90.969889825000109, 24.165873923999982 ], [ 90.969944101000181, 24.165729079000187 ], [ 90.96990159000012, 24.165232631000151 ], [ 90.969596223000167, 24.16512168200012 ], [ 90.968713433000119, 24.165779797000084 ], [ 90.968457429000068, 24.165770134000127 ], [ 90.968152916000179, 24.165609504000145 ], [ 90.967545621000113, 24.165191150000169 ], [ 90.966283161000092, 24.164100916 ], [ 90.96593126800002, 24.163797023000029 ], [ 90.964622957000074, 24.162414064000075 ], [ 90.964523568000118, 24.162309003000189 ], [ 90.964374643000099, 24.162057068000024 ], [ 90.963069625000173, 24.160583849999966 ], [ 90.962517018000142, 24.159960006000063 ], [ 90.962123438000106, 24.159650909000163 ], [ 90.961840506000158, 24.159528230000035 ], [ 90.961049026000012, 24.160435315000029 ], [ 90.960962097000049, 24.16041234700009 ], [ 90.960880246000102, 24.1604083470001 ], [ 90.960385773000155, 24.160427264000191 ], [ 90.959923913000125, 24.160529515 ], [ 90.959561538000059, 24.160608560000071 ], [ 90.959529601000156, 24.160615536000137 ], [ 90.959278024000071, 24.160702915000172 ], [ 90.958580684000083, 24.160947755000166 ], [ 90.957782020000082, 24.161382884000034 ], [ 90.957747571000141, 24.161383101000126 ], [ 90.957562388000042, 24.16138200600011 ], [ 90.957459494000034, 24.161443612000085 ], [ 90.957406808000144, 24.161473295000121 ], [ 90.957189670000105, 24.161476915000094 ], [ 90.957025820000013, 24.161572772000113 ], [ 90.954393254000195, 24.162176296000098 ], [ 90.954357625000171, 24.162183291000076 ], [ 90.953623711000034, 24.162269164000179 ], [ 90.951551945000176, 24.162301292000166 ], [ 90.950689002000104, 24.162201685000184 ], [ 90.949949015000072, 24.162007606000032 ], [ 90.949343097000053, 24.161848814 ], [ 90.949076797000032, 24.161943043000065 ], [ 90.948473805000049, 24.161596831000054 ], [ 90.946791571000119, 24.161142170000176 ], [ 90.946681337000086, 24.161043510000184 ], [ 90.945267979, 24.160591679 ], [ 90.944979486000193, 24.160684759000048 ], [ 90.944660511, 24.160471260000065 ], [ 90.944292511000128, 24.16028840000007 ], [ 90.943925158000184, 24.160193587000094 ], [ 90.943783271000086, 24.160140277000153 ], [ 90.94356954400007, 24.160021935000145 ], [ 90.94343303900007, 24.159969333000049 ], [ 90.942739147000054, 24.159701942000027 ], [ 90.941992196000115, 24.159435617000099 ], [ 90.941695726000091, 24.159274885000116 ], [ 90.941206382000132, 24.158986646000187 ], [ 90.941099032000125, 24.158913738000024 ], [ 90.941003445000149, 24.158848817000035 ], [ 90.940745159000073, 24.158673395999983 ], [ 90.940293299000189, 24.158294609 ], [ 90.939971985000057, 24.158016617000101 ], [ 90.939627343000154, 24.157745545000068 ], [ 90.939442212000188, 24.157658275000131 ], [ 90.939309514000058, 24.157607517000031 ], [ 90.939217593000137, 24.157571958000176 ], [ 90.939046363000045, 24.157290784 ], [ 90.938229561000128, 24.156638783000176 ], [ 90.937768616000085, 24.15610877000006 ], [ 90.937611049999987, 24.155929111000034 ], [ 90.937405741000191, 24.155697819000125 ], [ 90.937301737999974, 24.155579714 ], [ 90.93714272800014, 24.155399143000068 ], [ 90.936784698000054, 24.154927942000086 ], [ 90.936652654000113, 24.154754157000184 ], [ 90.936482456000078, 24.154587859000117 ], [ 90.936324275000061, 24.154433303000076 ], [ 90.936074798000107, 24.154117381000049 ], [ 90.935912623000092, 24.15391201400007 ], [ 90.935555538000131, 24.153365552000139 ], [ 90.93553732100014, 24.153344631999971 ], [ 90.935236713000108, 24.152999404000013 ], [ 90.935144868000066, 24.152893926 ], [ 90.934870254000089, 24.152520810000055 ], [ 90.934593205000169, 24.152061907000189 ], [ 90.934540243000015, 24.151974180000138 ], [ 90.934319779000077, 24.151602989000025 ], [ 90.934212045000038, 24.151439844000151 ], [ 90.934154948000071, 24.151353378000067 ], [ 90.933963610000035, 24.151180698000189 ], [ 90.933771174000071, 24.150856748000024 ], [ 90.933633248000035, 24.150584395000124 ], [ 90.933466698000132, 24.150267058999987 ], [ 90.933414921000178, 24.150168032000067 ], [ 90.93329886700019, 24.149942960000089 ], [ 90.93288397900011, 24.149141709000162 ], [ 90.932643367000139, 24.148535824000191 ], [ 90.932608505000076, 24.148445233000075 ], [ 90.932543680000151, 24.148276782999972 ], [ 90.932211779000113, 24.147127319000106 ], [ 90.932094235000136, 24.146718918000147 ], [ 90.932049604000099, 24.146563852000099 ], [ 90.931928441000139, 24.146142378000036 ], [ 90.931871691000026, 24.14595080800018 ], [ 90.931848993000131, 24.145874181000124 ], [ 90.931819343000143, 24.145772761000103 ], [ 90.931817690000116, 24.145544729000051 ], [ 90.931769396, 24.145416329000113 ], [ 90.931698103000087, 24.145339997000178 ], [ 90.931685438000159, 24.145187325000165 ], [ 90.931659096000146, 24.144965435000074 ], [ 90.931647288000022, 24.144863905000022 ], [ 90.931613025000161, 24.144719613000177 ], [ 90.931389422, 24.144506484000033 ], [ 90.931476558000099, 24.144137925 ], [ 90.931400806000056, 24.143531032000169 ], [ 90.931303564000189, 24.143183918000034 ], [ 90.931271455000115, 24.142933669000058 ], [ 90.931228592000195, 24.142599599000107 ], [ 90.931227006000086, 24.142380597999988 ], [ 90.93129617000011, 24.142163425999968 ], [ 90.931317802000137, 24.14183816600007 ], [ 90.931316058000164, 24.141798815000129 ], [ 90.931303096000136, 24.141506354000171 ], [ 90.931289104000086, 24.14118808500001 ], [ 90.931282807000173, 24.140318859000047 ], [ 90.9312510580001, 24.140011989000072 ], [ 90.931181635000144, 24.139344094000137 ], [ 90.931207931000188, 24.138620849000063 ], [ 90.931221130000154, 24.138257835000047 ], [ 90.931215635000115, 24.137499238000089 ], [ 90.931232564000197, 24.136609550000173 ], [ 90.93127365600003, 24.136353967000105 ], [ 90.931316139999979, 24.136089739000056 ], [ 90.931273005000094, 24.135654239000075 ], [ 90.931322257000033, 24.13542035 ], [ 90.931432960000052, 24.134894631000122 ], [ 90.931495360000099, 24.134211258000164 ], [ 90.931498506000139, 24.134178499000029 ], [ 90.931567020000159, 24.133787477000169 ], [ 90.931530636000161, 24.133626520000121 ], [ 90.931469163000145, 24.133354569000062 ], [ 90.931452174000071, 24.13327453300019 ], [ 90.93139593300009, 24.133009568000034 ], [ 90.931534081000166, 24.13289131800019 ], [ 90.931704183000022, 24.132599020000157 ], [ 90.931866127000092, 24.132454659000018 ], [ 90.932131893000076, 24.132208061000085 ], [ 90.932958418000169, 24.131089901999985 ], [ 90.933741909000048, 24.130315193000115 ], [ 90.934329321000178, 24.129557033000083 ], [ 90.934818940000071, 24.128925085000049 ], [ 90.935812411000143, 24.127642792000074 ], [ 90.936646818000156, 24.126770669000109 ], [ 90.937129568000159, 24.125886722000075 ], [ 90.937143854000055, 24.12586056400005 ], [ 90.937355382000192, 24.125092773 ], [ 90.93750782799998, 24.124539427000059 ], [ 90.937525199000106, 24.124492851000127 ], [ 90.937560852000104, 24.124397254000144 ], [ 90.937724296000169, 24.123959007 ], [ 90.937742138000033, 24.123894240000084 ], [ 90.938310145000059, 24.122371203000057 ], [ 90.93845741500013, 24.12197630999998 ], [ 90.938497680000182, 24.121711058000074 ], [ 90.938725888000079, 24.12110600200009 ], [ 90.938731980000057, 24.121065870000166 ], [ 90.938794934999976, 24.120898953000108 ], [ 90.939127189000146, 24.120018025999968 ], [ 90.939506159000075, 24.119013224000128 ], [ 90.939577843000109, 24.118823157000122 ], [ 90.940171256000099, 24.117635816000075 ], [ 90.940286414000013, 24.117405395999981 ], [ 90.940623456000196, 24.116231890000051 ], [ 90.940676836000193, 24.116046032000156 ], [ 90.940715407000084, 24.115865509000059 ], [ 90.940864742000088, 24.115166577000139 ], [ 90.940977911000118, 24.114831721000144 ], [ 90.94125961300017, 24.113996844000042 ], [ 90.941443364000179, 24.112970656000073 ], [ 90.941526998000199, 24.112656605000097 ], [ 90.941972291000184, 24.110984465000115 ], [ 90.942119091000052, 24.110433200000045 ], [ 90.94281104300012, 24.108435266000129 ], [ 90.94285147700009, 24.10799473600008 ], [ 90.942794793000189, 24.107895742000096 ], [ 90.9421968380002, 24.107696224999984 ], [ 90.941652974000135, 24.107691364000061 ], [ 90.940851254000052, 24.107684195000104 ], [ 90.939719946000082, 24.107625679000023 ], [ 90.939178663000121, 24.107522891000031 ], [ 90.938612016000036, 24.107517976999986 ], [ 90.938264185000151, 24.107514959000127 ], [ 90.936833359000047, 24.107382769000026 ], [ 90.936304186000086, 24.10733387700003 ], [ 90.934973314000104, 24.107210904999988 ], [ 90.934757892, 24.107190999000125 ], [ 90.933766339000158, 24.107154164000178 ], [ 90.933655094000073, 24.107167193000123 ], [ 90.932769750000034, 24.107270883000183 ], [ 90.93261873900002, 24.107460561000039 ], [ 90.932701025000085, 24.107896671000049 ], [ 90.932998480000094, 24.109473137000123 ], [ 90.933168497000054, 24.109767877000024 ], [ 90.933346027000198, 24.110382286000117 ], [ 90.933409456000163, 24.110601804000169 ], [ 90.933479783000053, 24.111140999000099 ], [ 90.933772908000037, 24.111935105999976 ], [ 90.933779975, 24.112170996000145 ], [ 90.93395158800007, 24.112515397000152 ], [ 90.934039690000077, 24.113639262000106 ], [ 90.933942542000068, 24.113980789000038 ], [ 90.933793987000115, 24.114139129000023 ], [ 90.933805378000102, 24.11428444400002 ], [ 90.933708229000104, 24.114625972000056 ], [ 90.933643354000196, 24.114695119000032 ], [ 90.933343905000186, 24.115014286000019 ], [ 90.93259623300014, 24.115203996000105 ], [ 90.931298626000171, 24.115237033000085 ], [ 90.931032757000082, 24.115091607000124 ], [ 90.930566005000173, 24.114347652000106 ], [ 90.930353994000143, 24.114009724000027 ], [ 90.929683171000136, 24.113173889999985 ], [ 90.92939602600012, 24.112584083000115 ], [ 90.929175058000112, 24.112386737000122 ], [ 90.929123468000114, 24.112283568000066 ], [ 90.929002840000066, 24.112042335000069 ], [ 90.928161395000188, 24.110909497000137 ], [ 90.927934728000196, 24.110518010000135 ], [ 90.927593467000065, 24.109926270000074 ], [ 90.927475387000072, 24.109583796000152 ], [ 90.927141097000117, 24.109190701000045 ], [ 90.927024591000077, 24.108895631000109 ], [ 90.926405726000155, 24.108009794000111 ], [ 90.926065111000128, 24.107420304000186 ], [ 90.925943864000089, 24.106978502000061 ], [ 90.925632880000137, 24.106286589000092 ], [ 90.92524505300014, 24.105423693000091 ], [ 90.925193946000036, 24.105309981000119 ], [ 90.92507111700013, 24.104818517000126 ], [ 90.92506698700015, 24.104671781000036 ], [ 90.925199232000125, 24.104549501000065 ], [ 90.925275907000184, 24.104478601000039 ], [ 90.925381958000173, 24.104479442000013 ], [ 90.926567332, 24.104488840000101 ], [ 90.926881311000159, 24.10419793 ], [ 90.926919255000087, 24.103734717000123 ], [ 90.927077453000038, 24.10180342700005 ], [ 90.926940281000043, 24.099063237000166 ], [ 90.926966209000057, 24.098451486999977 ], [ 90.926971294000055, 24.098331505000033 ], [ 90.927070021000134, 24.098037387000034 ], [ 90.927304340000035, 24.097392214000024 ], [ 90.927029296000057, 24.097195192000072 ], [ 90.926806379000141, 24.097126231000118 ], [ 90.926377903000059, 24.096993677000171 ], [ 90.926139189000196, 24.096974604000081 ], [ 90.925980420000144, 24.096961919000023 ], [ 90.925203408000129, 24.096899832000133 ], [ 90.924329130999979, 24.096829969000112 ], [ 90.924178098000198, 24.096817730999987 ], [ 90.923545703, 24.096766486000092 ], [ 90.921858429000054, 24.096629749000101 ], [ 90.921601880000196, 24.096608957000115 ], [ 90.918235707000122, 24.096336099000098 ], [ 90.917519092000077, 24.096364844000107 ], [ 90.916117397, 24.096421060000125 ], [ 90.916048262000061, 24.096431722000148 ], [ 90.91581274300006, 24.096468044000119 ], [ 90.915551698, 24.096507988000042 ], [ 90.915246015000037, 24.096496272000138 ], [ 90.915298257000074, 24.096977536000168 ], [ 90.914565174000131, 24.097068277000119 ], [ 90.911228253000161, 24.097861537000028 ], [ 90.910945803000061, 24.097928678000187 ], [ 90.910569646999988, 24.098018093 ], [ 90.907383082000024, 24.098335740000095 ], [ 90.907141116000105, 24.098335412999973 ], [ 90.907013642000038, 24.098335241000143 ], [ 90.903283140000099, 24.098330153000063 ], [ 90.902737022000053, 24.098310336000111 ], [ 90.90189652000015, 24.098279833 ], [ 90.900451535, 24.098227380000026 ], [ 90.899017380000089, 24.097877383000082 ], [ 90.898390693000067, 24.097777632000088 ], [ 90.897388631000069, 24.097618125000167 ], [ 90.895405356000197, 24.097553197000082 ], [ 90.895256169000049, 24.097548312000129 ], [ 90.893936758000052, 24.097220173000096 ], [ 90.89230932300012, 24.094864410000127 ], [ 90.893126354000117, 24.094410161000098 ], [ 90.894234282000127, 24.09368794300002 ], [ 90.894871140000078, 24.09339972700019 ], [ 90.895282522000173, 24.093102615000078 ], [ 90.895593686000154, 24.092877882000039 ], [ 90.895701707000114, 24.092799866000178 ], [ 90.897345271000063, 24.091612804000192 ], [ 90.898228029000109, 24.090764561000071 ], [ 90.898808693000149, 24.090206593000119 ], [ 90.899011256000165, 24.090022236000038 ], [ 90.89922071400008, 24.089831603000164 ], [ 90.90067889300019, 24.088504451000119 ], [ 90.901517240000032, 24.087541207000186 ], [ 90.902286719000188, 24.086657075000062 ], [ 90.905029458000172, 24.083579211000142 ], [ 90.905942746000051, 24.082773944 ], [ 90.907677083000124, 24.081244699000024 ], [ 90.908629062000102, 24.080405897000105 ], [ 90.911380184, 24.078553888999977 ], [ 90.913549687, 24.077930120000133 ], [ 90.914804435000121, 24.07756934300005 ], [ 90.917159148000167, 24.077428305000126 ], [ 90.919662985000116, 24.077278294000052 ], [ 90.921900644000061, 24.077652546000081 ], [ 90.923194320000164, 24.07786889900018 ], [ 90.925325776000136, 24.078624208 ], [ 90.925869368000178, 24.078816831000097 ], [ 90.926988152000035, 24.079306781000128 ], [ 90.927557237000087, 24.079531375000045 ], [ 90.928180886000121, 24.079841016000159 ], [ 90.928424815000142, 24.079961455000102 ], [ 90.929793215000188, 24.080457062000164 ], [ 90.930807205000065, 24.08099052100016 ], [ 90.9313657900002, 24.081358716000182 ], [ 90.933201325000084, 24.082568589000175 ], [ 90.935107504000143, 24.083824977 ], [ 90.936926182000036, 24.085179841000013 ], [ 90.936969092000197, 24.085204436000026 ], [ 90.937389292000148, 24.085445286000038 ], [ 90.9384321980001, 24.086043048000136 ], [ 90.940185324000197, 24.086497910000105 ], [ 90.940397575000077, 24.086552979000146 ], [ 90.943689117000133, 24.086762100000101 ], [ 90.944229342000142, 24.086483494000163 ], [ 90.945452390000071, 24.085852729000123 ], [ 90.94715008300011, 24.084523180000133 ], [ 90.948657676000096, 24.08283157600016 ], [ 90.950265388000048, 24.080604073000131 ], [ 90.951381420000189, 24.079330903000141 ], [ 90.951499265000109, 24.078885314000161 ], [ 90.95164580200003, 24.078331233000029 ], [ 90.951715381000042, 24.077346381000098 ], [ 90.951926221000065, 24.077008650000096 ], [ 90.951777426000092, 24.076756698000054 ], [ 90.951845882999976, 24.076294721000124 ], [ 90.951893964000135, 24.0759702470001 ], [ 90.952119514000174, 24.074991745000148 ], [ 90.95235207900015, 24.073982800000067 ], [ 90.952673135000055, 24.07258992300018 ], [ 90.952860838000049, 24.072146221000082 ], [ 90.952907283000059, 24.071944713000107 ], [ 90.953190468000116, 24.071275297000113 ], [ 90.953383447000192, 24.070819113000027 ], [ 90.953442616000018, 24.070679244000075 ], [ 90.954129339000076, 24.070023331000073 ], [ 90.954537151000068, 24.06963381200012 ], [ 90.955002061000187, 24.069405128000028 ], [ 90.955697466000061, 24.069172181 ], [ 90.956856480000056, 24.068783924000115 ], [ 90.957300798000063, 24.068701431000136 ], [ 90.959092155, 24.06836883200009 ], [ 90.960606835000135, 24.068087586000047 ], [ 90.960993193000093, 24.067968176000136 ], [ 90.961173559000144, 24.067912430000149 ], [ 90.962569065000139, 24.067174375000093 ], [ 90.962981196000044, 24.067043084000147 ], [ 90.963689379000073, 24.06593365700013 ], [ 90.964493380000079, 24.065191662000075 ], [ 90.964592094000068, 24.064839136000046 ], [ 90.964810122000188, 24.064060515 ], [ 90.964900791000161, 24.063451388000146 ], [ 90.964985719000083, 24.062880818 ], [ 90.965142275000062, 24.062690170000053 ], [ 90.965122151000173, 24.062255271000026 ], [ 90.965079333000176, 24.061329946000114 ], [ 90.965068953000184, 24.061105631000146 ], [ 90.964902051000081, 24.060539059000178 ], [ 90.964803403000076, 24.060204184000042 ], [ 90.964538514000083, 24.05930496100018 ], [ 90.964398544000062, 24.058971415000144 ], [ 90.964093115000082, 24.058243573000141 ], [ 90.964034927000057, 24.058133364000128 ], [ 90.963916448000134, 24.057908960000077 ], [ 90.963563653000165, 24.057240750000176 ], [ 90.963539845000128, 24.0571956550001 ], [ 90.962711839, 24.055629408000073 ], [ 90.961968405000164, 24.054021462000094 ], [ 90.961586648000093, 24.053195755000104 ], [ 90.961037494000152, 24.052007063000133 ], [ 90.960892152000042, 24.051556408000067 ], [ 90.96066291700015, 24.050980552 ], [ 90.959913129000086, 24.049096982000151 ], [ 90.959432742000047, 24.047397579000119 ], [ 90.959343442000147, 24.046638055000187 ], [ 90.959269091000124, 24.046005684000136 ], [ 90.959210977999987, 24.045511411 ], [ 90.95921350500015, 24.045374391000053 ], [ 90.959226090000186, 24.044692221000105 ], [ 90.959230969000146, 24.044427705000089 ], [ 90.959238535000054, 24.044017593999968 ], [ 90.959245594000038, 24.043634925000049 ], [ 90.959304773000042, 24.043409267000186 ], [ 90.959630511000171, 24.042167167000059 ], [ 90.959811025000192, 24.041810420000161 ], [ 90.960009888, 24.041417405000061 ], [ 90.960267738000027, 24.040907811000181 ], [ 90.960428213000114, 24.040717803000064 ], [ 90.961037614000134, 24.039996242000143 ], [ 90.961100909000152, 24.039869116000091 ], [ 90.961124987000176, 24.039840243000128 ], [ 90.961735597000086, 24.039108020000185 ], [ 90.961960235, 24.038838640000108 ], [ 90.96215007100011, 24.038662884000132 ], [ 90.962193609000167, 24.038622575999966 ], [ 90.962541911000187, 24.038301072000024 ], [ 90.962565245000178, 24.038279533000093 ], [ 90.962783844000057, 24.038167251000061 ], [ 90.962915839000061, 24.03809945200004 ], [ 90.962937993000082, 24.038079060000143 ], [ 90.963218354000105, 24.037820995 ], [ 90.963517160000151, 24.037830628 ], [ 90.963718101000154, 24.037691908000056 ], [ 90.965112417000057, 24.03721153000015 ], [ 90.965515667000034, 24.037166927999976 ], [ 90.965818260000106, 24.037134747999971 ], [ 90.966139871000166, 24.037051253000072 ], [ 90.966468248000069, 24.036964279000188 ], [ 90.967288619000158, 24.036902256000133 ], [ 90.967366279000032, 24.036896385000091 ], [ 90.967567247000147, 24.036759858000039 ], [ 90.967865026000197, 24.036866240000165 ], [ 90.968165364000129, 24.036730723000062 ], [ 90.969069145000049, 24.036767264000162 ], [ 90.970780846000196, 24.036836455000071 ], [ 90.971267680000153, 24.036856131000093 ], [ 90.972782681000183, 24.036917350000124 ], [ 90.974143942000126, 24.036973597000042 ], [ 90.974525956000093, 24.037060321000126 ], [ 90.974889123000196, 24.037142766000102 ], [ 90.976532424000197, 24.037292355000147 ], [ 90.977923485000076, 24.037675832000161 ], [ 90.978043062000154, 24.037698844000147 ], [ 90.979117244000179, 24.037905555000066 ], [ 90.979465752000067, 24.03791675500014 ], [ 90.980263395000065, 24.037944543000094 ], [ 90.98111163100009, 24.037826597000105 ], [ 90.981145016000085, 24.037817401000098 ], [ 90.982512580000105, 24.037391959000047 ], [ 90.983231107000165, 24.037070100000165 ], [ 90.983339842000191, 24.037021392000042 ], [ 90.983412427000019, 24.036989153000093 ], [ 90.983614623000051, 24.036899345000165 ], [ 90.986083531000077, 24.035619846000031 ], [ 90.986635959000125, 24.035333543000093 ], [ 90.986682486000177, 24.035309430000154 ], [ 90.986708501000066, 24.035346661000119 ], [ 90.989077276000046, 24.038079365000101 ], [ 90.989742746000047, 24.038938878000067 ], [ 90.99159382900018, 24.041329634000135 ], [ 90.991724290000036, 24.041498124000043 ], [ 90.992145347000189, 24.042041921000191 ], [ 90.992177949, 24.042084026000055 ], [ 90.992516274000195, 24.04245609600008 ], [ 90.9927198150001, 24.042679936000127 ], [ 90.99309863600007, 24.043061269000191 ], [ 90.993162809000125, 24.043125867000185 ], [ 90.993227047000119, 24.04319053100005 ], [ 90.993261558000086, 24.04322527100004 ], [ 90.993509169000049, 24.043378386000029 ], [ 90.993539569000063, 24.043494551000151 ], [ 90.993702572000132, 24.043591524000078 ], [ 90.99385364, 24.043774391 ], [ 90.99390946, 24.043826497000055 ], [ 90.994184698000083, 24.04408403400015 ], [ 90.99426173400002, 24.044156114000089 ], [ 90.995018431, 24.044864133000146 ], [ 90.995185394000089, 24.045020353999973 ], [ 90.99528603400006, 24.045091039000056 ], [ 90.995929830000193, 24.045543205000172 ], [ 90.995976312000153, 24.045575851000024 ], [ 90.996937384000091, 24.046373358000039 ], [ 90.99760593200017, 24.046928116000117 ], [ 90.997959696000123, 24.047192174000088 ], [ 90.99803493200011, 24.047248332000152 ], [ 90.998369177000143, 24.047499277000043 ], [ 90.998545049000143, 24.047631318000185 ], [ 90.999535414000093, 24.048193168000125 ], [ 90.999831377000191, 24.048411622000117 ], [ 91.000868883000066, 24.049177410000027 ], [ 91.001333797000143, 24.049521194000079 ], [ 91.001564076000079, 24.049691474000099 ], [ 91.002056580000158, 24.050055655000165 ], [ 91.002630558000078, 24.050547809000022 ], [ 91.006598837000013, 24.053955912 ], [ 91.008627595, 24.055325169000071 ], [ 91.009635452, 24.056006709000144 ], [ 91.00966559900013, 24.056027094000115 ], [ 91.010008675000051, 24.056238383000107 ], [ 91.010034166000139, 24.056285465000087 ], [ 91.010613058000104, 24.057354652000186 ], [ 91.010768711000082, 24.057450706000168 ], [ 91.012037781000117, 24.058042901000022 ], [ 91.019772074000116, 24.060709969000072 ], [ 91.020790243000079, 24.061281178000172 ], [ 91.021090341000047, 24.061450771000068 ], [ 91.021401670000103, 24.061699477000047 ], [ 91.021998484000108, 24.062176239000053 ], [ 91.022551905000171, 24.062741512000059 ], [ 91.024963516000128, 24.065303796000137 ], [ 91.02509137200002, 24.065421483000023 ], [ 91.025467594000077, 24.065767784000172 ], [ 91.026276237000104, 24.066342620000114 ], [ 91.027311464000036, 24.066884319000053 ], [ 91.027696675000072, 24.067087193000134 ], [ 91.028627390000054, 24.067402765000168 ], [ 91.029172350000181, 24.067587538000055 ], [ 91.030696578000175, 24.068238815000029 ], [ 91.032066871000154, 24.068934013000046 ], [ 91.033735899000021, 24.070083255999975 ], [ 91.034224997000194, 24.070359918000122 ], [ 91.034394825000049, 24.070455854999977 ], [ 91.035160330000053, 24.071032096000181 ], [ 91.036466786000119, 24.072015522000186 ], [ 91.037629834000086, 24.07315233900016 ], [ 91.038261435000038, 24.07377083900019 ], [ 91.038831968000068, 24.074329529000067 ], [ 91.040083252000045, 24.075957931000119 ], [ 91.042643389000034, 24.078871121000134 ], [ 91.043422921000058, 24.079960971000048 ], [ 91.043842278000056, 24.08054725900007 ], [ 91.044289848000119, 24.081305081000096 ], [ 91.045287927000174, 24.082777118000081 ], [ 91.045377405000124, 24.082893910000166 ], [ 91.046016923000082, 24.083719809 ], [ 91.046389548000093, 24.08420102600013 ], [ 91.047218570000155, 24.085456627000042 ], [ 91.047872608000091, 24.086447185000111 ], [ 91.049032646000114, 24.088204044000065 ], [ 91.049133767000058, 24.088390747000119 ], [ 91.049636349000082, 24.089316143000133 ], [ 91.050074446000167, 24.09012279000018 ], [ 91.050242670000046, 24.090583035000179 ], [ 91.050514026000144, 24.09132543000004 ], [ 91.050603980000119, 24.091726434000179 ], [ 91.05070416600006, 24.092173052000192 ], [ 91.050843447000148, 24.092966839000042 ], [ 91.050964785000019, 24.094801587000177 ], [ 91.051080182000078, 24.0961086370001 ], [ 91.051135513000133, 24.09673533800003 ], [ 91.051120827000148, 24.09757307600006 ], [ 91.050844047000169, 24.100584927000114 ], [ 91.050804005000089, 24.101020641000105 ], [ 91.050038451000148, 24.103809755000157 ], [ 91.049863256000094, 24.104241923000188 ], [ 91.049804743000152, 24.104455096000152 ], [ 91.049054861000116, 24.106304858999977 ], [ 91.048724711000148, 24.106971201000079 ], [ 91.04821596000005, 24.107998003000091 ], [ 91.048045748, 24.1083415330001 ], [ 91.04757315400019, 24.109132743000032 ], [ 91.0474335830001, 24.109367085000031 ], [ 91.047272131000057, 24.109638166000025 ], [ 91.046921001000101, 24.110227714000132 ], [ 91.04688519900003, 24.110286669000118 ], [ 91.046550373000173, 24.110784795000143 ], [ 91.046148795000192, 24.111382222000088 ], [ 91.045777950000115, 24.112059840000029 ], [ 91.045195210000088, 24.112969072000112 ], [ 91.045091704000185, 24.113130566000166 ], [ 91.044007204000195, 24.114822635000053 ], [ 91.043302714000163, 24.115921772000149 ], [ 91.043146423999985, 24.116062824000096 ], [ 91.043038713000044, 24.116354817 ], [ 91.041729738000015, 24.117987094000171 ], [ 91.041027782000015, 24.118789400000082 ], [ 91.040893107000159, 24.118943326000078 ], [ 91.040707130000158, 24.119107326000119 ], [ 91.039280419000136, 24.120365425000045 ], [ 91.038535381000145, 24.120925913000065 ], [ 91.036563650000176, 24.122409198000128 ], [ 91.034089297000151, 24.124270508000109 ], [ 91.03390446800006, 24.124386965000042 ], [ 91.033053325000083, 24.124923246000094 ], [ 91.031501537999986, 24.125753314000065 ], [ 91.029640856000071, 24.126720915000078 ], [ 91.028785467000091, 24.127259827000103 ], [ 91.028604840000128, 24.127373624000029 ], [ 91.027877475000082, 24.127938455000105 ], [ 91.026790375000189, 24.128589240000053 ], [ 91.026292721000061, 24.128886094999984 ], [ 91.026246448000052, 24.128913788999967 ], [ 91.026092952000113, 24.129005655000128 ], [ 91.025499438000054, 24.129360867 ], [ 91.025392307000175, 24.129424982999979 ], [ 91.025135542000157, 24.129465092000032 ], [ 91.02327414400014, 24.130432621000068 ], [ 91.020848946000058, 24.131428735000043 ], [ 91.020488577000151, 24.131512427000075 ], [ 91.019094411000083, 24.132151663 ], [ 91.016928433000089, 24.132958589000168 ], [ 91.01275156700018, 24.134272466000084 ], [ 91.010901040000078, 24.134854524000104 ], [ 91.010282215000132, 24.135079884000106 ], [ 91.009919920000129, 24.135312575000057 ], [ 91.009527791000096, 24.135433853000166 ], [ 91.009352977000162, 24.135487918000081 ], [ 91.008939017000046, 24.135720949000131 ], [ 91.008682220000196, 24.135758774000124 ], [ 91.008525883000118, 24.13590204400009 ], [ 91.007856317000176, 24.136197674000016 ], [ 91.007596652000075, 24.136312321 ], [ 91.007290484000123, 24.136251133000087 ], [ 91.006926726000074, 24.136533494000105 ], [ 91.00630786500011, 24.136756582000089 ], [ 91.005065082000044, 24.13750081 ], [ 91.004548960000136, 24.137727730000165 ], [ 91.00428706100007, 24.137932105000118 ], [ 91.003110435000053, 24.138850283000011 ], [ 91.003041146000101, 24.13890430500004 ], [ 91.002678200999981, 24.139187277000019 ], [ 91.001329253000108, 24.140126345000112 ], [ 90.999326467000117, 24.141375723000067 ], [ 90.998790775000032, 24.141709890000129 ], [ 90.997689161000039, 24.142565234000188 ], [ 90.997336219000147, 24.142839270000138 ], [ 90.995668521000198, 24.144408040000087 ], [ 90.995301316000052, 24.144886830000075 ], [ 90.99425088300012, 24.145926058999976 ], [ 90.99404929800005, 24.146125491000134 ], [ 90.993524877000084, 24.14679721400006 ], [ 90.992951061000042, 24.147367659000111 ], [ 90.992569856000046, 24.147849936000114 ], [ 90.99226939600004, 24.148230056000102 ], [ 90.991121765, 24.149373188000027 ], [ 90.990729601000112, 24.149866523000071 ], [ 90.990282857000068, 24.150428513 ], [ 90.989551797000161, 24.151191877000144 ], [ 90.989094163000118, 24.15178627500012 ], [ 90.987504737000052, 24.153850650000095 ], [ 90.986298743000134, 24.15541696400004 ], [ 90.986172528000054, 24.155626837999989 ], [ 90.985947011000121, 24.156001832000129 ], [ 90.985718054000131, 24.156382542000188 ], [ 90.984336113000097, 24.158503753000105 ], [ 90.984242390000077, 24.158647611000106 ], [ 90.984023231000151, 24.15943022700003 ], [ 90.984055812000065, 24.160470863000114 ], [ 90.984445388000154, 24.161519679000037 ], [ 90.984479763000081, 24.16161222400018 ], [ 90.982607036000104, 24.162505170000145 ], [ 90.981371304000163, 24.162854052000057 ], [ 90.979935753000177, 24.162897150000049 ], [ 90.97890516800004, 24.163204053000129 ], [ 90.978360267000198, 24.163481226999977 ], [ 90.978181416000041, 24.163572202000125 ], [ 90.976149293000049, 24.165420814000186 ], [ 90.975364427000102, 24.166331215000071 ], [ 90.974366293000116, 24.167676474000075 ], [ 90.973205729000199, 24.169510446000118 ], [ 90.973097815000131, 24.169802391000076 ], [ 90.972570622000148, 24.170623078000176 ], [ 90.972195793000139, 24.171496980000029 ], [ 90.971872671000199, 24.172375068 ], [ 90.971542058000125, 24.173646061000113 ], [ 90.971536316000197, 24.173944127000084 ], [ 90.971090920999984, 24.175902223000094 ], [ 90.970970381000143, 24.176885134000145 ], [ 90.970762017000141, 24.177076116000137 ], [ 90.969887724000046, 24.177239725999982 ] ] ] } },
{ "type": "Feature", "properties": { "adm3_name": "Hossainpur", "adm3_name1": null, "adm3_name2": null, "adm3_name3": null, "adm3_pcode": "BD30480027", "adm2_name": "Kishoreganj", "adm2_name1": null, "adm2_name2": null, "adm2_name3": null, "adm2_pcode": "BD3048", "adm1_name": "Dhaka", "adm1_name1": null, "adm1_name2": null, "adm1_name3": null, "adm1_pcode": "BD30", "adm0_name": "Bangladesh", "adm0_name1": null, "adm0_name2": null, "adm0_name3": null, "adm0_pcode": "BD", "valid_on": "2023-05-21T00:00:00", "valid_to": null, "area_sqkm": 120.78223164000001, "version": "v03", "lang": "en", "lang1": null, "lang2": null, "lang3": null, "adm3_ref_name": null, "center_lat": 24.44832765, "center_lon": 90.66335442, "female_pop": 105401.0, "male_pop": 95479.0, "total_pop": 200880.0, "nearest_facility_min": 12.533807263447793 }, "geometry": { "type": "Polygon", "coordinates": [ [ [ 90.703527491999978, 24.514623228000119 ], [ 90.702690255999983, 24.514945479000062 ], [ 90.70244261900001, 24.514901476999967 ], [ 90.701647216000197, 24.514092366000114 ], [ 90.699815296000168, 24.513378374000183 ], [ 90.699120989000164, 24.512884872000029 ], [ 90.698623480000151, 24.51239046000012 ], [ 90.697680808000143, 24.511717476000058 ], [ 90.697084725000082, 24.511133200000017 ], [ 90.697132214000192, 24.51090720000019 ], [ 90.697071150000113, 24.509909489000108 ], [ 90.697021697000196, 24.50910146200016 ], [ 90.696921999000153, 24.508921298000189 ], [ 90.696772830000157, 24.508831673000145 ], [ 90.696526322000182, 24.508877969000025 ], [ 90.695587783000065, 24.508837140000139 ], [ 90.694548437000037, 24.508525832000146 ], [ 90.694201987000156, 24.50834680100013 ], [ 90.693655414000148, 24.507897751000144 ], [ 90.693408164000118, 24.507808575000013 ], [ 90.693010512000058, 24.507403994000015 ], [ 90.69256426600009, 24.50713736199998 ], [ 90.692218812000078, 24.507138947000044 ], [ 90.691577874000188, 24.507367665000118 ], [ 90.691135199000087, 24.507640631000186 ], [ 90.690777876000084, 24.507719289000079 ], [ 90.690297223000186, 24.507825091000143 ], [ 90.690160386000116, 24.507821316000104 ], [ 90.68896328400001, 24.507788285000117 ], [ 90.688368242000195, 24.50738459400003 ], [ 90.687799863000123, 24.506870530000128 ], [ 90.687225677000072, 24.50635120700008 ], [ 90.687074553000173, 24.505900332000124 ], [ 90.686971063000158, 24.505133145000173 ], [ 90.687031931000035, 24.50458190300003 ], [ 90.687110994000079, 24.503865874000041 ], [ 90.687110526000197, 24.503794785000082 ], [ 90.687103869000111, 24.502782155000148 ], [ 90.687051448000148, 24.50233083 ], [ 90.686945012000194, 24.502145420000147 ], [ 90.686604241000168, 24.501881301000026 ], [ 90.685764697000138, 24.501885117000029 ], [ 90.684875074000161, 24.501753686000086 ], [ 90.683640753000077, 24.501761537999982 ], [ 90.682798399000035, 24.501358943000184 ], [ 90.682596976000127, 24.500727666000103 ], [ 90.682594897000058, 24.500456736000046 ], [ 90.682692616000054, 24.500275670000178 ], [ 90.683036330999983, 24.499955762000184 ], [ 90.68362753100007, 24.499772461000191 ], [ 90.683725737000032, 24.499681705000114 ], [ 90.683824676000143, 24.499726411000097 ], [ 90.684169134, 24.499544225000136 ], [ 90.684316199000193, 24.499362934000146 ], [ 90.684314978000032, 24.499137159000043 ], [ 90.684110458000134, 24.498956194000073 ], [ 90.683918359000131, 24.498913173000119 ], [ 90.682883769000171, 24.499233950000132 ], [ 90.682685762000062, 24.499234846000036 ], [ 90.682537232000186, 24.49914520700014 ], [ 90.682388215, 24.498965253 ], [ 90.682434994000062, 24.498603791000107 ], [ 90.682779206000134, 24.498376454000038 ], [ 90.683025455000177, 24.498285026000133 ], [ 90.683124394000117, 24.498329736000073 ], [ 90.683321540000065, 24.498283686000036 ], [ 90.683666853000148, 24.498146653000106 ], [ 90.683813545000191, 24.498010521000083 ], [ 90.683812324000144, 24.497784745000047 ], [ 90.683563997000135, 24.497605243000123 ], [ 90.683218324000052, 24.497561652000115 ], [ 90.682231014000081, 24.497611272000142 ], [ 90.68193395500009, 24.497431989000177 ], [ 90.681734248000168, 24.497116796000114 ], [ 90.681732655000133, 24.49693617700018 ], [ 90.68202678800003, 24.496573597000179 ], [ 90.682174341000064, 24.496482618000016 ], [ 90.682914899000082, 24.496431857000175 ], [ 90.683209513000122, 24.496159588000125 ], [ 90.683207676000052, 24.495933812000089 ], [ 90.683058662000178, 24.495753861000026 ], [ 90.682316876000073, 24.495576590000042 ], [ 90.681869953000103, 24.495172201000059 ], [ 90.681869155000072, 24.495063635000122 ], [ 90.681867632000035, 24.494856115000175 ], [ 90.682011887000158, 24.494268432000126 ], [ 90.682502663000093, 24.493769495000151 ], [ 90.683339815000068, 24.493447356000047 ], [ 90.683634667000149, 24.493220241000188 ], [ 90.683781237000176, 24.49294863800003 ], [ 90.683730055000183, 24.492723088 ], [ 90.683531699000127, 24.492543362000049 ], [ 90.683234522000134, 24.492454391000081 ], [ 90.682444761000056, 24.492412806000061 ], [ 90.682097511000109, 24.492188594000027 ], [ 90.681996014000163, 24.491782645000058 ], [ 90.682141238000099, 24.491375579000135 ], [ 90.682239440000046, 24.491284823000115 ], [ 90.682585224000093, 24.491238106000083 ], [ 90.682947374000037, 24.491103641000052 ], [ 90.683077696000112, 24.491055253000127 ], [ 90.683766062000075, 24.490598316000046 ], [ 90.684551286000044, 24.489917412000011 ], [ 90.685532769000133, 24.488917262000029 ], [ 90.685774461000051, 24.488103349000141 ], [ 90.685718989000122, 24.487200474000133 ], [ 90.685647602000131, 24.486961015000134 ], [ 90.685517332000188, 24.486524044000078 ], [ 90.685265458000117, 24.485800424000104 ], [ 90.685264235000147, 24.485574648000068 ], [ 90.68501446200014, 24.485124218000124 ], [ 90.685012868, 24.484943598000086 ], [ 90.684713022000096, 24.48435792500004 ], [ 90.684711802000152, 24.484132150000107 ], [ 90.68446203100018, 24.483681717000024 ], [ 90.684373144, 24.483484851000071 ], [ 90.683810932000029, 24.482239659000072 ], [ 90.683745409000039, 24.482163478000075 ], [ 90.683462733000113, 24.481834826000068 ], [ 90.682866485000147, 24.481295643000124 ], [ 90.682568851000042, 24.481116363000069 ], [ 90.68222322500003, 24.481072768000104 ], [ 90.681779159000087, 24.481074773000159 ], [ 90.680990066000049, 24.481258957000136 ], [ 90.680249598000103, 24.48130970800014 ], [ 90.679953308000108, 24.481265884000095 ], [ 90.679456619000121, 24.480771399000105 ], [ 90.67935586700014, 24.480500913000128 ], [ 90.679380661000039, 24.480017212000121 ], [ 90.679399972000112, 24.479640484000072 ], [ 90.679497924000088, 24.479504573999975 ], [ 90.679688958000042, 24.47855542700006 ], [ 90.67971508800008, 24.478531277 ], [ 90.680327215000034, 24.47796552 ], [ 90.681113716000198, 24.47741784100009 ], [ 90.681613755000058, 24.477165286000059 ], [ 90.681654986000183, 24.477144460000147 ], [ 90.681900223000127, 24.476872415000059 ], [ 90.682044944000154, 24.476375041000153 ], [ 90.68201703800014, 24.475798353000016 ], [ 90.682014454000068, 24.475744964000171 ], [ 90.681988034000199, 24.475198972000101 ], [ 90.682076346000088, 24.473618094000017 ], [ 90.68202626100009, 24.472843248000061 ], [ 90.682071103000055, 24.472760145 ], [ 90.681969367000193, 24.472306780000054 ], [ 90.681958909, 24.472121061000053 ], [ 90.681951534000063, 24.471990072000153 ], [ 90.681939963000048, 24.471784571000114 ], [ 90.681913444000088, 24.471313589000033 ], [ 90.681905408000148, 24.471271020000188 ], [ 90.681698440000048, 24.470174659000122 ], [ 90.681606821, 24.469689337000148 ], [ 90.681507664000094, 24.469599471000151 ], [ 90.681506318000174, 24.469464007000113 ], [ 90.681505588000107, 24.469328541000095 ], [ 90.68115524600006, 24.468517302000066 ], [ 90.680906251000124, 24.468202328000075 ], [ 90.680817053000055, 24.46796284200019 ], [ 90.680805507000173, 24.467931842000098 ], [ 90.679962179000199, 24.467303447000063 ], [ 90.67897267800015, 24.466901488000133 ], [ 90.678521879000016, 24.466903512000101 ], [ 90.678232036000111, 24.466904813000099 ], [ 90.676900594000074, 24.467138823000141 ], [ 90.676605065000047, 24.467230458000131 ], [ 90.675386988000071, 24.467359798000189 ], [ 90.675273123000181, 24.467371888000116 ], [ 90.674927880000098, 24.467508898000119 ], [ 90.674681203000034, 24.46751 ], [ 90.674188824000055, 24.467695081000159 ], [ 90.673942147, 24.467696181000065 ], [ 90.672611395000047, 24.468063362000123 ], [ 90.672463150000112, 24.468018867000126 ], [ 90.672118280000177, 24.468110713000044 ], [ 90.67182806600016, 24.468112784000141 ], [ 90.671278968000195, 24.468116702000145 ], [ 90.670438931000035, 24.467984959000148 ], [ 90.66989466800004, 24.467806746000065 ], [ 90.668658855000047, 24.467586437000023 ], [ 90.668361513000093, 24.467452282000011 ], [ 90.667644706000033, 24.467298530000107 ], [ 90.667586157000073, 24.467285972000127 ], [ 90.666927900000076, 24.467144775000065 ], [ 90.666733852000164, 24.467120277 ], [ 90.666236730000094, 24.467057512000054 ], [ 90.665188536000016, 24.467095994000033 ], [ 90.664706342000102, 24.467109406000077 ], [ 90.664558100000079, 24.467064900000139 ], [ 90.664365548000148, 24.467334266000023 ], [ 90.664217883000106, 24.467926631000125 ], [ 90.664022437000085, 24.468288742000141 ], [ 90.663337064000132, 24.469202485000153 ], [ 90.663239134000037, 24.469333044000052 ], [ 90.662847189000047, 24.469741174000035 ], [ 90.662158606000162, 24.470150603000093 ], [ 90.661419122999973, 24.47037962200011 ], [ 90.661074015000054, 24.470428546999983 ], [ 90.660729601000128, 24.470610681000153 ], [ 90.660236706000148, 24.470703150000077 ], [ 90.659892290000073, 24.470885279000129 ], [ 90.659696120000149, 24.471111919000066 ], [ 90.659637031000159, 24.471489235000035 ], [ 90.659553445000199, 24.472017932000142 ], [ 90.659659941000086, 24.473281854000106 ], [ 90.659562823000044, 24.473462905000076 ], [ 90.658824021000044, 24.473827383000014 ], [ 90.658530264000149, 24.474147017000178 ], [ 90.658472098000118, 24.474228552000113 ], [ 90.658431690000157, 24.474285174000158 ], [ 90.658141376000117, 24.474318047000111 ], [ 90.657693061000089, 24.474566104000132 ], [ 90.657083449000083, 24.474751642 ], [ 90.656489498000042, 24.474864857000057 ], [ 90.656087298000159, 24.474968207000074 ], [ 90.655405921000181, 24.474991483000053 ], [ 90.654855677000171, 24.474971290999974 ], [ 90.654359012000157, 24.474935061 ], [ 90.653582605000167, 24.4748300440001 ], [ 90.652932155000144, 24.474751573000106 ], [ 90.652331564000121, 24.474654822 ], [ 90.651828676000093, 24.474487655000132 ], [ 90.651320556000144, 24.47439984600004 ], [ 90.650805092000098, 24.474528196 ], [ 90.650421386000176, 24.474952540000118 ], [ 90.650259132000031, 24.475460770999973 ], [ 90.650251234000109, 24.475964303000069 ], [ 90.650250018000179, 24.476447484000175 ], [ 90.650004948000173, 24.476764636000155 ], [ 90.649957151000194, 24.476945468000167 ], [ 90.649144161000095, 24.477766299000166 ], [ 90.648381028000074, 24.478087932000051 ], [ 90.647779468000067, 24.478165021000109 ], [ 90.647710438000047, 24.478174347000163 ], [ 90.647109876000059, 24.478206273000126 ], [ 90.646346563000066, 24.478010851000136 ], [ 90.645388747000027, 24.477529509000078 ], [ 90.64477298800017, 24.477240878000089 ], [ 90.644335346, 24.477048571000068 ], [ 90.643870499000172, 24.476842832000045 ], [ 90.643145158000152, 24.476471121000088 ], [ 90.642934448000119, 24.476392995000026 ], [ 90.642482125000072, 24.476223321000191 ], [ 90.641245392000144, 24.476072783000177 ], [ 90.640387477000104, 24.47606965 ], [ 90.639601161000087, 24.475955571999975 ], [ 90.638931670000034, 24.476014852000105 ], [ 90.638297960000159, 24.476076233000128 ], [ 90.637769803000083, 24.476155231000064 ], [ 90.637412357000187, 24.476208669000073 ], [ 90.636920273000158, 24.476470394000103 ], [ 90.636843239000143, 24.476623305000089 ], [ 90.63669799500002, 24.476911610000059 ], [ 90.636879152000176, 24.47749111100012 ], [ 90.637157598000158, 24.47816051500007 ], [ 90.637543346000086, 24.478949131000149 ], [ 90.637943949000089, 24.479502867000122 ], [ 90.638082911000026, 24.48039638299997 ], [ 90.637962837000089, 24.481047148000073 ], [ 90.637153977000082, 24.481605990000162 ], [ 90.636590734000151, 24.481581271000152 ], [ 90.636137474000122, 24.48145803500006 ], [ 90.635944702000131, 24.481405622000068 ], [ 90.635486371000127, 24.481269823000105 ], [ 90.634974948000036, 24.481001033000098 ], [ 90.633897567000133, 24.480533669000124 ], [ 90.633367670999974, 24.480269467000142 ], [ 90.632985556999984, 24.480079152000087 ], [ 90.632469302000175, 24.479952617000038 ], [ 90.632076788000063, 24.480026511000119 ], [ 90.631471835000184, 24.480293207000159 ], [ 90.630969217000143, 24.480674625000063 ], [ 90.630572726000139, 24.481064628000127 ], [ 90.630317016999982, 24.481280686000048 ], [ 90.630067859000178, 24.481491210000058 ], [ 90.629631889000166, 24.481881375000114 ], [ 90.629217470000071, 24.482264676000113 ], [ 90.628954048000139, 24.48238550700006 ], [ 90.628666091000184, 24.482517593000182 ], [ 90.628073160000042, 24.483222246000139 ], [ 90.627719890000151, 24.483647955000094 ], [ 90.627338026000189, 24.484108116000073 ], [ 90.626989094000066, 24.484391794000089 ], [ 90.626849023000148, 24.484877811000047 ], [ 90.626015063000068, 24.485739248000186 ], [ 90.625966623000124, 24.485922333000133 ], [ 90.625426531000187, 24.486466453000048 ], [ 90.625194940000142, 24.48675613600011 ], [ 90.624593441000172, 24.48750850600004 ], [ 90.623950900000068, 24.488418813000123 ], [ 90.62337262300008, 24.488978885999984 ], [ 90.622839789000068, 24.489462411000147 ], [ 90.622732763000045, 24.489559532999976 ], [ 90.622135789000083, 24.489957115000038 ], [ 90.621544542000095, 24.490140177000058 ], [ 90.620380695000165, 24.490788444000145 ], [ 90.619616939000196, 24.491265727000098 ], [ 90.619138138000096, 24.49136251900012 ], [ 90.618602121000094, 24.491615336 ], [ 90.618253909000032, 24.491801905999978 ], [ 90.617924045000109, 24.491956787000106 ], [ 90.617692674000068, 24.492197067000063 ], [ 90.617673589000162, 24.492583235000041 ], [ 90.617744027000128, 24.492987099000061 ], [ 90.617795435000119, 24.493282665000038 ], [ 90.617805729000054, 24.49400061800003 ], [ 90.617688524000073, 24.494504594000148 ], [ 90.617582354000149, 24.494868540000084 ], [ 90.61749437900005, 24.495169192000048 ], [ 90.61710146900009, 24.495552374000169 ], [ 90.616550126, 24.495956521000096 ], [ 90.615948204000119, 24.496107995000045 ], [ 90.615359506000118, 24.49631585800006 ], [ 90.61460248700007, 24.496540209999978 ], [ 90.6134844770001, 24.496483794000142 ], [ 90.612625335000075, 24.496638559000075 ], [ 90.61128666400009, 24.497000720000074 ], [ 90.609999559000073, 24.497210033999977 ], [ 90.608840030000124, 24.497602160000099 ], [ 90.608488229999978, 24.497745372000054 ], [ 90.608274245000132, 24.497832482000149 ], [ 90.607830790000151, 24.497974254000155 ], [ 90.607295402000091, 24.498240575000068 ], [ 90.606468920000054, 24.498521612000161 ], [ 90.605697933000158, 24.498797905 ], [ 90.604976418000035, 24.499101089000078 ], [ 90.604409715000145, 24.499141743000052 ], [ 90.603559630000063, 24.498874202000025 ], [ 90.602890210000112, 24.498590131000071 ], [ 90.602320463000126, 24.498380169000086 ], [ 90.601494878000096, 24.498074134999968 ], [ 90.600656988000026, 24.497643965000123 ], [ 90.599805507000042, 24.497338025000033 ], [ 90.599113337000119, 24.497196271000178 ], [ 90.598314134000191, 24.496987202000014 ], [ 90.597746076000078, 24.49700074000009 ], [ 90.597619017000113, 24.497003502000155 ], [ 90.597169965000091, 24.497007536000126 ], [ 90.596670790000076, 24.497108855000079 ], [ 90.596277264000037, 24.497376836000115 ], [ 90.596031805000052, 24.497648745000163 ], [ 90.595676447000187, 24.498424587000045 ], [ 90.595503901000086, 24.498828102000118 ], [ 90.594352426000114, 24.498059761000036 ], [ 90.593615323000165, 24.497676566000052 ], [ 90.593404986000053, 24.497679651000055 ], [ 90.593299343000126, 24.497777154 ], [ 90.593035574000055, 24.49783012100005 ], [ 90.592034289000082, 24.497937912000168 ], [ 90.591559939000092, 24.497942028000182 ], [ 90.591191850000087, 24.497848640000086 ], [ 90.590507411000033, 24.49751263800016 ], [ 90.590401052000061, 24.49741481600006 ], [ 90.589876738000157, 24.496932575000017 ], [ 90.589678435, 24.49649570400004 ], [ 90.589457282000126, 24.49600848800003 ], [ 90.589196120000167, 24.495031852000068 ], [ 90.588880571000061, 24.494694403000153 ], [ 90.588459369000077, 24.494452196000054 ], [ 90.588430045000109, 24.494447078000178 ], [ 90.587968886000056, 24.494366601000024 ], [ 90.587143180000112, 24.494222500999967 ], [ 90.585141147000115, 24.494144472000187 ], [ 90.5845797180001, 24.49429884500006 ], [ 90.584345762000112, 24.494529150000062 ], [ 90.584032541000056, 24.494559036000055 ], [ 90.583651780000082, 24.494430653000165 ], [ 90.583797930000117, 24.493571452000026 ], [ 90.583833318000188, 24.493192560000125 ], [ 90.58387492900016, 24.49274704000004 ], [ 90.584033273000102, 24.492039721000026 ], [ 90.584171271000173, 24.49146795200005 ], [ 90.584321527000156, 24.491013542000132 ], [ 90.584350019000055, 24.490609336000091 ], [ 90.584359734000031, 24.490471512000056 ], [ 90.584453622000183, 24.489832176999982 ], [ 90.584476339, 24.489676297000074 ], [ 90.584552983000151, 24.489443442999971 ], [ 90.584457078000128, 24.488978696000174 ], [ 90.584447924000074, 24.488732627000161 ], [ 90.584410571000092, 24.488391836000119 ], [ 90.584404049000057, 24.48831509300004 ], [ 90.584380480000164, 24.488019407000081 ], [ 90.58428434800004, 24.487759423000114 ], [ 90.58417873000019, 24.487473788000159 ], [ 90.583992574000035, 24.487099705000048 ], [ 90.583891708000067, 24.486761417000139 ], [ 90.583638054000176, 24.486328889000049 ], [ 90.583382679000124, 24.485923465000042 ], [ 90.583106832000112, 24.485626492000108 ], [ 90.582709808000118, 24.485266769000077 ], [ 90.581472090000034, 24.484639340000115 ], [ 90.580779237000172, 24.484463634000178 ], [ 90.58028477300013, 24.484239750000086 ], [ 90.578603411000074, 24.483839786000033 ], [ 90.577811663000148, 24.483481560000087 ], [ 90.576968726000132, 24.482852583000181 ], [ 90.576572548000172, 24.48267346800003 ], [ 90.576076867000097, 24.482314102000089 ], [ 90.575729686999978, 24.482183290000137 ], [ 90.575631899000086, 24.481035594000048 ], [ 90.575695391000181, 24.479853700000092 ], [ 90.575722407000114, 24.479350835000162 ], [ 90.575753581000185, 24.478770503000078 ], [ 90.575919128000123, 24.477952475999984 ], [ 90.576078707000079, 24.477163930000131 ], [ 90.576353134000158, 24.475972043000183 ], [ 90.576406507000058, 24.475740231000032 ], [ 90.576514292000184, 24.475301795000178 ], [ 90.576523690000045, 24.475235204000057 ], [ 90.576585389000115, 24.474798023000062 ], [ 90.57653554500007, 24.473874749000061 ], [ 90.576517894000119, 24.473552262000112 ], [ 90.576505273000066, 24.473321690000034 ], [ 90.576503741000067, 24.472985275000156 ], [ 90.576649453000073, 24.472749902000146 ], [ 90.577050960000179, 24.472346471000037 ], [ 90.577364044000149, 24.471974514000124 ], [ 90.577554368000051, 24.47174840200006 ], [ 90.577597247000142, 24.471368990000087 ], [ 90.577596875000097, 24.471287708000148 ], [ 90.577595722000126, 24.471034833999965 ], [ 90.577484104000121, 24.470766576000187 ], [ 90.577345948000072, 24.470540604000121 ], [ 90.577299558000107, 24.470464728000081 ], [ 90.577077095000107, 24.469962075000126 ], [ 90.575928410000188, 24.467446688000109 ], [ 90.575873622000074, 24.467283297000165 ], [ 90.575816501000077, 24.467112951000104 ], [ 90.575815578000061, 24.466909748000091 ], [ 90.575924600000064, 24.466609038000058 ], [ 90.576234181000189, 24.466062436000129 ], [ 90.577559413000017, 24.46372251300005 ], [ 90.577926342000126, 24.463074622000192 ], [ 90.578215583000144, 24.462131988000181 ], [ 90.578652210000143, 24.461459731000105 ], [ 90.578920137000182, 24.461213125000086 ], [ 90.578946025, 24.461189297000089 ], [ 90.579090677000067, 24.461056155000108 ], [ 90.57938298300013, 24.460786350000035 ], [ 90.579405871000063, 24.460736617000123 ], [ 90.579492281000114, 24.460548856000116 ], [ 90.579491052000094, 24.46028017499998 ], [ 90.579377601000033, 24.459610026000064 ], [ 90.579231194000101, 24.459057193999968 ], [ 90.579191230000163, 24.458906288000094 ], [ 90.579116155000065, 24.458536286000026 ], [ 90.579114329000106, 24.458136934000038 ], [ 90.579113243000165, 24.457899581000049 ], [ 90.57921886000014, 24.456991517000063 ], [ 90.579272503000198, 24.456912349000049 ], [ 90.579401391000033, 24.456722132000039 ], [ 90.580096513000171, 24.456349177 ], [ 90.582144702000107, 24.455065614000091 ], [ 90.583185053000079, 24.454680585000119 ], [ 90.583427004000157, 24.454591038000103 ], [ 90.584196103000068, 24.454353250000167 ], [ 90.584638612000049, 24.454078596000159 ], [ 90.584854041000199, 24.453813336000053 ], [ 90.585035785000116, 24.453510078000193 ], [ 90.585253599, 24.453005734000044 ], [ 90.585398646000044, 24.452634882000098 ], [ 90.585728372000119, 24.451582857000176 ], [ 90.58670937300019, 24.448452762000102 ], [ 90.586736108000196, 24.448366858999975 ], [ 90.587243672999989, 24.447055330000126 ], [ 90.587345876000199, 24.446846679000146 ], [ 90.587607118000165, 24.446313341000064 ], [ 90.588008665000075, 24.445943748000161 ], [ 90.588557882000146, 24.445639057000051 ], [ 90.589143631000184, 24.445368091000034 ], [ 90.590168851000101, 24.445061540000154 ], [ 90.591268056, 24.444754693999982 ], [ 90.592378882000105, 24.444582443000058 ], [ 90.593724526000017, 24.444476387000122 ], [ 90.594713825000099, 24.444271549000064 ], [ 90.595189503000199, 24.444068728000104 ], [ 90.595481576000111, 24.443765026000165 ], [ 90.596029820000183, 24.443259362999981 ], [ 90.59716109600015, 24.442044689000056 ], [ 90.597781772000189, 24.441473255000176 ], [ 90.598038405000182, 24.441370638000137 ], [ 90.598331276000181, 24.441369478000013 ], [ 90.598515176000092, 24.44140261900003 ], [ 90.598698926000054, 24.441535108000039 ], [ 90.598810563000143, 24.441803349000111 ], [ 90.598848850000195, 24.442207353000185 ], [ 90.59903607800004, 24.442944933000092 ], [ 90.599370872000065, 24.443984479000108 ], [ 90.599555885000143, 24.444252433000088 ], [ 90.599849380000194, 24.44425126699997 ], [ 90.600178303000121, 24.444049014000029 ], [ 90.601059162000126, 24.44347427800011 ], [ 90.601421830999982, 24.443238018999978 ], [ 90.602174204000164, 24.442699337000192 ], [ 90.602883729000155, 24.442191325000067 ], [ 90.603525620000084, 24.441871982000066 ], [ 90.603835337000021, 24.441717896000057 ], [ 90.6041719870002, 24.441595259000167 ], [ 90.605291690000172, 24.44118735700016 ], [ 90.605702807000171, 24.441037587000039 ], [ 90.606691407000085, 24.440697205999982 ], [ 90.607790695000119, 24.440424108000173 ], [ 90.610875184000122, 24.439893969000082 ], [ 90.610978851000084, 24.439876149000042 ], [ 90.612262175000069, 24.439667754000084 ], [ 90.614095517000067, 24.439594844999988 ], [ 90.615817790000165, 24.439251420000119 ], [ 90.616403450000121, 24.438980351000168 ], [ 90.616443776000096, 24.438943103000099 ], [ 90.616695626000137, 24.43871047500005 ], [ 90.61692616300013, 24.438481273000093 ], [ 90.617169941000043, 24.438238905999981 ], [ 90.618008961000044, 24.437327825000011 ], [ 90.618922622000014, 24.436551902000019 ], [ 90.619290518000071, 24.436362492000171 ], [ 90.619581298000185, 24.43621278400002 ], [ 90.620203811000067, 24.436043155000107 ], [ 90.621083573000021, 24.435904073000188 ], [ 90.622978913000168, 24.435763833000124 ], [ 90.625772547000054, 24.435572134000154 ], [ 90.626106753000158, 24.435549205000143 ], [ 90.628429372000028, 24.435335665000025 ], [ 90.629070738000166, 24.435276692000059 ], [ 90.629552950000118, 24.435232351000025 ], [ 90.631594136000047, 24.434900257000095 ], [ 90.632301775000087, 24.434785121000118 ], [ 90.633408671000041, 24.434512917000177 ], [ 90.633693471000129, 24.434442878000141 ], [ 90.63475480000011, 24.434000405000063 ], [ 90.635007667000139, 24.433831391000069 ], [ 90.635815401, 24.433291502000088 ], [ 90.635984111000141, 24.43318727000019 ], [ 90.636363659000097, 24.432952777000025 ], [ 90.636655449000045, 24.432617388000097 ], [ 90.63709108900008, 24.431707897000081 ], [ 90.637417559000085, 24.431035941000061 ], [ 90.637926721000099, 24.430160007999973 ], [ 90.638106784000172, 24.429554142000143 ], [ 90.638654121000059, 24.428915119000123 ], [ 90.638912071000107, 24.428677050000033 ], [ 90.639165307000098, 24.428443327000139 ], [ 90.639676712000039, 24.428138614999966 ], [ 90.640080181000087, 24.428069172 ], [ 90.6409981070002, 24.428300103000026 ], [ 90.64118199700016, 24.428333189999989 ], [ 90.641348602000164, 24.428239913000027 ], [ 90.641519396000092, 24.427999858000135 ], [ 90.642113990000098, 24.427160372000117 ], [ 90.642165816000102, 24.42708720000013 ], [ 90.642163942000138, 24.426716922000026 ], [ 90.642162068000118, 24.426346641000066 ], [ 90.642014156000187, 24.426112452000098 ], [ 90.641829250000114, 24.425878419000014 ], [ 90.641786844000194, 24.425707285999977 ], [ 90.641754358000185, 24.425576186000171 ], [ 90.641772452000055, 24.425456398 ], [ 90.641822320000074, 24.425126270000078 ], [ 90.641896330000179, 24.424636318000182 ], [ 90.641858599000159, 24.424367793000101 ], [ 90.641711028000145, 24.424201338000103 ], [ 90.64016738000015, 24.423602772000095 ], [ 90.639584728000045, 24.423354582 ], [ 90.639540252000131, 24.423327708000102 ], [ 90.639468217000115, 24.423102226000083 ], [ 90.639503407000177, 24.422867261000079 ], [ 90.639649103000124, 24.422663437000097 ], [ 90.640599238000163, 24.42195496700009 ], [ 90.641327269999977, 24.421393380000097 ], [ 90.641629708000153, 24.421160084000178 ], [ 90.642062, 24.420826616999989 ], [ 90.6425751270001, 24.420429978000129 ], [ 90.643266201000131, 24.419895784000175 ], [ 90.644617667000034, 24.41884922700018 ], [ 90.645159681999985, 24.418348105000121 ], [ 90.647274907000167, 24.416392359000099 ], [ 90.647610774000157, 24.416081807000182 ], [ 90.647881591000043, 24.415863038000111 ], [ 90.647903005000046, 24.41584573900019 ], [ 90.647938619000172, 24.415576903000158 ], [ 90.647937185000046, 24.415295936000064 ], [ 90.647936913000194, 24.415242748000139 ], [ 90.647890087000064, 24.414892241000189 ], [ 90.647860642000182, 24.414671837000071 ], [ 90.647449504000122, 24.413228570000115 ], [ 90.647384191000128, 24.412887414000124 ], [ 90.647186046000172, 24.411852403000182 ], [ 90.646861940000178, 24.410065567000117 ], [ 90.646810187000085, 24.409780397000134 ], [ 90.646687973000098, 24.409260621000158 ], [ 90.646658719000129, 24.40913620200007 ], [ 90.646692522000194, 24.408632556000157 ], [ 90.646911543000101, 24.408428414000127 ], [ 90.647203585000113, 24.408158479000065 ], [ 90.64760562400005, 24.407822598000109 ], [ 90.648004121999975, 24.406913235000047 ], [ 90.64806010000018, 24.406488207000052 ], [ 90.648110342000052, 24.406106725000143 ], [ 90.648109809000118, 24.406002296000111 ], [ 90.64810589300015, 24.405235212000036 ], [ 90.648030481000148, 24.404831379000143 ], [ 90.647845254000174, 24.404529620000119 ], [ 90.647292695000033, 24.403994610000098 ], [ 90.64600391100015, 24.402925376000098 ], [ 90.64526768900015, 24.402391142999988 ], [ 90.644897884000045, 24.401789872999984 ], [ 90.644638571000144, 24.401219735999973 ], [ 90.644451477000132, 24.400547691000099 ], [ 90.644348806000039, 24.40021164400008 ], [ 90.644041560000062, 24.399206009000068 ], [ 90.643955531000131, 24.398748975000103 ], [ 90.643928174000052, 24.398603642000069 ], [ 90.643962937000197, 24.398165471000141 ], [ 90.644002427000089, 24.398083615000132 ], [ 90.644108106000033, 24.397864557000105 ], [ 90.644031692000112, 24.397259776000055 ], [ 90.643807568000057, 24.396454673000164 ], [ 90.643658830000163, 24.396051148000083 ], [ 90.643400120000081, 24.395718086000045 ], [ 90.643031347000033, 24.395315493000055 ], [ 90.642429785000161, 24.394706164000183 ], [ 90.644342191000135, 24.393584918000158 ], [ 90.646421417000056, 24.392429064000055 ], [ 90.647006835000184, 24.392286577999982 ], [ 90.648630866000133, 24.392388452999967 ], [ 90.648759041000176, 24.392396493000149 ], [ 90.64907879499998, 24.39225062100013 ], [ 90.649452781000036, 24.391862924000122 ], [ 90.650151041000072, 24.390647457000171 ], [ 90.650347115000159, 24.390449789000172 ], [ 90.650632376000033, 24.390162208000106 ], [ 90.651323062000131, 24.390118600000051 ], [ 90.652543216000197, 24.390323331 ], [ 90.65471728700004, 24.390973244000065 ], [ 90.656624271000112, 24.391816201999973 ], [ 90.657101474000058, 24.39196540800009 ], [ 90.658322258000169, 24.392167831000052 ], [ 90.658685209000112, 24.392272372000093 ], [ 90.659541973000103, 24.392519266000079 ], [ 90.659690449000152, 24.39259459200008 ], [ 90.659778375000144, 24.392639200000019 ], [ 90.660664429000065, 24.393088715000033 ], [ 90.661395280000079, 24.39345948600004 ], [ 90.662401159000069, 24.394051163000086 ], [ 90.663091073000146, 24.39409330400008 ], [ 90.663303781000138, 24.394105920000072 ], [ 90.665217576000146, 24.393876258000091 ], [ 90.666175363000093, 24.393637231000127 ], [ 90.666814240000065, 24.393349928000077 ], [ 90.666878112000063, 24.393306750000022 ], [ 90.667454796000129, 24.392913599999986 ], [ 90.667883177000135, 24.392331445000082 ], [ 90.667937625000036, 24.392137028000036 ], [ 90.667784662000088, 24.391060706000189 ], [ 90.667791709000028, 24.38993852200008 ], [ 90.668005177000111, 24.389745664000088 ], [ 90.668644634000032, 24.389456095000185 ], [ 90.668804732000126, 24.3893108850001 ], [ 90.669598338000071, 24.389853781000056 ], [ 90.670023910000111, 24.390250647000016 ], [ 90.671181517000036, 24.391571774 ], [ 90.671818477000159, 24.391625397000098 ], [ 90.673093823000158, 24.391536195000185 ], [ 90.673306111000159, 24.391587182000023 ], [ 90.673676957999987, 24.391784224 ], [ 90.674521466000044, 24.392620387000022 ], [ 90.675212052000177, 24.392673757000125 ], [ 90.675529286000142, 24.392871033000119 ], [ 90.675739793000048, 24.393165872000111 ], [ 90.676371126000163, 24.394244566000168 ], [ 90.676529689000063, 24.394390617999989 ], [ 90.676998744000059, 24.394393891 ], [ 90.677910364000184, 24.394400250000103 ], [ 90.679611741000144, 24.394216514000163 ], [ 90.680622165000102, 24.394029090000117 ], [ 90.680694488000142, 24.393985401000123 ], [ 90.6809422460002, 24.393835734000106 ], [ 90.681156050000141, 24.39359318400011 ], [ 90.681585782000127, 24.392814549000093 ], [ 90.682012577000194, 24.392523624999967 ], [ 90.682330881000098, 24.392574123000088 ], [ 90.682489460000113, 24.392722425999978 ], [ 90.682644402000165, 24.393455530000097 ], [ 90.68301421000001, 24.393799313000045 ], [ 90.683702337000057, 24.394195847000162 ], [ 90.684444520000056, 24.394443118000083 ], [ 90.685400516000129, 24.394450082000105 ], [ 90.685966584000084, 24.394376587000181 ], [ 90.686463588000152, 24.394312056000103 ], [ 90.686710699000059, 24.394258241000159 ], [ 90.688644738000164, 24.393837039000118 ], [ 90.689017463000141, 24.393693098000028 ], [ 90.689909261000082, 24.393569374000094 ], [ 90.690027510000164, 24.393553030000135 ], [ 90.6910368610001, 24.393512305000058 ], [ 90.691939746000116, 24.393614298999978 ], [ 90.691993108000077, 24.393566643000156 ], [ 90.692310368000051, 24.39376388200003 ], [ 90.693318585000043, 24.393966995000028 ], [ 90.693589681000105, 24.39395642900007 ], [ 90.694434551000199, 24.393923498000106 ], [ 90.69555165800017, 24.393638399000054 ], [ 90.696889885000132, 24.392891698000142 ], [ 90.697807228000102, 24.39237982800006 ], [ 90.698056816000133, 24.392240559000186 ], [ 90.699602292000122, 24.390863372000183 ], [ 90.700993403000041, 24.389623704000144 ], [ 90.701366444000087, 24.389430060000109 ], [ 90.702164773000163, 24.389241218999985 ], [ 90.702430835000143, 24.389095484000109 ], [ 90.70253677300019, 24.389194338000095 ], [ 90.702909113000089, 24.3890977800001 ], [ 90.703612965000048, 24.389146383000138 ], [ 90.703705706000164, 24.389152787000171 ], [ 90.705831705000151, 24.388874213000179 ], [ 90.706774760000087, 24.388602527000103 ], [ 90.70694008900017, 24.388554897000063 ], [ 90.707162057000062, 24.388490949000072 ], [ 90.708756682000114, 24.388307387 ], [ 90.708863377000171, 24.388209800000027 ], [ 90.709205626000141, 24.388133688000096 ], [ 90.709501701000022, 24.38806682500018 ], [ 90.710620101000188, 24.387587435000114 ], [ 90.711311768000144, 24.38739678900015 ], [ 90.711850327000036, 24.387306053000088 ], [ 90.713545023000108, 24.387020518000043 ], [ 90.713680351000107, 24.387067764000051 ], [ 90.713755599000137, 24.387094034000086 ], [ 90.714024537000171, 24.38724404200002 ], [ 90.714248324000096, 24.387364911000191 ], [ 90.714392491000069, 24.387465835 ], [ 90.71540358600015, 24.388402585000051 ], [ 90.715915953000149, 24.388876566000135 ], [ 90.716062212000111, 24.389011990000142 ], [ 90.716315546000089, 24.389246555000113 ], [ 90.716723853000019, 24.38962460800019 ], [ 90.716876807000062, 24.38975257900006 ], [ 90.71707441500007, 24.389930014000072 ], [ 90.717395159000148, 24.39041167400012 ], [ 90.717724370000155, 24.390816556000061 ], [ 90.717943804000186, 24.391086426000186 ], [ 90.718218643000057, 24.391405737000014 ], [ 90.718536291000078, 24.391774515000179 ], [ 90.718614137000145, 24.391860397000187 ], [ 90.719624483000075, 24.392975021000041 ], [ 90.719962779000127, 24.393348226000114 ], [ 90.720023828000137, 24.393476719000148 ], [ 90.720056968000051, 24.393546469000057 ], [ 90.720686090000072, 24.395690680000087 ], [ 90.720789603000185, 24.397205196000186 ], [ 90.720694842000057, 24.398247904000129 ], [ 90.720629642000176, 24.398965338000153 ], [ 90.720616708000193, 24.39900267400003 ], [ 90.720364928000095, 24.399704381000106 ], [ 90.720048367000118, 24.400292927000123 ], [ 90.719346659000166, 24.401263967000034 ], [ 90.718730402000062, 24.402116744000125 ], [ 90.718265704000146, 24.402868780000176 ], [ 90.71757521100011, 24.403986207000173 ], [ 90.717147813000111, 24.404677857000024 ], [ 90.716778353000109, 24.405072469000174 ], [ 90.716831239000044, 24.405268651000085 ], [ 90.716408662000163, 24.406300226000042 ], [ 90.71624945700006, 24.40703477500017 ], [ 90.716249082000104, 24.407361559000037 ], [ 90.71618211200007, 24.407670546000134 ], [ 90.716180654000141, 24.408941713000047 ], [ 90.71657886100013, 24.410143254000047 ], [ 90.7166001880002, 24.410208629000067 ], [ 90.71716071000003, 24.411445814000047 ], [ 90.717349606000198, 24.411373637000167 ], [ 90.71866338000018, 24.412905522000187 ], [ 90.719137348000174, 24.413458166000055 ], [ 90.719137281000087, 24.413555253000027 ], [ 90.71981618000018, 24.414372974000116 ], [ 90.719943935000174, 24.414503004000039 ], [ 90.720225352000114, 24.414789431000031 ], [ 90.720770959000049, 24.415344745000141 ], [ 90.720819509000137, 24.415394157000151 ], [ 90.724448852000137, 24.418580690000056 ], [ 90.724827723000146, 24.418850457000133 ], [ 90.72586942200013, 24.41959216500004 ], [ 90.727236951000179, 24.420703222000043 ], [ 90.727379983000105, 24.420834549000119 ], [ 90.727745931000186, 24.421170546000155 ], [ 90.728113662000169, 24.421508176000032 ], [ 90.72837685200011, 24.421749823000027 ], [ 90.728814815000192, 24.422151931000087 ], [ 90.728496530000029, 24.422557258000097 ], [ 90.72874752700011, 24.422787706000179 ], [ 90.729063372000041, 24.422930687000189 ], [ 90.730360419000192, 24.423888525000052 ], [ 90.730694127000049, 24.42413527400015 ], [ 90.730806708000046, 24.424207224000043 ], [ 90.731724541000062, 24.424793802000067 ], [ 90.73174603700005, 24.424807539000085 ], [ 90.733244219000198, 24.425964155000031 ], [ 90.733745625000154, 24.426351238000166 ], [ 90.734111636000137, 24.426711021000187 ], [ 90.734481599000105, 24.427074687000072 ], [ 90.734113143000172, 24.427324836000082 ], [ 90.733294702000194, 24.427586197000096 ], [ 90.73316485700002, 24.427627466000047 ], [ 90.732901630000185, 24.427630999000087 ], [ 90.731847934000029, 24.427936389000138 ], [ 90.730847349000157, 24.428045086000168 ], [ 90.729899394000142, 24.428300280000144 ], [ 90.729793915000187, 24.42839787600002 ], [ 90.729109244000142, 24.428552451000144 ], [ 90.728497321000191, 24.428937902000143 ], [ 90.728438354000048, 24.428952057000117 ], [ 90.728386264000164, 24.429200654 ], [ 90.728318776000094, 24.429393908 ], [ 90.728371061000075, 24.42958783000006 ], [ 90.728318221000109, 24.429834186000051 ], [ 90.728360186000145, 24.429959555000039 ], [ 90.728790570000058, 24.431245310000065 ], [ 90.728946741000073, 24.432565383000167 ], [ 90.728981408000038, 24.432623023000133 ], [ 90.729472116000125, 24.433438888000012 ], [ 90.730042259000129, 24.434114545000057 ], [ 90.729959098999984, 24.434167072000093 ], [ 90.729695410000147, 24.434414446000119 ], [ 90.729537867000147, 24.434464879000132 ], [ 90.728431862000036, 24.434476981000046 ], [ 90.727431734000049, 24.434244722000074 ], [ 90.726904968000156, 24.434202098000128 ], [ 90.726114893000101, 24.434260079000012 ], [ 90.72579912600014, 24.434458025000083 ], [ 90.725482693000174, 24.434755317000167 ], [ 90.725430157000062, 24.435045458000104 ], [ 90.725441612000054, 24.435139710000101 ], [ 90.725468536000164, 24.435341152000035 ], [ 90.725473690000058, 24.435379716000057 ], [ 90.725586024000108, 24.436220149 ], [ 90.725743624000188, 24.436609996000072 ], [ 90.725743454000167, 24.436903515000097 ], [ 90.725637603, 24.437150084000166 ], [ 90.725058499000056, 24.437448675000098 ], [ 90.72374116800006, 24.437707861000035 ], [ 90.723530483000104, 24.437954970000135 ], [ 90.723516468000128, 24.438171356000112 ], [ 90.723491455000101, 24.43855755800007 ], [ 90.723476651999988, 24.438786108000158 ], [ 90.723686184000144, 24.439956914000049 ], [ 90.723925478000183, 24.44040056200015 ], [ 90.723948536000137, 24.440443350000123 ], [ 90.723914084000171, 24.44104525 ], [ 90.723895277000111, 24.441373828000053 ], [ 90.723861059000114, 24.44143128800016 ], [ 90.723103777000176, 24.442702954000026 ], [ 90.72199642400011, 24.443789742000092 ], [ 90.721732126000063, 24.444477382000116 ], [ 90.721731716000079, 24.444939039000076 ], [ 90.721731127000112, 24.445601781 ], [ 90.721887934, 24.446285152000144 ], [ 90.721887696000181, 24.446675756000161 ], [ 90.722044965000123, 24.447115279000172 ], [ 90.722307774000114, 24.447355612000081 ], [ 90.722518126000125, 24.447695538000119 ], [ 90.72251795000011, 24.447989056000097 ], [ 90.722396570000171, 24.448243680000189 ], [ 90.722450797000135, 24.448331309000082 ], [ 90.722450620000188, 24.448624827 ], [ 90.722239183000056, 24.449068367000109 ], [ 90.722079849000181, 24.449217686000111 ], [ 90.721817819000137, 24.449463243000139 ], [ 90.721290527000065, 24.449664445000053 ], [ 90.719500056000129, 24.449587179000048 ], [ 90.718973559000176, 24.449494855000069 ], [ 90.717762265000147, 24.449557053000035 ], [ 90.717077744000107, 24.449761248000186 ], [ 90.716339778000133, 24.450110194000104 ], [ 90.715941484000041, 24.450485248 ], [ 90.715984365000111, 24.450605337000127 ], [ 90.715984105000132, 24.450995939999984 ], [ 90.716150741000035, 24.451382250000165 ], [ 90.716194043000087, 24.451482637000026 ], [ 90.716211514000179, 24.45150280200005 ], [ 90.716404450000141, 24.45172548700009 ], [ 90.716825380000159, 24.452012491000175 ], [ 90.717035913000075, 24.452058907000094 ], [ 90.717614896000157, 24.452053902000159 ], [ 90.718036431000087, 24.451902886000084 ], [ 90.718985201000066, 24.451647759000025 ], [ 90.719722357000137, 24.451590064000129 ], [ 90.720196299000122, 24.451438791000157 ], [ 90.722198125000034, 24.451268938000055 ], [ 90.722777374000088, 24.451311326000166 ], [ 90.723027156000114, 24.451078484999982 ], [ 90.723093868000149, 24.451016297000024 ], [ 90.723094734000199, 24.45020855000007 ], [ 90.723239417000173, 24.449840279000057 ], [ 90.723818946999984, 24.449392716000034 ], [ 90.724556824000047, 24.449140821000071 ], [ 90.725994743000058, 24.448598822000065 ], [ 90.725976867000043, 24.448061547000123 ], [ 90.725994366000123, 24.447988566000049 ], [ 90.72606205500017, 24.447963051000158 ], [ 90.726098972000102, 24.447949325000081 ], [ 90.726309514000093, 24.447997986000132 ], [ 90.726467572000047, 24.448141727 ], [ 90.726624906000097, 24.448481903000072 ], [ 90.726677267000071, 24.449118356000099 ], [ 90.726566204000051, 24.449222292000172 ], [ 90.726609958000097, 24.449754128000109 ], [ 90.726326489000201, 24.450019405000148 ], [ 90.72657026100012, 24.450243263000175 ], [ 90.727044069000044, 24.450286141000163 ], [ 90.727307526000061, 24.450528721000182 ], [ 90.727412514000036, 24.45077205900003 ], [ 90.727622433000136, 24.451355825 ], [ 90.728096038000103, 24.45179156100005 ], [ 90.728253382000162, 24.45213173500008 ], [ 90.728253160000179, 24.452522337000119 ], [ 90.728114901000197, 24.452613620000079 ], [ 90.727726092000069, 24.452870321000091 ], [ 90.727567517000182, 24.453067514000168 ], [ 90.727567210000075, 24.453619971000137 ], [ 90.727567191000162, 24.453654549000134 ], [ 90.727598404000162, 24.45380001 ], [ 90.727628518000188, 24.453940347000184 ], [ 90.727671732000033, 24.454141734000075 ], [ 90.728145346000133, 24.454577469000128 ], [ 90.728724224000075, 24.45476659600007 ], [ 90.728934709000157, 24.454910081000151 ], [ 90.729566068000054, 24.455539224000063 ], [ 90.729724038000199, 24.455879390000121 ], [ 90.729723915000079, 24.455956282999978 ], [ 90.729723104000129, 24.456466428 ], [ 90.729656454000121, 24.45669610900012 ], [ 90.729655807000142, 24.457102200000065 ], [ 90.729285760000153, 24.458377394000024 ], [ 90.729114228000185, 24.459644855000192 ], [ 90.729073405000065, 24.459945341000036 ], [ 90.728756804000113, 24.460436814000104 ], [ 90.727649970000186, 24.460988536000059 ], [ 90.727333476000069, 24.461285833999966 ], [ 90.72733291000003, 24.46172385300008 ], [ 90.727121861000057, 24.462020641000151 ], [ 90.725593947000164, 24.462917564000179 ], [ 90.72511918400005, 24.463362375000145 ], [ 90.725013704000162, 24.463572855000109 ], [ 90.724749697999982, 24.464100194000139 ], [ 90.724591166000039, 24.464200296000058 ], [ 90.723853707000046, 24.464648621000151 ], [ 90.72295753800006, 24.46495094 ], [ 90.722114232000081, 24.465548778000084 ], [ 90.721429402000069, 24.465603976000068 ], [ 90.720955410000101, 24.465755255000033 ], [ 90.72032305800019, 24.465713113000106 ], [ 90.719954514999984, 24.465863886000079 ], [ 90.719660656000087, 24.466170104000184 ], [ 90.719480006000083, 24.466358351000054 ], [ 90.719584876000056, 24.466798124000093 ], [ 90.719795035000118, 24.466991295000184 ], [ 90.721100111000112, 24.467069741000103 ], [ 90.7213750800002, 24.467218574000071 ], [ 90.721532824000121, 24.467411995000191 ], [ 90.721899984000117, 24.468532375000166 ], [ 90.72195090200006, 24.469999711000071 ], [ 90.722040971000126, 24.470425211000077 ], [ 90.721800360000032, 24.470737733000192 ], [ 90.721753859000046, 24.471234676000165 ], [ 90.721656572000029, 24.471370608000029 ], [ 90.72146423200013, 24.472141441000133 ], [ 90.721371064000039, 24.472999855000126 ], [ 90.721225987000025, 24.473406954000154 ], [ 90.721155478000185, 24.47394956800008 ], [ 90.721132045000104, 24.474129903000176 ], [ 90.720935737, 24.474313722000034 ], [ 90.720245423999984, 24.474497638000173 ], [ 90.7200491010002, 24.474679200000082 ], [ 90.720001922000108, 24.474950363000062 ], [ 90.719757030000096, 24.475267624000082 ], [ 90.719560194000167, 24.475358873000062 ], [ 90.71941192200012, 24.475314424000032 ], [ 90.719264165000084, 24.475360282000111 ], [ 90.719068109000034, 24.475589255000159 ], [ 90.719020055000158, 24.47581526700003 ], [ 90.718872809, 24.475951433000091 ], [ 90.718626117000042, 24.475952608000114 ], [ 90.718429791000119, 24.476134166 ], [ 90.718332140000143, 24.476315254999975 ], [ 90.718288391000158, 24.477083120000032 ], [ 90.717651357000022, 24.477856063000104 ], [ 90.717506005000075, 24.478218002000119 ], [ 90.717507030000093, 24.478398624000135 ], [ 90.717415447000064, 24.478655033000166 ], [ 90.717216218000033, 24.479212816000029 ], [ 90.717269245000068, 24.479754439000146 ], [ 90.717073166000091, 24.479981153000097 ], [ 90.717027528000187, 24.480525500000113 ], [ 90.716787944000089, 24.481565231000047 ], [ 90.71688980000016, 24.482016312000155 ], [ 90.717436749000058, 24.482645903000105 ], [ 90.717389560000129, 24.482917064000105 ], [ 90.717144391000033, 24.483189164000066 ], [ 90.717149117000076, 24.483913899000072 ], [ 90.71700452400006, 24.484411304999981 ], [ 90.71700580300012, 24.484637080000141 ], [ 90.717206091000151, 24.485042535 ], [ 90.717207113000029, 24.485223155000028 ], [ 90.71735729300002, 24.485493381000026 ], [ 90.717358828000101, 24.485764309000047 ], [ 90.717310615000088, 24.48585485000018 ], [ 90.717152481000142, 24.485936234000121 ], [ 90.716867819000072, 24.486082733999979 ], [ 90.716720558000191, 24.486218903000179 ], [ 90.716574335000075, 24.486537946 ], [ 90.716923165000196, 24.487033010000118 ], [ 90.716925828000115, 24.487394247000054 ], [ 90.7168557010001, 24.487551808000035 ], [ 90.716341748000104, 24.488706548000039 ], [ 90.715958069000067, 24.490336248000062 ], [ 90.715761714999985, 24.490517803000046 ], [ 90.715115948000118, 24.489978988000132 ], [ 90.714918573000034, 24.489979923000135 ], [ 90.714673132000087, 24.490206865000061 ], [ 90.714527247000035, 24.490478495 ], [ 90.714483126000175, 24.491293772000063 ], [ 90.714441182000087, 24.491481486000112 ], [ 90.714291212000091, 24.492152648000058 ], [ 90.714145834000135, 24.492514584000162 ], [ 90.713899875000152, 24.49265121600007 ], [ 90.713652791000129, 24.49269754 ], [ 90.712960598000166, 24.492567598000107 ], [ 90.712565840000195, 24.492569462000063 ], [ 90.712318608000146, 24.492480316000183 ], [ 90.711972579000189, 24.492481947000044 ], [ 90.711430550000046, 24.492619970000192 ], [ 90.711350033000031, 24.492664191000188 ], [ 90.710348275000115, 24.493214353000042 ], [ 90.710202269000092, 24.493576291000181 ], [ 90.710302591000072, 24.493756445000145 ], [ 90.710798435000015, 24.494070204000082 ], [ 90.710799959000155, 24.494341134000138 ], [ 90.710655331000112, 24.494838532000074 ], [ 90.710557147000145, 24.494929307 ], [ 90.710412772000041, 24.495471861000169 ], [ 90.710070153000174, 24.495972448000089 ], [ 90.709926536000125, 24.496650468000041 ], [ 90.709683208000058, 24.49714832900014 ], [ 90.709683968000093, 24.497283794000055 ], [ 90.709573084000169, 24.497479250000083 ], [ 90.709439951000093, 24.497713924000095 ], [ 90.70919593300016, 24.498144054000193 ], [ 90.708942107000098, 24.498373285000071 ], [ 90.708753089000083, 24.498374173000116 ], [ 90.708359326000107, 24.498556646000054 ], [ 90.708061361000034, 24.498332263 ], [ 90.707814373000076, 24.498288264000053 ], [ 90.706333237000081, 24.498385512000084 ], [ 90.705987062000133, 24.498253920000025 ], [ 90.705196139000122, 24.498122146000128 ], [ 90.704900310000085, 24.498168685000167 ], [ 90.704508303000068, 24.498667233000049 ], [ 90.704486775000078, 24.498789257 ], [ 90.704460464000078, 24.498938395000096 ], [ 90.704480834000037, 24.49964152900003 ], [ 90.704492677000189, 24.500050331000068 ], [ 90.704524622000065, 24.501153009000177 ], [ 90.704625696999983, 24.501468628000111 ], [ 90.704630089000034, 24.502145951000102 ], [ 90.705084388000046, 24.503633985000135 ], [ 90.705127415000106, 24.504177723000168 ], [ 90.705138146000024, 24.504313335 ], [ 90.705690150000066, 24.505620286000067 ], [ 90.705741630000034, 24.505890982000096 ], [ 90.705743898000094, 24.506297377000067 ], [ 90.705648336000138, 24.506749385000148 ], [ 90.705550393000124, 24.506885312000122 ], [ 90.705406501000141, 24.507520426000099 ], [ 90.705308304000084, 24.50761119800012 ], [ 90.70524512500009, 24.507879463000052 ], [ 90.705212485000061, 24.508018051000136 ], [ 90.705262592000054, 24.508153286000038 ], [ 90.704970883000158, 24.508831992000069 ], [ 90.704975783000179, 24.509599624000145 ], [ 90.705129354, 24.510366560000023 ], [ 90.705141431000072, 24.510574197000039 ], [ 90.705158818000143, 24.510873114 ], [ 90.705184629000087, 24.511316841000053 ], [ 90.705143061000172, 24.512491093000051 ], [ 90.705243391000124, 24.512671249 ], [ 90.704998142000193, 24.512943332000077 ], [ 90.704559129000188, 24.513760451000053 ], [ 90.7043136220002, 24.513987377000035 ], [ 90.704166821000058, 24.514213843000107 ], [ 90.704167575000099, 24.514349306000042 ], [ 90.703970917, 24.514485694000143 ], [ 90.703773253000179, 24.514441459000125 ], [ 90.703527491999978, 24.514623228000119 ] ] ] } },
{ "type": "Feature", "properties": { "adm3_name": "Itna", "adm3_name1": null, "adm3_name2": null, "adm3_name3": null, "adm3_pcode": "BD30480033", "adm2_name": "Kishoreganj", "adm2_name1": null, "adm2_name2": null, "adm2_name3": null, "adm2_pcode": "BD3048", "adm1_name": "Dhaka", "adm1_name1": null, "adm1_name2": null, "adm1_name3": null, "adm1_pcode": "BD30", "adm0_name": "Bangladesh", "adm0_name1": null, "adm0_name2": null, "adm0_name3": null, "adm0_pcode": "BD", "valid_on": "2023-05-21T00:00:00", "valid_to": null, "area_sqkm": 390.17697956000001, "version": "v03", "lang": "en", "lang1": null, "lang2": null, "lang3": null, "adm3_ref_name": null, "center_lat": 24.55093334, "center_lon": 91.08404973, "female_pop": 86056.0, "male_pop": 84566.0, "total_pop": 170622.0, "nearest_facility_min": 30.055656091824908 }, "geometry": { "type": "Polygon", "coordinates": [ [ [ 91.17764608900012, 24.643991609000068 ], [ 91.176705647000119, 24.645111639 ], [ 91.176665311000136, 24.64515967799997 ], [ 91.176662525000097, 24.645455442000127 ], [ 91.176499092000199, 24.645675705000144 ], [ 91.176492963000101, 24.646339478000073 ], [ 91.176168245000042, 24.646481988000176 ], [ 91.175683440000171, 24.64647675000009 ], [ 91.175364857000034, 24.645955488000141 ], [ 91.175267438000049, 24.645439248000059 ], [ 91.175210865000054, 24.645139454000116 ], [ 91.174813094000115, 24.644469805000028 ], [ 91.174329374000081, 24.644315555000048 ], [ 91.173683372000085, 24.644307054000137 ], [ 91.172958101, 24.644075671999985 ], [ 91.172395730000119, 24.643698531000155 ], [ 91.172156360000031, 24.643325641000047 ], [ 91.1720822260001, 24.642660235000051 ], [ 91.17216647000015, 24.642291593000095 ], [ 91.171773163000012, 24.641104920000032 ], [ 91.171051815000055, 24.640431012000079 ], [ 91.170569269000055, 24.640202239000075 ], [ 91.170168737000154, 24.639828343000033 ], [ 91.169214818000171, 24.638115495000079 ], [ 91.168173329000069, 24.637141546000066 ], [ 91.166324030000112, 24.636083554000095 ], [ 91.166001032, 24.636077031000184 ], [ 91.165840947, 24.635927012000082 ], [ 91.16503485700008, 24.635696215999985 ], [ 91.16420468300015, 24.635598799000036 ], [ 91.163921590000086, 24.635567126000183 ], [ 91.16358160700014, 24.635526864000042 ], [ 91.16212336000018, 24.635951278000164 ], [ 91.161962095000035, 24.635873510000124 ], [ 91.161636293000129, 24.636164997000151 ], [ 91.160661636000043, 24.636669191000124 ], [ 91.159763913000063, 24.637615269999969 ], [ 91.159031929000093, 24.638122099999975 ], [ 91.157319591000146, 24.639724627000135 ], [ 91.156665091000036, 24.64060108700005 ], [ 91.155925121000053, 24.641920690000063 ], [ 91.155720468000084, 24.642102949000105 ], [ 91.155354897000166, 24.642428515000063 ], [ 91.154710575000138, 24.642198677000067 ], [ 91.153827492000175, 24.641521411000156 ], [ 91.153263516000038, 24.641365450000137 ], [ 91.153020812000193, 24.641362796000067 ], [ 91.151961817000085, 24.642307810000091 ], [ 91.151556745000107, 24.64237638600008 ], [ 91.150749486000052, 24.642290007000156 ], [ 91.150106855000047, 24.641838891000134 ], [ 91.14881995900015, 24.641230155000017 ], [ 91.148500949000038, 24.640783333000172 ], [ 91.148425747000033, 24.640190163000113 ], [ 91.148025832000087, 24.639741699000126 ], [ 91.147702223000067, 24.639737399000126 ], [ 91.147295473000156, 24.640027216000078 ], [ 91.14720373900019, 24.641206375000024 ], [ 91.146876717000112, 24.641572339999982 ], [ 91.146389047000127, 24.641860517000111 ], [ 91.146216824000135, 24.641699454000047 ], [ 91.144787167000061, 24.640362398000093 ], [ 91.143989092000027, 24.63931643900014 ], [ 91.142624173000172, 24.638337996000075 ], [ 91.141979315000128, 24.638180349000095 ], [ 91.141170358000068, 24.638242932000026 ], [ 91.139877464, 24.637887120000073 ], [ 91.139477915999976, 24.637777159000166 ], [ 91.138589228000171, 24.637763573000086 ], [ 91.138345952000122, 24.637833145000172 ], [ 91.137936886000034, 24.638346454999976 ], [ 91.137931111000171, 24.638935730000185 ], [ 91.137767617000179, 24.63915595300017 ], [ 91.137764158000152, 24.639523969000095 ], [ 91.137601226000129, 24.639669685000058 ], [ 91.137591061000137, 24.640710888000115 ], [ 91.137586811000119, 24.641146259000038 ], [ 91.137341267000068, 24.641511588000128 ], [ 91.136526519000142, 24.64216567700015 ], [ 91.135068072000195, 24.642587578000189 ], [ 91.133849962000113, 24.643161168 ], [ 91.133483531000081, 24.643488856000147 ], [ 91.133279658000163, 24.643671171000051 ], [ 91.132950858000129, 24.644256107000103 ], [ 91.132135507999976, 24.644984678000071 ], [ 91.131485970000085, 24.645269511000095 ], [ 91.130838779000101, 24.64533533600013 ], [ 91.13035628300014, 24.645106432000034 ], [ 91.128833683000096, 24.643756546000077 ], [ 91.128837148000116, 24.643386276000172 ], [ 91.129244540000059, 24.643024259000128 ], [ 91.129484923000177, 24.64290219600008 ], [ 91.129813143000149, 24.642735530000152 ], [ 91.130466696000099, 24.642005927000071 ], [ 91.130475402000116, 24.64112088800016 ], [ 91.130250015000058, 24.640627624 ], [ 91.130237926, 24.640601169000035 ], [ 91.129917212000123, 24.640301062000162 ], [ 91.129192035000074, 24.640069463000088 ], [ 91.128515845000095, 24.639997784000116 ], [ 91.128357094000194, 24.639716774000135 ], [ 91.128562112000111, 24.639236626000184 ], [ 91.129270629000189, 24.638609465000059 ], [ 91.129416105000132, 24.638480691999973 ], [ 91.130847515000085, 24.637047646999974 ], [ 91.131193866000046, 24.636424204000036 ], [ 91.131055995000111, 24.635856327 ], [ 91.130625547000193, 24.635660515000154 ], [ 91.130396918000031, 24.635556510000185 ], [ 91.129646334000086, 24.634625249000123 ], [ 91.129410563000022, 24.633949740999981 ], [ 91.129415994000055, 24.633317575000092 ], [ 91.129466333000039, 24.632863942000142 ], [ 91.129522807000114, 24.632355036000149 ], [ 91.130909643999985, 24.630847826000149 ], [ 91.131845529000088, 24.629389151000112 ], [ 91.13311967500016, 24.62826430500013 ], [ 91.133963650999988, 24.627230737000048 ], [ 91.134937427000125, 24.626008808000108 ], [ 91.134952994000059, 24.624724117000142 ], [ 91.134815414000059, 24.624528644000065 ], [ 91.134632140000178, 24.624268247000089 ], [ 91.13427422, 24.624083565000092 ], [ 91.134001022000177, 24.624187218000031 ], [ 91.133395927000095, 24.624185004000026 ], [ 91.132850138000151, 24.624254587000053 ], [ 91.132607543000063, 24.623917775000052 ], [ 91.132584628000018, 24.623635748000083 ], [ 91.132686966000165, 24.623070578000011 ], [ 91.132729249000192, 24.622702261000029 ], [ 91.132753372000138, 24.622492133000037 ], [ 91.13293865300011, 24.621608017000085 ], [ 91.132828744000165, 24.621195706000151 ], [ 91.132670961000144, 24.620921167000063 ], [ 91.132633669000086, 24.620856276000154 ], [ 91.132051611000065, 24.619844740000133 ], [ 91.131915082000035, 24.619012712000028 ], [ 91.131681870000136, 24.61807079100015 ], [ 91.13134830000007, 24.617502126999966 ], [ 91.130395106000037, 24.615791259 ], [ 91.130006311000159, 24.614159677000032 ], [ 91.130091250000135, 24.613718807000112 ], [ 91.129856165000149, 24.612977821000129 ], [ 91.129536708999979, 24.612603201000184 ], [ 91.128890817000013, 24.612520002000167 ], [ 91.128157693000105, 24.6131734330001 ], [ 91.126778684000158, 24.613745909000045 ], [ 91.126044925000087, 24.614399335000144 ], [ 91.125884915000199, 24.614249273000155 ], [ 91.125493229000085, 24.614223124000034 ], [ 91.125215901000104, 24.614204609000183 ], [ 91.124512275000143, 24.614155689000029 ], [ 91.123948426000084, 24.61392736900018 ], [ 91.122987778000038, 24.613026983999987 ], [ 91.122815813999978, 24.61275887700009 ], [ 91.12227154500016, 24.611910300000147 ], [ 91.122035301000153, 24.611241552000081 ], [ 91.121715301000165, 24.610941420000074 ], [ 91.121229421000123, 24.611008252000147 ], [ 91.120807724000144, 24.611350035000044 ], [ 91.120333935000076, 24.611735101000136 ], [ 91.119850972000165, 24.611506163 ], [ 91.119131257000049, 24.610757475000071 ], [ 91.118893319000108, 24.610312239000166 ], [ 91.11897710900007, 24.610015872000076 ], [ 91.118818852000061, 24.609644538999987 ], [ 91.118097964000071, 24.608970359000182 ], [ 91.117212427000084, 24.608663130000082 ], [ 91.11502695900009, 24.609074419000081 ], [ 91.114457301000016, 24.609509842000136 ], [ 91.113720562000083, 24.610458979000043 ], [ 91.112988540000117, 24.610965585000031 ], [ 91.11250444000018, 24.61088563300018 ], [ 91.111380967000059, 24.610130863000109 ], [ 91.109847199000171, 24.609961575000113 ], [ 91.108389597000155, 24.610308701000065 ], [ 91.107982842000183, 24.61059841600013 ], [ 91.106765501999973, 24.611099534000061 ], [ 91.105671797000184, 24.611232742000027 ], [ 91.105147895000187, 24.611296547999984 ], [ 91.10474526600018, 24.611143728000116 ], [ 91.104426488000115, 24.610696804000099 ], [ 91.104508539000051, 24.610549457000104 ], [ 91.104431825000063, 24.610179770000116 ], [ 91.104783085000179, 24.609678489000146 ], [ 91.105660995000164, 24.608425608000118 ], [ 91.107057172000168, 24.606080970000107 ], [ 91.106982790000018, 24.605415520000122 ], [ 91.107148093000148, 24.605048570000122 ], [ 91.107070180000164, 24.604753396000035 ], [ 91.107152223000128, 24.60460604900004 ], [ 91.106892693000134, 24.603933264000034 ], [ 91.106836987000122, 24.603788853000083 ], [ 91.106734481, 24.603645118000031 ], [ 91.106518221000044, 24.603341931000045 ], [ 91.105798052000068, 24.602667681000071 ], [ 91.105476314999976, 24.602514271000132 ], [ 91.104587892000097, 24.602502732000175 ], [ 91.103694688000132, 24.602931459000047 ], [ 91.103042353000035, 24.60351419 ], [ 91.102713505, 24.604099067000163 ], [ 91.101754726000195, 24.605222161000029 ], [ 91.101464501000066, 24.605562117999966 ], [ 91.101427159000195, 24.605903474000172 ], [ 91.101418775000184, 24.605980112000111 ], [ 91.101861447000033, 24.606760264000172 ], [ 91.101453500000105, 24.607548901000143 ], [ 91.100801110000134, 24.60812936700006 ], [ 91.099731736000138, 24.608609027000114 ], [ 91.099066755000081, 24.608385867000152 ], [ 91.098826314000178, 24.607999313000107 ], [ 91.099009322000029, 24.607465180000077 ], [ 91.099251226000149, 24.60697367299997 ], [ 91.099418487000037, 24.606319835000079 ], [ 91.099640873000169, 24.605841853000129 ], [ 91.099971521000157, 24.604825765999976 ], [ 91.099976194000135, 24.603100911000183 ], [ 91.099878645000103, 24.603009383000085 ], [ 91.099496306, 24.602650636000135 ], [ 91.098527580000166, 24.602562891000105 ], [ 91.098366416000147, 24.60248730800015 ], [ 91.098261874, 24.602533222000034 ], [ 91.097717628000112, 24.60277198600005 ], [ 91.097310872000037, 24.603061668000066 ], [ 91.096983190000117, 24.603499778000071 ], [ 91.096613940000111, 24.604410034000068 ], [ 91.096786265000048, 24.605341173999989 ], [ 91.096801466000159, 24.605668417000174 ], [ 91.096539396000139, 24.605844166000054 ], [ 91.096075946000155, 24.605651128999966 ], [ 91.094951143000117, 24.604726919000086 ], [ 91.093982405000077, 24.604639143000099 ], [ 91.093252730000188, 24.604924390000178 ], [ 91.092762670000127, 24.605433656 ], [ 91.09251286600005, 24.606169198000146 ], [ 91.091785714000082, 24.607671276000076 ], [ 91.09152288700011, 24.608187921000081 ], [ 91.090869855000108, 24.60884285200018 ], [ 91.090544334000072, 24.608964867000054 ], [ 91.09005776000015, 24.60930929400007 ], [ 91.087291627000127, 24.611264088000155 ], [ 91.086080173000084, 24.611171243 ], [ 91.084381063000194, 24.611443125000108 ], [ 91.083928345000061, 24.611981676000028 ], [ 91.083890352000196, 24.612026872 ], [ 91.083917330000133, 24.612328442000091 ], [ 91.084035872000129, 24.613653570000167 ], [ 91.083948376000194, 24.614317942000071 ], [ 91.082808145000058, 24.615186306000112 ], [ 91.082319235000114, 24.615623289000155 ], [ 91.081663700000149, 24.616499446000091 ], [ 91.081012993000058, 24.616933072000052 ], [ 91.080528271000105, 24.616925267000056 ], [ 91.079803316000039, 24.616693420000161 ], [ 91.078673938000065, 24.616529943000046 ], [ 91.078564403000144, 24.616627837000124 ], [ 91.078315394000072, 24.616850382000166 ], [ 91.07826649499998, 24.616894084000023 ], [ 91.07842160600012, 24.617486727000141 ], [ 91.078660650000188, 24.617859780000174 ], [ 91.078657018000058, 24.618227796000099 ], [ 91.078142088000106, 24.618513693000011 ], [ 91.07800690900018, 24.618589163000024 ], [ 91.077278902999979, 24.618650818999981 ], [ 91.076870854000106, 24.619089460000168 ], [ 91.076703614999985, 24.619603141000084 ], [ 91.07556694900012, 24.620177934000139 ], [ 91.074829847000046, 24.621126891000074 ], [ 91.074503874000186, 24.621418195 ], [ 91.074261187000047, 24.62141315700012 ], [ 91.074237536000169, 24.621429582000133 ], [ 91.073709403000066, 24.621796378000113 ], [ 91.073390062000044, 24.622069572000157 ], [ 91.073090768000156, 24.621943023000085 ], [ 91.07216250100015, 24.621764517000031 ], [ 91.071544080000081, 24.621719254000141 ], [ 91.0709111540001, 24.621565730000043 ], [ 91.070400370000129, 24.621544531000154 ], [ 91.069757170000173, 24.621707140000183 ], [ 91.069179514000155, 24.621736081 ], [ 91.067794083000194, 24.621524674 ], [ 91.066947335000123, 24.621420059000172 ], [ 91.066273135000131, 24.621131347000073 ], [ 91.063367197000048, 24.620648465999977 ], [ 91.062667279000038, 24.620529243000192 ], [ 91.062357981, 24.620459182000161 ], [ 91.062088279000079, 24.620325628000103 ], [ 91.061884629000076, 24.620044863000032 ], [ 91.061721430000034, 24.619874435000156 ], [ 91.061665123000068, 24.619567794000091 ], [ 91.061609544000191, 24.619346938000149 ], [ 91.061578329000156, 24.618794039000136 ], [ 91.061562993000109, 24.618586443000027 ], [ 91.061494651000146, 24.618462757000088 ], [ 91.06129224600005, 24.618328726000072 ], [ 91.061075745000153, 24.618133841000031 ], [ 91.060856977000185, 24.617670309000061 ], [ 91.060679769000046, 24.617375809 ], [ 91.060395256000049, 24.617095609000103 ], [ 91.06024677500011, 24.616986033000103 ], [ 91.060002393000161, 24.616705550000063 ], [ 91.059812230000148, 24.616485641000111 ], [ 91.059542540000052, 24.616352085000074 ], [ 91.059152170000061, 24.616257755000049 ], [ 91.058640365000088, 24.616112353000119 ], [ 91.058358135000162, 24.61610304900006 ], [ 91.057981445000109, 24.616019908 ], [ 91.057698591000133, 24.615936108000028 ], [ 91.057428696000102, 24.615777714000046 ], [ 91.05722620500012, 24.615632390000087 ], [ 91.057104066000079, 24.615497788000141 ], [ 91.056658739000056, 24.615254836000133 ], [ 91.05624885400016, 24.615218903000084 ], [ 91.056134191000183, 24.615208851000148 ], [ 91.055464065000194, 24.615398679 ], [ 91.054786363000062, 24.615719768000019 ], [ 91.054621378000149, 24.61577258300008 ], [ 91.054528684000161, 24.615983196000172 ], [ 91.054571476000149, 24.616226719000167 ], [ 91.054666564000172, 24.616375058000074 ], [ 91.055189183000152, 24.616558776000034 ], [ 91.055739622000146, 24.616525565000188 ], [ 91.056280179, 24.616639168000063 ], [ 91.05641778100005, 24.616850420000162 ], [ 91.056502374, 24.617145577000144 ], [ 91.056392224000149, 24.617482736000056 ], [ 91.056109328000161, 24.617541163 ], [ 91.055792310000072, 24.617432764 ], [ 91.055385993000129, 24.617277581000053 ], [ 91.054969797000126, 24.617269212000167 ], [ 91.054511301000048, 24.617076013000087 ], [ 91.054026264000129, 24.616882996000186 ], [ 91.053593788000057, 24.616626398000108 ], [ 91.053081795000082, 24.616458402000035 ], [ 91.052625172000035, 24.616414188000135 ], [ 91.052060074000167, 24.616318803000127 ], [ 91.051641621000101, 24.616114027000094 ], [ 91.051141460000167, 24.61573598200016 ], [ 91.050629682000135, 24.61559281000001 ], [ 91.049984957000163, 24.615572475000192 ], [ 91.048974761000068, 24.615258938000125 ], [ 91.048598491000178, 24.615225439000085 ], [ 91.048033722000071, 24.615168417000177 ], [ 91.047684001, 24.615134729000033 ], [ 91.047589242000072, 24.615024767000023 ], [ 91.047560437000072, 24.614754050000101 ], [ 91.047652431000074, 24.614532160000181 ], [ 91.048013592000189, 24.614382899000191 ], [ 91.048133558000188, 24.614257893000172 ], [ 91.048293764000107, 24.614146153000149 ], [ 91.04837362000012, 24.614023684000017 ], [ 91.048398734000102, 24.613851927000155 ], [ 91.048297189000152, 24.613689179000175 ], [ 91.04827671400011, 24.613656363000132 ], [ 91.048007045000077, 24.613597286000129 ], [ 91.047631175999982, 24.613611191000132 ], [ 91.047585871000081, 24.613613626000017 ], [ 91.047389887000179, 24.613624159000096 ], [ 91.047039758000096, 24.61354080600006 ], [ 91.046810419000053, 24.61343177800012 ], [ 91.046647658000154, 24.613236494000091 ], [ 91.046431601000108, 24.613091249999968 ], [ 91.046174687000189, 24.612932744000034 ], [ 91.045891642000129, 24.612824089000185 ], [ 91.045816906000141, 24.612820090000127 ], [ 91.045569202000081, 24.612803751000115 ], [ 91.045139721000169, 24.612829311999974 ], [ 91.044898959000136, 24.61297998900011 ], [ 91.044806756000071, 24.613177045000043 ], [ 91.044742316000054, 24.613520654000183 ], [ 91.044731699000181, 24.613877434000187 ], [ 91.044653487000119, 24.614124060000165 ], [ 91.04452021700007, 24.614283019000084 ], [ 91.044292830000188, 24.614408771 ], [ 91.044065026000169, 24.61441035200005 ], [ 91.043688127000166, 24.61437458600011 ], [ 91.043297361000157, 24.614230549000183 ], [ 91.042973775, 24.614072500000191 ], [ 91.042408003000105, 24.613893552000093 ], [ 91.042192251000188, 24.613784422000151 ], [ 91.04198987400008, 24.613650366000059 ], [ 91.041826614000058, 24.613394124000024 ], [ 91.041730738000126, 24.613223207000146 ], [ 91.041542654000182, 24.61317484000017 ], [ 91.041274408, 24.613212819000182 ], [ 91.040993311000136, 24.613338936000048 ], [ 91.040591602000177, 24.613513294000086 ], [ 91.040268845000014, 24.613454571000091 ], [ 91.040160811000135, 24.613380814000152 ], [ 91.040038391000166, 24.613210080000044 ], [ 91.039862059000143, 24.613014883000176 ], [ 91.039739435000115, 24.612819315000138 ], [ 91.039455574000158, 24.612611314000048 ], [ 91.039281894000169, 24.612736687000051 ], [ 91.039042526000117, 24.612982166 ], [ 91.038615800000116, 24.613416321000159 ], [ 91.038255842000183, 24.613712300000032 ], [ 91.037909478000131, 24.614084944000126 ], [ 91.037683687000197, 24.614404829000023 ], [ 91.037659468000072, 24.614687202000027 ], [ 91.037607944000058, 24.615176837000149 ], [ 91.037559854000165, 24.615633843000126 ], [ 91.03766336800004, 24.616410489000089 ], [ 91.03780336900013, 24.617460856000037 ], [ 91.037792731000138, 24.617817638000076 ], [ 91.037556498000072, 24.618519136000032 ], [ 91.037196429, 24.618803825000043 ], [ 91.037011894000102, 24.619261143000074 ], [ 91.036997120000137, 24.619300455000086 ], [ 91.036840918000166, 24.619716107000045 ], [ 91.036722151000049, 24.619913340000096 ], [ 91.036722016000112, 24.619972038000185 ], [ 91.036805015000141, 24.620228839 ], [ 91.03691003300014, 24.62053515700012 ], [ 91.037300944000037, 24.621144283000092 ], [ 91.037535949000073, 24.621564841000065 ], [ 91.037537308000083, 24.621729639000023 ], [ 91.037538277000067, 24.621847030000026 ], [ 91.037590488000035, 24.621964068000125 ], [ 91.037695922000069, 24.622245546000158 ], [ 91.037982770000156, 24.622737990000019 ], [ 91.038217593000127, 24.623135972000114 ], [ 91.038450270000112, 24.623274340000023 ], [ 91.03878568000016, 24.623366845000135 ], [ 91.039480996000123, 24.623526849000029 ], [ 91.040434179000044, 24.623660232000134 ], [ 91.041187286000081, 24.623655021000161 ], [ 91.041283098, 24.623654358000181 ], [ 91.041898714000183, 24.623510121999971 ], [ 91.042157141000132, 24.623625729000025 ], [ 91.042185225000139, 24.623885164000114 ], [ 91.042131619000145, 24.623947154000064 ], [ 91.042083094000134, 24.624003268000081 ], [ 91.041648502000044, 24.624311059999968 ], [ 91.041368071000022, 24.624595207000141 ], [ 91.041138698000168, 24.624856423999972 ], [ 91.04111431900003, 24.625043976000086 ], [ 91.041218209000078, 24.62513807800002 ], [ 91.041527640000197, 24.625298486000133 ], [ 91.04165764600009, 24.62533433800013 ], [ 91.041863060000026, 24.625390983000102 ], [ 91.042326898000056, 24.625482591000036 ], [ 91.042532494, 24.625481165999986 ], [ 91.04273827500009, 24.625502315000062 ], [ 91.042893415000151, 24.625596061000181 ], [ 91.043050108000045, 24.625877181000192 ], [ 91.043051477000063, 24.626041977000114 ], [ 91.043001393000168, 24.626182299 ], [ 91.042941767000059, 24.626271856000074 ], [ 91.042874545000188, 24.626372820000029 ], [ 91.04264457000005, 24.626561799000172 ], [ 91.042362566000179, 24.626656316000037 ], [ 91.041900106000071, 24.626731764999988 ], [ 91.041720984, 24.626872979000154 ], [ 91.041645754000172, 24.627108295000085 ], [ 91.041670936000116, 24.627256222000142 ], [ 91.041394467000089, 24.627035533000083 ], [ 91.04113578900018, 24.626890576999983 ], [ 91.040298468000117, 24.626808323000091 ], [ 91.039493364000066, 24.626813892000143 ], [ 91.03897608200009, 24.626837979000072 ], [ 91.038753330000134, 24.626848351000035 ], [ 91.038690818000134, 24.627054231000045 ], [ 91.038683061000086, 24.627099151000039 ], [ 91.038629535000098, 24.627409103000105 ], [ 91.038631719000136, 24.627673232000177 ], [ 91.038504619000093, 24.627908904000151 ], [ 91.038314054000011, 24.628235320000158 ], [ 91.038089907000028, 24.628383613000096 ], [ 91.037736368000196, 24.62841540300002 ], [ 91.037253062000161, 24.628360039000086 ], [ 91.036897695000164, 24.628245094000079 ], [ 91.036541718000137, 24.627981146000081 ], [ 91.036187453000196, 24.62792488700012 ], [ 91.035706101000187, 24.628106556000148 ], [ 91.034455346000129, 24.628731500000185 ], [ 91.034052264000195, 24.628964382000049 ], [ 91.033783043000199, 24.629119925000055 ], [ 91.033767553000189, 24.629208115999973 ], [ 91.033721111000091, 24.62947254200003 ], [ 91.033691177000094, 24.629736892000039 ], [ 91.033565426000052, 24.630062857000098 ], [ 91.033374826000113, 24.630387011000096 ], [ 91.033278615000029, 24.630475719000174 ], [ 91.033086217000118, 24.630506390000107 ], [ 91.032602181000016, 24.630362968000156 ], [ 91.032150974000103, 24.630307365000078 ], [ 91.031796570000097, 24.630309799000088 ], [ 91.031507235000049, 24.630341130000147 ], [ 91.030897664000122, 24.630550757000151 ], [ 91.030439233000152, 24.630969307000157 ], [ 91.030304826000133, 24.630893395999976 ], [ 91.030083778000119, 24.630768553000053 ], [ 91.029504795000094, 24.630567073000066 ], [ 91.029372283000157, 24.630446068000083 ], [ 91.029281834000187, 24.630485065000016 ], [ 91.029061619000174, 24.63028564200016 ], [ 91.028794508000033, 24.630165557000055 ], [ 91.027870920000169, 24.629201086000137 ], [ 91.02760953, 24.628798752000023 ], [ 91.027481839000018, 24.628436144999966 ], [ 91.027218932000039, 24.628074458000185 ], [ 91.026962387000026, 24.627432782000028 ], [ 91.026480163000087, 24.626828765000027 ], [ 91.026528246000112, 24.626668144000178 ], [ 91.026484981000181, 24.626587165000103 ], [ 91.025828838000109, 24.625704386000166 ], [ 91.025744419000148, 24.625422756000148 ], [ 91.025438261000033, 24.62498008700004 ], [ 91.025383877000195, 24.624844192000069 ], [ 91.025310313000148, 24.624660372000108 ], [ 91.024958782000112, 24.624256393000167 ], [ 91.024697721000052, 24.623815670000056 ], [ 91.023951160000195, 24.622971879000147 ], [ 91.023691604000021, 24.622488252000153 ], [ 91.023164081000175, 24.62192742700006 ], [ 91.022947172999977, 24.621524782000051 ], [ 91.022639844000082, 24.621163391000039 ], [ 91.02233615200015, 24.620641679000073 ], [ 91.022166435000088, 24.620119058000057 ], [ 91.022034845000178, 24.619957401000079 ], [ 91.021474309000155, 24.618751108000026 ], [ 91.021437091000109, 24.618349497000111 ], [ 91.021444938000116, 24.61794758200017 ], [ 91.021680215000174, 24.617345451000176 ], [ 91.022037171000193, 24.616877659000181 ], [ 91.022507972000142, 24.616260668000052 ], [ 91.023063531000048, 24.615338027000178 ], [ 91.023112807000189, 24.615096123000058 ], [ 91.023115426000174, 24.614957631000152 ], [ 91.023128780000036, 24.614251652000064 ], [ 91.023007439000196, 24.613527770000019 ], [ 91.022402494000119, 24.612324037000178 ], [ 91.022374071000172, 24.612245212000175 ], [ 91.022232503, 24.611842056 ], [ 91.022195263000128, 24.611438187999966 ], [ 91.022289912000076, 24.611157595000122 ], [ 91.022208529000181, 24.610715648000053 ], [ 91.022272593000139, 24.609710555000106 ], [ 91.022228736000159, 24.609631837 ], [ 91.022286762000135, 24.608947374000138 ], [ 91.02220026800012, 24.608787668000048 ], [ 91.022203573000127, 24.608586713000022 ], [ 91.021511229000055, 24.607259398999986 ], [ 91.021513345000187, 24.607139729000039 ], [ 91.020769930000085, 24.606135602 ], [ 91.020197118000112, 24.605613450000135 ], [ 91.01970989400013, 24.605291651000073 ], [ 91.019129233000115, 24.605171411000072 ], [ 91.018728500000066, 24.605009316000064 ], [ 91.01765157300008, 24.605050469000048 ], [ 91.016881894000051, 24.60545076 ], [ 91.016611534000106, 24.605531603000031 ], [ 91.016136213000095, 24.605841857000144 ], [ 91.015566937000074, 24.606213696000054 ], [ 91.015114813000139, 24.606415421000179 ], [ 91.014207514000134, 24.606976923000104 ], [ 91.013348612000129, 24.60733942000013 ], [ 91.012131910000164, 24.607659164000154 ], [ 91.012042687000132, 24.607619127000078 ], [ 91.011682806000124, 24.607700564000027 ], [ 91.011325031000126, 24.607660072000044 ], [ 91.010881360000099, 24.60737859 ], [ 91.010656056000073, 24.607459120000101 ], [ 91.010386883000081, 24.607458670000085 ], [ 91.009275770000102, 24.606935574000147 ], [ 91.006970424000144, 24.605528692000064 ], [ 91.006526183000062, 24.6053284730001 ], [ 91.005995751000057, 24.60492564000009 ], [ 91.005556050000166, 24.604443183000058 ], [ 91.004937039000197, 24.604002558000104 ], [ 91.004714142000125, 24.603920511000126 ], [ 91.004176744000063, 24.603881202000025 ], [ 91.003869089000148, 24.603881703000127 ], [ 91.003728564000141, 24.603881932000036 ], [ 91.003547705000187, 24.603962159000048 ], [ 91.002698812000176, 24.603800749000186 ], [ 91.001578642000084, 24.603760795000085 ], [ 91.000992207000138, 24.603920478000077 ], [ 91.000768108000159, 24.60391971100006 ], [ 90.999956068000074, 24.604200542000115 ], [ 90.999506355000108, 24.604241909000109 ], [ 90.999101100000075, 24.604361999000105 ], [ 90.998059463000118, 24.604883659000052 ], [ 90.997654496999985, 24.60496310200017 ], [ 90.997342109999977, 24.604883899000072 ], [ 90.996810792000076, 24.604521676000047 ], [ 90.99632576900018, 24.604080127000032 ], [ 90.995660503000067, 24.603718788000037 ], [ 90.995170293000172, 24.603557220000027 ], [ 90.994946193000089, 24.603556443000059 ], [ 90.994812830000171, 24.603476051000143 ], [ 90.994051335000108, 24.603435928000124 ], [ 90.992698832000031, 24.603837690000148 ], [ 90.991566727000077, 24.604398279000065 ], [ 90.991201953000086, 24.604721274000042 ], [ 90.991017113000055, 24.605002441000124 ], [ 90.990873364000151, 24.605484272000126 ], [ 90.99050856700012, 24.605805004 ], [ 90.990058527000144, 24.605884727000102 ], [ 90.989836272000161, 24.605804910000188 ], [ 90.989343931000178, 24.605765254000119 ], [ 90.988735222000173, 24.605764740000041 ], [ 90.988625956000192, 24.605765457000018 ], [ 90.987765751000154, 24.606206837000116 ], [ 90.987130558000104, 24.606608353000126 ], [ 90.986811113000044, 24.606888141000184 ], [ 90.986177146999978, 24.607210629000065 ], [ 90.986088552000069, 24.607170574 ], [ 90.985549291000098, 24.607210228000099 ], [ 90.984568868000053, 24.606887025000105 ], [ 90.983194524000055, 24.606083247000015 ], [ 90.982754904000103, 24.605600718000176 ], [ 90.982360053000036, 24.605158534000168 ], [ 90.981034177000083, 24.604153488000122 ], [ 90.980462772000124, 24.603552153000066 ], [ 90.97997687100019, 24.603148938000174 ], [ 90.97914828800009, 24.601944217000039 ], [ 90.9785278290002, 24.60154186900013 ], [ 90.978259585000046, 24.6015007150001 ], [ 90.978153534000057, 24.601517209000065 ], [ 90.977955365000071, 24.601437220000093 ], [ 90.977621705000161, 24.601477768000109 ], [ 90.977393264, 24.601632773000063 ], [ 90.977130088000081, 24.601846705000128 ], [ 90.977040525000064, 24.601919533000114 ], [ 90.976585264000107, 24.602439494000066 ], [ 90.975838713000087, 24.603130670000098 ], [ 90.974655208000115, 24.603998515 ], [ 90.974551476000102, 24.604075948000116 ], [ 90.972930211000119, 24.605097876000116 ], [ 90.971490882000126, 24.605804098000135 ], [ 90.970724750000159, 24.606180000000109 ], [ 90.970287930000097, 24.606374720000076 ], [ 90.969724610000185, 24.606416732000184 ], [ 90.969181503000129, 24.606438291000075 ], [ 90.968576950000113, 24.606577643999969 ], [ 90.967556976000083, 24.606965754000157 ], [ 90.96747377500003, 24.606984349000186 ], [ 90.966870243000187, 24.607256891000134 ], [ 90.966766699000175, 24.607347684000104 ], [ 90.966102480000188, 24.607930095000086 ], [ 90.965420415000153, 24.60883077200009 ], [ 90.96514363600005, 24.609324071000117 ], [ 90.964925875000063, 24.60971218200018 ], [ 90.964577049000184, 24.610515895000162 ], [ 90.964332119000176, 24.6112625 ], [ 90.964025100000072, 24.61212464200014 ], [ 90.963932022000165, 24.612493236000091 ], [ 90.963721306000139, 24.613327675999983 ], [ 90.9636411150002, 24.613820361000023 ], [ 90.963160890000154, 24.613753447000136 ], [ 90.962911734000159, 24.613788907000071 ], [ 90.962511980000102, 24.613588273000175 ], [ 90.961982569999975, 24.613144642000123 ], [ 90.961984434000158, 24.613065609999978 ], [ 90.961763720000192, 24.612863829000105 ], [ 90.961502573000189, 24.612461374000077 ], [ 90.96150474600006, 24.612341703000027 ], [ 90.96107291800007, 24.611497831000065 ], [ 90.961034952000091, 24.611134586000105 ], [ 90.960645732000046, 24.61037171800001 ], [ 90.960524446000136, 24.609688415000051 ], [ 90.960219172000109, 24.609245598000143 ], [ 90.959728074000168, 24.609126817000174 ], [ 90.959373388000131, 24.608923628000127 ], [ 90.959014696000111, 24.608923658000151 ], [ 90.958702322000192, 24.608844372000135 ], [ 90.957042504000185, 24.608882029000142 ], [ 90.95641991399998, 24.608601519000047 ], [ 90.956201085000089, 24.608320700000149 ], [ 90.955951089, 24.60782167800005 ], [ 90.95589892900017, 24.607717559000093 ], [ 90.955605146000096, 24.606671858000141 ], [ 90.955517486000133, 24.606591140000035 ], [ 90.955478628000094, 24.606270796 ], [ 90.955346214000144, 24.606149721 ], [ 90.955261966000137, 24.605868046000069 ], [ 90.954781108000134, 24.605225398000186 ], [ 90.954031705000034, 24.604582194999978 ], [ 90.95372243200012, 24.604340325000067 ], [ 90.953632304000109, 24.604340895000121 ], [ 90.95349337500005, 24.604255982000097 ], [ 90.953168699, 24.604181279000045 ], [ 90.952331984000182, 24.603990157000055 ], [ 90.951901922000104, 24.603938694000135 ], [ 90.951374873000077, 24.603960087000019 ], [ 90.950949080000157, 24.604391740000153 ], [ 90.950377398000057, 24.60512458200003 ], [ 90.95029119000003, 24.605235752000169 ], [ 90.949554779000152, 24.60590190500011 ], [ 90.949225367000054, 24.606262954000044 ], [ 90.948778714000127, 24.60655024100015 ], [ 90.948565501000189, 24.606766065000045 ], [ 90.948274704000198, 24.607090747000086 ], [ 90.948100726000177, 24.607270201000176 ], [ 90.947905304000187, 24.607307555000091 ], [ 90.947731325000063, 24.607487007000032 ], [ 90.947595620000129, 24.607666219000066 ], [ 90.94747855300011, 24.607615030000034 ], [ 90.947300998000117, 24.607401667000033 ], [ 90.947123306000151, 24.607170242000166 ], [ 90.946730178000109, 24.60677762 ], [ 90.946163424000133, 24.606693135000057 ], [ 90.945808344000056, 24.606673484000112 ], [ 90.945220997000035, 24.605613589000086 ], [ 90.945133764, 24.605456170000082 ], [ 90.944833807000123, 24.60491487500019 ], [ 90.944672091000086, 24.604672060000041 ], [ 90.944348628000057, 24.603360115000157 ], [ 90.94440288300018, 24.602775033000057 ], [ 90.944348999000169, 24.602093546000049 ], [ 90.944079699000099, 24.601169583000058 ], [ 90.943702443000177, 24.600584948000119 ], [ 90.943648851000148, 24.599612218000118 ], [ 90.943918275000044, 24.599319288 ], [ 90.944188277000194, 24.599267925000106 ], [ 90.944296193000071, 24.599170167000011 ], [ 90.945482776000119, 24.599264315000028 ], [ 90.945698604000199, 24.599068796999973 ], [ 90.94586074700004, 24.598629787000107 ], [ 90.94656193000003, 24.598042894000116 ], [ 90.946831622000161, 24.597458715000187 ], [ 90.946939777000125, 24.597311283000067 ], [ 90.946993889000169, 24.596872951000023 ], [ 90.946724485000061, 24.595608081000023 ], [ 90.946670985000083, 24.594732431000011 ], [ 90.946832632000053, 24.594146673000068 ], [ 90.947102673000131, 24.593609901000036 ], [ 90.947642100000053, 24.593024022000179 ], [ 90.947696093, 24.592488610000089 ], [ 90.947157241000184, 24.592002081000089 ], [ 90.946846505000053, 24.59190118500004 ], [ 90.946563815000104, 24.591809394 ], [ 90.946466034000082, 24.591810008999971 ], [ 90.946407297000121, 24.591756974000134 ], [ 90.94580378, 24.59156434800019 ], [ 90.945647079000139, 24.591471984000179 ], [ 90.945323832000099, 24.590595772000142 ], [ 90.945431685000074, 24.589915528000176 ], [ 90.945377612000129, 24.589866201000063 ], [ 90.945431881000047, 24.589037283000096 ], [ 90.945324257000038, 24.588843797000038 ], [ 90.94521667500004, 24.588162650000072 ], [ 90.945054608000191, 24.587870166000073 ], [ 90.944980674000135, 24.587790409000092 ], [ 90.944515693000142, 24.587288805000185 ], [ 90.943922314000133, 24.586852276 ], [ 90.943760625000152, 24.586609458 ], [ 90.943367245000104, 24.5862552050001 ], [ 90.943060252000066, 24.585979432000101 ], [ 90.94225110300016, 24.58549457700002 ], [ 90.941172478000169, 24.584961732000124 ], [ 90.941064602000097, 24.58481565500017 ], [ 90.941119071000116, 24.584670822000191 ], [ 90.942400117000034, 24.583185308 ], [ 90.942467789000148, 24.583106834000091 ], [ 90.944032116000187, 24.581737905000068 ], [ 90.944720187000144, 24.580882640000084 ], [ 90.944895601000098, 24.580664599999977 ], [ 90.945758531000081, 24.579929946000163 ], [ 90.946025628000086, 24.579921187000025 ], [ 90.947376502000111, 24.579876880000029 ], [ 90.948229448000177, 24.579983744000174 ], [ 90.94850894800004, 24.580018761000133 ], [ 90.94861658300016, 24.579968415000053 ], [ 90.949155873000166, 24.58035559800004 ], [ 90.949648918000037, 24.58083743300017 ], [ 90.949915661000148, 24.580836993000162 ], [ 90.950077872000179, 24.580738890000134 ], [ 90.950940913000068, 24.579859714 ], [ 90.951426201000061, 24.578980665000017 ], [ 90.951480408000066, 24.578639410000108 ], [ 90.951696460000164, 24.578152639000109 ], [ 90.95175056700009, 24.57722664400012 ], [ 90.951642580000112, 24.576739662000136 ], [ 90.951751107000121, 24.576154235000104 ], [ 90.952020858000196, 24.575423294000132 ], [ 90.952398110000104, 24.574788754 ], [ 90.953153987000064, 24.573131341000135 ], [ 90.953181426000071, 24.572632995999982 ], [ 90.95320770800015, 24.572155674000101 ], [ 90.952938289000144, 24.571378475000017 ], [ 90.952938297000117, 24.57113464400004 ], [ 90.952830795000125, 24.571038243000146 ], [ 90.952830692000191, 24.570453499000052 ], [ 90.95310067000014, 24.569672886000035 ], [ 90.953370269000175, 24.569332528000132 ], [ 90.953316972000096, 24.568651039000144 ], [ 90.953209098000059, 24.568504972000028 ], [ 90.952238227000123, 24.567680277000079 ], [ 90.951969022000128, 24.567582640000126 ], [ 90.951753408000059, 24.567389842000125 ], [ 90.951591355000062, 24.567097363000187 ], [ 90.951537581000082, 24.566269127000055 ], [ 90.951376404000143, 24.565929232000087 ], [ 90.950514107000117, 24.564521354000135 ], [ 90.95040600800013, 24.564181125000118 ], [ 90.950459966000153, 24.563643450000143 ], [ 90.950741483000115, 24.563166741000032 ], [ 90.950889811000138, 24.562915567000061 ], [ 90.951646787000016, 24.562423576000128 ], [ 90.951916464000078, 24.562421872000129 ], [ 90.952185901000064, 24.56246984 ], [ 90.95243094000017, 24.562668446000089 ], [ 90.952724882000155, 24.56290668500003 ], [ 90.953048368000111, 24.563001719000056 ], [ 90.953173821000064, 24.562907938000023 ], [ 90.953965193000045, 24.562316352000096 ], [ 90.954612320000194, 24.562364179999975 ], [ 90.955053476000103, 24.56258644400009 ], [ 90.955475291000084, 24.562798962000102 ], [ 90.955677349000098, 24.56276807900008 ], [ 90.956225076000067, 24.563044030000128 ], [ 90.956548701000088, 24.562994565 ], [ 90.956710386000054, 24.562749708000069 ], [ 90.956656959000156, 24.561239646000047 ], [ 90.956818900000144, 24.56045971400016 ], [ 90.957067540000139, 24.559753404000162 ], [ 90.957196464000106, 24.559387167000125 ], [ 90.957897756000079, 24.55836223200015 ], [ 90.958598658000142, 24.557531457000096 ], [ 90.960108573000127, 24.55621238000009 ], [ 90.960162992000107, 24.556065285000102 ], [ 90.960486591000119, 24.555771979000156 ], [ 90.960971623000091, 24.55552731299997 ], [ 90.962158145000046, 24.55469568500007 ], [ 90.962578498000084, 24.554518417000168 ], [ 90.962594551000109, 24.554542413000036 ], [ 90.963026039000113, 24.554882828000018 ], [ 90.963025794000146, 24.55517407200017 ], [ 90.963187478000066, 24.555416868000179 ], [ 90.963241062, 24.555807108000124 ], [ 90.96340287400011, 24.556146987000091 ], [ 90.963726727000164, 24.55629166600005 ], [ 90.964037463000125, 24.556150112000068 ], [ 90.964152633000026, 24.556392016000018 ], [ 90.964476487000184, 24.556536694000101 ], [ 90.965662756000199, 24.55599628300007 ], [ 90.96609396700012, 24.555654867000044 ], [ 90.966525667000099, 24.555457937000085 ], [ 90.966741281000168, 24.555409141000155 ], [ 90.9673341620001, 24.555308257000149 ], [ 90.967743708000057, 24.55530705700005 ], [ 90.967981488000021, 24.555306358999985 ], [ 90.968300609000039, 24.555401194000126 ], [ 90.968628457000193, 24.555498622000187 ], [ 90.969005508, 24.555498455000077 ], [ 90.969598639000196, 24.555350150000152 ], [ 90.970384459000172, 24.554766518000179 ], [ 90.97030477300018, 24.554562965000116 ], [ 90.970035575000111, 24.554223786000023 ], [ 90.969981761000099, 24.554127052000013 ], [ 90.970089675000111, 24.553394865000087 ], [ 90.970035600000188, 24.553103970000109 ], [ 90.970143536000023, 24.552615613000114 ], [ 90.970251622000092, 24.55222659400016 ], [ 90.970628612000041, 24.551738761000024 ], [ 90.970521192000035, 24.551251792000187 ], [ 90.970682681000142, 24.550666009999986 ], [ 90.970831620000126, 24.550397365000094 ], [ 90.970898743000078, 24.550276295000174 ], [ 90.971545964000086, 24.549542889000065 ], [ 90.972030820000043, 24.549201110000126 ], [ 90.972785817999977, 24.549002078000171 ], [ 90.973810080000192, 24.548512317000075 ], [ 90.974025778999987, 24.548316763000059 ], [ 90.974511373000041, 24.548072053000055 ], [ 90.975050480000164, 24.547486081000045 ], [ 90.975212295000119, 24.546706132000111 ], [ 90.975212092000049, 24.54612138900012 ], [ 90.975104894000197, 24.545584753000128 ], [ 90.974511537000069, 24.544419102000063 ], [ 90.973595140000157, 24.543449697000028 ], [ 90.973595080000166, 24.542962036000119 ], [ 90.973918583, 24.542424872000083 ], [ 90.974350325000046, 24.542081172000053 ], [ 90.974943389000089, 24.541932845000133 ], [ 90.975266467000154, 24.54198042500019 ], [ 90.975701687000139, 24.542176838000159 ], [ 90.976776218000111, 24.54299790400006 ], [ 90.97715336400006, 24.543094798000084 ], [ 90.977316332000044, 24.543082723000055 ], [ 90.977525921000051, 24.543242868999982 ], [ 90.977903068000103, 24.543339761000027 ], [ 90.978604246000032, 24.543287800000087 ], [ 90.979358828000102, 24.543041328000129 ], [ 90.979682254000068, 24.542894735000118 ], [ 90.979951847000052, 24.54264915300007 ], [ 90.98038364100006, 24.541917110000156 ], [ 90.980491272, 24.541236844000025 ], [ 90.979920423000124, 24.540910280000162 ], [ 90.979741576000151, 24.540991893000069 ], [ 90.97914844200011, 24.540652576000184 ], [ 90.979117592000023, 24.540652779000084 ], [ 90.978986786000064, 24.540653627000154 ], [ 90.978663421000022, 24.540409636000163 ], [ 90.97855544700019, 24.540410339000118 ], [ 90.978232331000072, 24.54011893500018 ], [ 90.978016592000074, 24.539829092000048 ], [ 90.977908925000122, 24.539391795000029 ], [ 90.97752583200014, 24.539046735000056 ], [ 90.97747098800005, 24.538997335999966 ], [ 90.977423643000122, 24.538954692 ], [ 90.976884104000192, 24.538761770000065 ], [ 90.976071621000187, 24.538716869000154 ], [ 90.9759678530001, 24.538765443000102 ], [ 90.975320827000075, 24.538476130000049 ], [ 90.975105216000088, 24.538281105000124 ], [ 90.974889954, 24.537891915000102 ], [ 90.974835745000064, 24.537503940000079 ], [ 90.975105300000052, 24.537014536000072 ], [ 90.975051542000074, 24.536285649000092 ], [ 90.974836283000116, 24.535896458000082 ], [ 90.97386543500005, 24.535218647000079 ], [ 90.973704123000061, 24.535023268000145 ], [ 90.973542253000176, 24.534195737000175 ], [ 90.973272963000056, 24.533759484000029 ], [ 90.973050522000051, 24.533559693000143 ], [ 90.972572265000167, 24.533226671000079 ], [ 90.972248472000103, 24.533323580000058 ], [ 90.970901130000186, 24.533427083000163 ], [ 90.970092163000174, 24.533576783000115 ], [ 90.969876484000167, 24.533772332000012 ], [ 90.969661059000032, 24.534162041000059 ], [ 90.969499097000096, 24.534844908000139 ], [ 90.969337113000051, 24.535283940000056 ], [ 90.969175103000111, 24.535479146000057 ], [ 90.9687982640001, 24.535820221000108 ], [ 90.967975207000165, 24.536127848999968 ], [ 90.967612067000118, 24.536263575000191 ], [ 90.967234476000044, 24.53650756900015 ], [ 90.966695107000078, 24.536655522000046 ], [ 90.965509135000048, 24.536807611000086 ], [ 90.96518570600017, 24.536954175000119 ], [ 90.964484681000158, 24.5371031520001 ], [ 90.962759328000118, 24.537888569000188 ], [ 90.96218742800005, 24.537850821000063 ], [ 90.962053821000097, 24.537700385000051 ], [ 90.961892031000048, 24.537116671999968 ], [ 90.959951314000136, 24.535711202000073 ], [ 90.959520398000052, 24.53527369000011 ], [ 90.959196857000165, 24.534593921000067 ], [ 90.959089122000023, 24.534057272000155 ], [ 90.958981646000041, 24.533960875999981 ], [ 90.958981645000108, 24.533473211000057 ], [ 90.958766093000065, 24.532063515000118 ], [ 90.958567070000186, 24.531769914999984 ], [ 90.958173312000099, 24.531189035000068 ], [ 90.956610558000136, 24.529733701000112 ], [ 90.955694031000064, 24.528714513000125 ], [ 90.955626642000084, 24.528687624000156 ], [ 90.955209475000117, 24.528521160000025 ], [ 90.954990565000116, 24.528520713000091 ], [ 90.954944453000053, 24.528469436000023 ], [ 90.954449497000098, 24.52827605900012 ], [ 90.95419027700018, 24.528275528000165 ], [ 90.953639142000156, 24.528006346999973 ], [ 90.953597027000114, 24.527985778000186 ], [ 90.953058446000057, 24.527745351000078 ], [ 90.952518979000104, 24.527796169 ], [ 90.952195570000072, 24.527698870000052 ], [ 90.952141654000059, 24.527748881000036 ], [ 90.950904547000107, 24.527456438000058 ], [ 90.950829339000109, 24.527438658 ], [ 90.950309071000049, 24.527315667000039 ], [ 90.95003924100007, 24.527123204000191 ], [ 90.949608112000192, 24.526976909000098 ], [ 90.947290762000137, 24.525329802000158 ], [ 90.94711277000016, 24.525186842000039 ], [ 90.946028682000133, 24.524316103000046 ], [ 90.945704097000032, 24.524286882000183 ], [ 90.945192344000077, 24.524082379000049 ], [ 90.944810577000169, 24.523857837000094 ], [ 90.944865398, 24.523586252000143 ], [ 90.944865587000095, 24.522951834000025 ], [ 90.945148748000179, 24.522184745000061 ], [ 90.945189699000082, 24.522073810000052 ], [ 90.945189481000114, 24.52187965000013 ], [ 90.945512945000189, 24.521245462000081 ], [ 90.946537874000171, 24.520365300000094 ], [ 90.946673261000115, 24.520028460999981 ], [ 90.946689887000048, 24.519987096000023 ], [ 90.946753482000076, 24.519828871000186 ], [ 90.946915508000188, 24.519633689000045 ], [ 90.947615863000124, 24.519240966000098 ], [ 90.947831705000056, 24.518900953000127 ], [ 90.948317246000158, 24.518410237000069 ], [ 90.948327162000112, 24.518356502000131 ], [ 90.948347955000145, 24.518243821000112 ], [ 90.94847908100013, 24.517533226000069 ], [ 90.948696395000184, 24.517015889000163 ], [ 90.948850445000119, 24.516649156000085 ], [ 90.949072434000129, 24.516120684000043 ], [ 90.949035829000195, 24.51602057600013 ], [ 90.949018898000134, 24.515974269000083 ], [ 90.949180671000079, 24.515582667000047 ], [ 90.949347893000095, 24.515204688000097 ], [ 90.949935891000052, 24.513875596000105 ], [ 90.950313110000081, 24.51334040200004 ], [ 90.950690539000163, 24.512997111000175 ], [ 90.950719508000134, 24.512979538000025 ], [ 90.951175674000069, 24.512702807000153 ], [ 90.951660939000135, 24.512507842000105 ], [ 90.952038104000167, 24.512458051000124 ], [ 90.952415899000073, 24.512164422000069 ], [ 90.952577415000121, 24.51182248900011 ], [ 90.95252350200019, 24.511626408000154 ], [ 90.952200048000066, 24.51119045300004 ], [ 90.95220030500019, 24.510896947000106 ], [ 90.952294363000135, 24.510699908000049 ], [ 90.952362453000092, 24.510557268000184 ], [ 90.952524197000173, 24.51040949500009 ], [ 90.95241626100011, 24.51016634400014 ], [ 90.952470314000038, 24.50997183800007 ], [ 90.953279207000094, 24.509092996000163 ], [ 90.953332768000166, 24.508751745000097 ], [ 90.951662579000129, 24.506418775000157 ], [ 90.951178035000169, 24.505886749000183 ], [ 90.95101418600018, 24.505472292999968 ], [ 90.950908264000134, 24.505204360000107 ], [ 90.95069318600008, 24.504329723000126 ], [ 90.950208169, 24.503404854000053 ], [ 90.950154522000105, 24.50316135800017 ], [ 90.949454393000167, 24.502093348000074 ], [ 90.949415506000094, 24.502019369000095 ], [ 90.948969410000132, 24.501170730000126 ], [ 90.94957064200014, 24.500750477000111 ], [ 90.949670163000121, 24.500680913000053 ], [ 90.949741686000038, 24.500594672000091 ], [ 90.949832158999982, 24.500485732000129 ], [ 90.949832290000074, 24.500338980000095 ], [ 90.949940120000122, 24.500241219000088 ], [ 90.949987705000069, 24.50013352700006 ], [ 90.950479312000141, 24.499020917000166 ], [ 90.950677635000147, 24.498841944 ], [ 90.950748889000181, 24.49877764200005 ], [ 90.951503659000082, 24.498337147000086 ], [ 90.952425236000067, 24.497430738000162 ], [ 90.952797427, 24.497064667000132 ], [ 90.953228865000199, 24.496529123000073 ], [ 90.953228375000151, 24.496382373000188 ], [ 90.95356336500015, 24.495867292000071 ], [ 90.953768002000118, 24.495552642000177 ], [ 90.953929753000125, 24.49516329100004 ], [ 90.953948573000048, 24.494968249000067 ], [ 90.953992610000057, 24.494511894000027 ], [ 90.954000483000073, 24.494430293000107 ], [ 90.954037876000086, 24.494042780000143 ], [ 90.95382251, 24.493457135000085 ], [ 90.953822528000046, 24.493292816000064 ], [ 90.953822537000121, 24.493215560000067 ], [ 90.953887222000048, 24.492980035000016 ], [ 90.953929996000056, 24.492824295000105 ], [ 90.954145634000099, 24.492628768000031 ], [ 90.954415305000111, 24.492482570000163 ], [ 90.954692071000125, 24.492483010000058 ], [ 90.954778752000095, 24.492413121000027 ], [ 90.955048421000129, 24.49226692100018 ], [ 90.955317949000062, 24.492265215000032 ], [ 90.955802604999974, 24.4924089000001 ], [ 90.956084013000179, 24.492408592000118 ], [ 90.95640936000018, 24.492230635 ], [ 90.956678912000086, 24.491987352000081 ], [ 90.957002742999975, 24.491499892000036 ], [ 90.957272272000182, 24.491254350000133 ], [ 90.95758817, 24.491234699000017 ], [ 90.957697702000189, 24.491227885 ], [ 90.957905377000088, 24.491038690000096 ], [ 90.95855296100018, 24.490998402000116 ], [ 90.958713611000178, 24.490988407000089 ], [ 90.959252283000126, 24.491179149000061 ], [ 90.959468168000171, 24.491180037000163 ], [ 90.959952824000084, 24.491567542000155 ], [ 90.960114160000103, 24.492345426000043 ], [ 90.960060504000126, 24.492589602000123 ], [ 90.960006349000196, 24.492930862000151 ], [ 90.960221722000142, 24.493270407000068 ], [ 90.96102995800004, 24.493705519 ], [ 90.961407310000197, 24.4940937020001 ], [ 90.961622942000076, 24.494141999000078 ], [ 90.962161533000142, 24.494481741000129 ], [ 90.963347383000041, 24.494769941000186 ], [ 90.964641041000164, 24.494716529000186 ], [ 90.965341452000075, 24.494517889000065 ], [ 90.966150191000111, 24.494612056000165 ], [ 90.966526946000101, 24.494758655000112 ], [ 90.967012256000146, 24.495146132000116 ], [ 90.967389234000052, 24.495240798000111 ], [ 90.968035796000095, 24.495823660000042 ], [ 90.968574883000031, 24.496064036 ], [ 90.9688980950001, 24.496064220000051 ], [ 90.96936451900018, 24.496029676000035 ], [ 90.969558875000075, 24.495932967000101 ], [ 90.969737692000024, 24.495943305000083 ], [ 90.970191980000152, 24.495717256000091 ], [ 90.97078437700003, 24.495751501000029 ], [ 90.970905943000162, 24.495684993 ], [ 90.971499129000051, 24.495098689000031 ], [ 90.971606677000068, 24.494806752000102 ], [ 90.971822527000143, 24.494561530000055 ], [ 90.972199606000174, 24.494267859 ], [ 90.972469024000077, 24.494171300000119 ], [ 90.973008286000095, 24.493632748000152 ], [ 90.973331488000042, 24.492510841000126 ], [ 90.973277698, 24.492414107000116 ], [ 90.973331463000136, 24.492267008999988 ], [ 90.973601084000109, 24.491876947000094 ], [ 90.973924491000162, 24.491583615000138 ], [ 90.974421077000045, 24.491491684000096 ], [ 90.974557566000044, 24.491367886000148 ], [ 90.975059734000013, 24.49127492000008 ], [ 90.976241739000045, 24.490699436000057 ], [ 90.976407725000115, 24.490711110000177 ], [ 90.977535229000125, 24.490790407000077 ], [ 90.977628867000078, 24.490536729000041 ], [ 90.977912813000103, 24.489767478000033 ], [ 90.97764359100006, 24.48932896700012 ], [ 90.977481952000062, 24.488844606999976 ], [ 90.977535575000161, 24.488600426000119 ], [ 90.977427610000177, 24.488357292999979 ], [ 90.977481914000066, 24.487722523000059 ], [ 90.977320159000101, 24.487382657000182 ], [ 90.977158676000158, 24.487236951 ], [ 90.977104851000036, 24.486896383999976 ], [ 90.979044537000107, 24.485136357000101 ], [ 90.980284444000119, 24.483572752000157 ], [ 90.980357612000148, 24.483463908000033 ], [ 90.980465594, 24.483304125000075 ], [ 90.980877125000063, 24.482695172000035 ], [ 90.98120079600011, 24.481963828000062 ], [ 90.981254463000198, 24.481329063000032 ], [ 90.98227823100018, 24.479816517000131 ], [ 90.982386273000031, 24.479036904000054 ], [ 90.982332645000042, 24.478405094000152 ], [ 90.982494385000109, 24.477868965000141 ], [ 90.983194651000133, 24.476794255000186 ], [ 90.983194745000162, 24.476647503000152 ], [ 90.984380361000035, 24.474939728000152 ], [ 90.984487846000093, 24.474645524000152 ], [ 90.984918918000062, 24.474010556000167 ], [ 90.985130148000167, 24.473044303000052 ], [ 90.98508094500005, 24.472404267000059 ], [ 90.985105608000083, 24.472248041000114 ], [ 90.985242566000011, 24.471380469000053 ], [ 90.985457982000071, 24.471087819 ], [ 90.985726665000016, 24.470892720000109 ], [ 90.986006452000197, 24.470986820000121 ], [ 90.986859348000053, 24.471277354000165 ], [ 90.987128319000192, 24.471131103000062 ], [ 90.987398168000027, 24.471176751000087 ], [ 90.987559364000049, 24.47112828700017 ], [ 90.988206170000126, 24.471273067000084 ], [ 90.989068419000148, 24.471366765000027 ], [ 90.989175947000149, 24.471316391000073 ], [ 90.989661190000049, 24.471462222000184 ], [ 90.989930672000128, 24.471460457000092 ], [ 90.991116114000192, 24.471795860000043 ], [ 90.991816659000165, 24.471793520000062 ], [ 90.992732377000038, 24.471548190000192 ], [ 90.992895692000161, 24.471458207000126 ], [ 90.99300193900018, 24.471399667000071 ], [ 90.993223741000065, 24.471370317000094 ], [ 90.993378962000179, 24.471349777 ], [ 90.993448855, 24.471286357999986 ], [ 90.993486732000065, 24.471251989000109 ], [ 90.99351371400013, 24.471250622000071 ], [ 90.994510649000119, 24.471200099000043 ], [ 90.994941466000171, 24.471246933000032 ], [ 90.995426405000046, 24.47119632600004 ], [ 90.995749630000034, 24.471049705000041 ], [ 90.996503900000107, 24.470900239000116 ], [ 90.997312353000098, 24.470897162000142 ], [ 90.998228553000047, 24.471184614000094 ], [ 90.999274271000104, 24.472093027000028 ], [ 90.999737464000134, 24.472495396000056 ], [ 91.000060746000031, 24.472590338000089 ], [ 91.000653606000071, 24.472929584000099 ], [ 91.000976594000178, 24.473220945000094 ], [ 91.001353770000094, 24.473268116000042 ], [ 91.002755102000037, 24.473992575000182 ], [ 91.003509474000111, 24.474477490000083 ], [ 91.003994487, 24.474668430000065 ], [ 91.00453310000006, 24.474619696000104 ], [ 91.005287223000039, 24.474373105000041 ], [ 91.006419057000073, 24.474318160000053 ], [ 91.006824531000063, 24.474113343000056 ], [ 91.007051987000068, 24.474102299000037 ], [ 91.007536617000198, 24.473857494000129 ], [ 91.007698265000045, 24.473711923000053 ], [ 91.007644902000152, 24.473515860000077 ], [ 91.007267253000066, 24.473177464000173 ], [ 91.005920397000011, 24.472403014 ], [ 91.00559678500008, 24.472111668000082 ], [ 91.005327439000155, 24.471431635000044 ], [ 91.005434784000101, 24.470505261000142 ], [ 91.005758216, 24.469920620000153 ], [ 91.005812019000132, 24.469629019000081 ], [ 91.005811977000121, 24.468847854000046 ], [ 91.005919428000198, 24.468555896000055 ], [ 91.006382514000165, 24.468136693000076 ], [ 91.006404345000078, 24.468116930000122 ], [ 91.00690090500018, 24.467957579000029 ], [ 91.007280069000103, 24.467742512000086 ], [ 91.008357622000176, 24.466764513000044 ], [ 91.008465533000106, 24.466763792000108 ], [ 91.008681043000195, 24.466568193000171 ], [ 91.009277908000115, 24.466385017000107 ], [ 91.009313930000076, 24.466352324000127 ], [ 91.010284033000119, 24.466054597000095 ], [ 91.010619802000122, 24.466003074000014 ], [ 91.010930122000048, 24.465955455000085 ], [ 91.01130718200011, 24.465758768000057 ], [ 91.011860660000082, 24.464488493000033 ], [ 91.011948223000161, 24.463441867000142 ], [ 91.01235901400014, 24.463427971000044 ], [ 91.012809885000195, 24.463517516000081 ], [ 91.013261783000132, 24.463812505000078 ], [ 91.013745359000154, 24.463750561999973 ], [ 91.014293042000077, 24.463839454000095 ], [ 91.014999898000156, 24.463245449000055 ], [ 91.015901267, 24.462916542000073 ], [ 91.016255584000135, 24.462884810000105 ], [ 91.016611024000042, 24.463300094000033 ], [ 91.016708613000048, 24.463626804000057 ], [ 91.016775258000109, 24.464247224000076 ], [ 91.01706599500011, 24.464513933000035 ], [ 91.017517435000173, 24.464750209000044 ], [ 91.0181963980001, 24.465520027000139 ], [ 91.018712681000125, 24.465843915000107 ], [ 91.019229019000193, 24.466021050000109 ], [ 91.019583456000134, 24.466079617000048 ], [ 91.020646703000068, 24.466018255000108 ], [ 91.021324079000181, 24.466282347000117 ], [ 91.022166405000064, 24.467881874000057 ], [ 91.022360804000073, 24.468205666000188 ], [ 91.022401619000163, 24.468372459000079 ], [ 91.022426488000178, 24.468473887000073 ], [ 91.022621332000142, 24.469005385 ], [ 91.022880948000136, 24.46953870100009 ], [ 91.023301621000201, 24.470161236000024 ], [ 91.023979565000161, 24.470721066000124 ], [ 91.024495788000138, 24.47095688200011 ], [ 91.025012156000059, 24.471133997000095 ], [ 91.025214590000132, 24.471170899000128 ], [ 91.025334542999985, 24.471192767000161 ], [ 91.025817778000089, 24.471162395000135 ], [ 91.02633248900014, 24.470982800000115 ], [ 91.026557373000117, 24.470805171000052 ], [ 91.027521651000143, 24.469942953000157 ], [ 91.028034495000099, 24.469230548000098 ], [ 91.028515387000084, 24.468457404000048 ], [ 91.028836142999978, 24.468012713000121 ], [ 91.029284486000051, 24.467181088000132 ], [ 91.029476460000126, 24.466825321000101 ], [ 91.030309947000092, 24.465431162000129 ], [ 91.030725966000148, 24.464570402000163 ], [ 91.030950236000024, 24.464243764000116 ], [ 91.031493964000106, 24.46293736500013 ], [ 91.03158937600017, 24.462462599000105 ], [ 91.031620042000043, 24.461988275000124 ], [ 91.031553904000077, 24.461514610000108 ], [ 91.031293336000033, 24.460714906000192 ], [ 91.031237009000051, 24.460621795 ], [ 91.031252986000027, 24.46037468600008 ], [ 91.031186850000097, 24.459901021000064 ], [ 91.030926289000092, 24.459101316000101 ], [ 91.030084372000147, 24.457709543000135 ], [ 91.029469410000104, 24.456851291000135 ], [ 91.028951991000156, 24.456082685000183 ], [ 91.028207487000032, 24.454988251000032 ], [ 91.027947097000151, 24.454129839000075 ], [ 91.027714735000131, 24.453494830000182 ], [ 91.027557237000053, 24.453121039000052 ], [ 91.027427113000101, 24.452738116000091 ], [ 91.027264175000141, 24.452262850000011 ], [ 91.027327750000154, 24.451966659000107 ], [ 91.027454447000082, 24.451166573000023 ], [ 91.027839073000109, 24.450543093000135 ], [ 91.028384829000117, 24.450096872000074 ], [ 91.028707162000103, 24.450155638000126 ], [ 91.028963851000071, 24.449799433000067 ], [ 91.02916526600012, 24.449733791000142 ], [ 91.029607707000082, 24.449589599000092 ], [ 91.03070215300005, 24.449439908000045 ], [ 91.032216087000052, 24.44931669500005 ], [ 91.032763698000167, 24.449403263000136 ], [ 91.033473565000179, 24.449728038000103 ], [ 91.03354384000005, 24.449963228000172 ], [ 91.033571183000106, 24.450054738000119 ], [ 91.033765583, 24.450378515000182 ], [ 91.034024122000176, 24.450704113000086 ], [ 91.034476981000068, 24.451267698000095 ], [ 91.035123409000107, 24.451976706000153 ], [ 91.035447999000155, 24.452687914000023 ], [ 91.036095989000103, 24.453812320000168 ], [ 91.036516686000198, 24.454285810999977 ], [ 91.036678181000127, 24.454580460000102 ], [ 91.037261014000137, 24.455350852000095 ], [ 91.037698203000161, 24.456094806000181 ], [ 91.037973261000161, 24.45656286000019 ], [ 91.038071032000175, 24.456830851000063 ], [ 91.038556821000157, 24.457570298000064 ], [ 91.038945574000081, 24.458281054000054 ], [ 91.039075632000163, 24.458575919000054 ], [ 91.039334087000157, 24.45896246500007 ], [ 91.039431844000148, 24.459228200000098 ], [ 91.039755508000098, 24.459670738000113 ], [ 91.040662998000073, 24.461299061000091 ], [ 91.040921820000165, 24.461653995000177 ], [ 91.041065198000126, 24.461850614000184 ], [ 91.041439467000089, 24.462363858 ], [ 91.041665882000075, 24.462601612000128 ], [ 91.042247557000167, 24.463222982000048 ], [ 91.043119663000198, 24.463842344000113 ], [ 91.043255017000035, 24.463879791000124 ], [ 91.044151267000132, 24.464135495000164 ], [ 91.044989041000122, 24.464104870000028 ], [ 91.045761812000023, 24.463894076000145 ], [ 91.046533609000051, 24.463565885000094 ], [ 91.047337114000186, 24.462971063000055 ], [ 91.047592792000046, 24.462794239000175 ], [ 91.047851534000131, 24.46261529800006 ], [ 91.047904920000065, 24.462568653000176 ], [ 91.049007999000139, 24.461604864000094 ], [ 91.049843038000063, 24.460948855000083 ], [ 91.051416933000155, 24.459492996000165 ], [ 91.052542132999974, 24.45880786000015 ], [ 91.053312533000167, 24.457946832000118 ], [ 91.054082912000183, 24.457232551000061 ], [ 91.05446854000013, 24.456965710000134 ], [ 91.055305257000157, 24.456666376000044 ], [ 91.056336710000153, 24.456871393000029 ], [ 91.056467815000076, 24.457434897000155 ], [ 91.057150192000165, 24.459182088000034 ], [ 91.057607525000037, 24.461077599000077 ], [ 91.057638418000067, 24.461189208000178 ], [ 91.057738504000156, 24.46155079600004 ], [ 91.058160321000173, 24.462588633000053 ], [ 91.058429662000151, 24.463079122000067 ], [ 91.058517238000093, 24.463238602999979 ], [ 91.059004060000063, 24.46430533299997 ], [ 91.059393299000192, 24.464984424000136 ], [ 91.059429004000037, 24.465028898000071 ], [ 91.059845704000054, 24.465547931000117 ], [ 91.060331777000044, 24.466228595000132 ], [ 91.060720167000056, 24.466878340000164 ], [ 91.060946624000053, 24.467116065000027 ], [ 91.061303200000054, 24.467795378000176 ], [ 91.061530396000194, 24.468121147000033 ], [ 91.061919185000136, 24.468890541000121 ], [ 91.062049449000085, 24.469275689000028 ], [ 91.062244215000192, 24.469631032 ], [ 91.062342172000058, 24.469987055000047 ], [ 91.062442969000131, 24.470187389000102 ], [ 91.062893429000098, 24.471082668 ], [ 91.062958811000158, 24.471377962000133 ], [ 91.063250911000182, 24.471940326000095 ], [ 91.063477503000115, 24.47226609500018 ], [ 91.063929546000111, 24.472560926000142 ], [ 91.064670676000162, 24.47261891900007 ], [ 91.065475651000042, 24.472349098 ], [ 91.065732546000049, 24.472171189000107 ], [ 91.066375044000097, 24.471575144000099 ], [ 91.066793641, 24.47148640000006 ], [ 91.067115674000092, 24.471574432000068 ], [ 91.067955890000178, 24.472193871000059 ], [ 91.068247268000107, 24.472668181000017 ], [ 91.067894059000139, 24.472905474000015 ], [ 91.067006018000086, 24.473132780000185 ], [ 91.06696654000001, 24.473142885000073 ], [ 91.066725345000066, 24.473204621000036 ], [ 91.066252270000064, 24.473325707000072 ], [ 91.065704930000095, 24.47350566700004 ], [ 91.064707287000033, 24.473891990000141 ], [ 91.06421966400012, 24.474123941000073 ], [ 91.063324633000036, 24.474549681000099 ], [ 91.062423930000023, 24.475025612000138 ], [ 91.0616518610002, 24.475471286000072 ], [ 91.061073070000191, 24.475800456000115 ], [ 91.060228681000069, 24.476358566000101 ], [ 91.059723175000158, 24.476692682000021 ], [ 91.058406077000029, 24.477821721000112 ], [ 91.057601926000018, 24.478269857000043 ], [ 91.056958467000186, 24.478538509000089 ], [ 91.056508643000086, 24.478805804000103 ], [ 91.056122787000163, 24.479126833000123 ], [ 91.055920942000057, 24.479294284 ], [ 91.055629906000149, 24.479535726000108 ], [ 91.055255512000031, 24.479846320000036 ], [ 91.054387932000054, 24.480678688000182 ], [ 91.053778864000094, 24.481450549000158 ], [ 91.053137979999974, 24.482549992000088 ], [ 91.052658290000124, 24.483677656000111 ], [ 91.052435144000128, 24.484358771000075 ], [ 91.052372123000112, 24.484715924000056 ], [ 91.052244951000091, 24.485220271000117 ], [ 91.052149223000185, 24.485575396000115 ], [ 91.052119370000071, 24.48628677 ], [ 91.052218538000147, 24.486938548000126 ], [ 91.052483818000042, 24.487898855000083 ], [ 91.052563495000186, 24.48810439500005 ], [ 91.052869461000057, 24.488893674000053 ], [ 91.05312886300004, 24.489307279000059 ], [ 91.053516683000169, 24.48981029100014 ], [ 91.05400183800009, 24.490224577000106 ], [ 91.05435671500004, 24.490400454000053 ], [ 91.054937225000117, 24.490488968000079 ], [ 91.055259046000174, 24.490398669000172 ], [ 91.05574108899998, 24.490070195000158 ], [ 91.056481819000169, 24.489920523000023 ], [ 91.056932308000057, 24.489802230000066 ], [ 91.057286676000047, 24.489621393000164 ], [ 91.057543124000176, 24.489384800000039 ], [ 91.058120123000037, 24.488464145000137 ], [ 91.058377164000035, 24.488225287000091 ], [ 91.058827262000193, 24.487987335000128 ], [ 91.059151497000073, 24.488039243000173 ], [ 91.059375691000184, 24.488076054000089 ], [ 91.059461938000084, 24.488105268000027 ], [ 91.059891537000055, 24.48825078800013 ], [ 91.060633639000173, 24.488487149000093 ], [ 91.061117683000077, 24.488693713000146 ], [ 91.061795892000134, 24.489106615000026 ], [ 91.062183871000173, 24.489550906999966 ], [ 91.062346461000118, 24.489816169000107 ], [ 91.06234785200013, 24.490348970000014 ], [ 91.062259748000145, 24.490830401000153 ], [ 91.062551418000112, 24.491164398000024 ], [ 91.062714011000139, 24.491429659000175 ], [ 91.062715403000084, 24.491962460000138 ], [ 91.062524364000183, 24.49300356800012 ], [ 91.062398009000106, 24.493387024000072 ], [ 91.062400407000155, 24.494039475000136 ], [ 91.062724489000118, 24.494511304000184 ], [ 91.063176632000136, 24.49480839000006 ], [ 91.063563730000055, 24.494925323000075 ], [ 91.064272407000146, 24.494922584999983 ], [ 91.064884251000137, 24.494773782000038 ], [ 91.065288283000143, 24.494731608000109 ], [ 91.065464145000135, 24.494713250000189 ], [ 91.065786215000173, 24.494652275000192 ], [ 91.066591471000152, 24.49447275000017 ], [ 91.066880727000125, 24.494323960000145 ], [ 91.067169586000148, 24.494055514000138 ], [ 91.067394304000061, 24.49378751900008 ], [ 91.067908640000155, 24.493341380000174 ], [ 91.068487142000095, 24.493043792000094 ], [ 91.068777256000089, 24.492924338000137 ], [ 91.069130896000047, 24.492804437000075 ], [ 91.069517617000145, 24.492803958000138 ], [ 91.069937153000069, 24.492891292000081 ], [ 91.070292078000193, 24.493069390000073 ], [ 91.070614796000086, 24.493304156000136 ], [ 91.07092842600008, 24.493412559000092 ], [ 91.071038544000146, 24.493451286000038 ], [ 91.072517492000145, 24.493656397000052 ], [ 91.07316176900008, 24.493624727999986 ], [ 91.073741257000052, 24.493444510000188 ], [ 91.074353330000122, 24.49332501400005 ], [ 91.074803910000128, 24.493145713000047 ], [ 91.075013841000157, 24.493026819000193 ], [ 91.075293898000155, 24.493176089000087 ], [ 91.075564646000032, 24.493318652000085 ], [ 91.075995773000045, 24.49331783700012 ], [ 91.076103497000076, 24.493219990000057 ], [ 91.078151532000163, 24.492966069000147 ], [ 91.07831290900009, 24.492867837000176 ], [ 91.080360762000169, 24.492665814000077 ], [ 91.080529793000039, 24.492567196000095 ], [ 91.082678102000045, 24.492459575000112 ], [ 91.083540144000153, 24.492505317 ], [ 91.084671939000089, 24.492792946000122 ], [ 91.084780061000174, 24.492742501000123 ], [ 91.086558911999987, 24.493465707000098 ], [ 91.087636915000132, 24.494094606000147 ], [ 91.088500087000114, 24.494772454000099 ], [ 91.08887736600019, 24.494963896000115 ], [ 91.089631894000092, 24.495057788999986 ], [ 91.090004005000196, 24.494922006000024 ], [ 91.090439822000121, 24.494762975000128 ], [ 91.09076317500012, 24.494566482000096 ], [ 91.0908709200001, 24.494615372000055 ], [ 91.091086561000054, 24.494516735000161 ], [ 91.091194019000113, 24.494175054000038 ], [ 91.091355594000049, 24.494029394000108 ], [ 91.091409614000099, 24.49378517800011 ], [ 91.091624384000056, 24.493442719000143 ], [ 91.091785845, 24.492712329000085 ], [ 91.091838574000064, 24.491104497000094 ], [ 91.091945839000118, 24.490812484 ], [ 91.092430323000087, 24.490420664999988 ], [ 91.093023384, 24.490174803000116 ], [ 91.093346121000138, 24.490122798000129 ], [ 91.093453828000122, 24.490024940000069 ], [ 91.094101003000105, 24.489975099000105 ], [ 91.095555704000105, 24.490016480000065 ], [ 91.095717680000178, 24.4899182260001 ], [ 91.095958653000139, 24.489905858000157 ], [ 91.09884268400009, 24.489757805000067 ], [ 91.099281335000057, 24.489646377999975 ], [ 91.099812567000185, 24.489511433000075 ], [ 91.100135893000072, 24.48931491899998 ], [ 91.100620616000128, 24.489166896000086 ], [ 91.101698443000032, 24.489064218000124 ], [ 91.101913911000111, 24.489159724000046 ], [ 91.102399017000096, 24.488914615000112 ], [ 91.103584352000041, 24.488763727000048 ], [ 91.10385370400013, 24.488955917000169 ], [ 91.10390784100008, 24.489151937000031 ], [ 91.104069470000013, 24.489297501000181 ], [ 91.104231466000101, 24.489343727000062 ], [ 91.106386463000149, 24.488993823999976 ], [ 91.106548430000146, 24.488895558000024 ], [ 91.107087231000037, 24.488796788000059 ], [ 91.10751762100017, 24.488502396 ], [ 91.107625645000041, 24.488160700000151 ], [ 91.107624692000059, 24.48777013199998 ], [ 91.107947768000145, 24.487476526000023 ], [ 91.108594903000096, 24.487424367000074 ], [ 91.109348899000167, 24.487179520000154 ], [ 91.111611069999981, 24.486047610000128 ], [ 91.111826737000172, 24.486095692 ], [ 91.112042461000101, 24.486290517000043 ], [ 91.112258641000039, 24.486677241000052 ], [ 91.112474366000185, 24.486872068000139 ], [ 91.112743490000071, 24.486967164000191 ], [ 91.113390261000063, 24.487014323000096 ], [ 91.114145293000149, 24.487448996000069 ], [ 91.115493958000116, 24.488757506000184 ], [ 91.115601986000172, 24.489047943000116 ], [ 91.11560270800004, 24.489829083000075 ], [ 91.115926215000059, 24.490215008000121 ], [ 91.116951414000084, 24.491137577000188 ], [ 91.1173286450001, 24.491669848000072 ], [ 91.11759846200016, 24.491911677000076 ], [ 91.118084701000157, 24.492982715999972 ], [ 91.118462077000117, 24.493320824000079 ], [ 91.119216811, 24.49336715700008 ], [ 91.119917319000081, 24.493070728000191 ], [ 91.120293857000149, 24.492826369000113 ], [ 91.120563258000118, 24.492533135000031 ], [ 91.120670435000022, 24.492238844999974 ], [ 91.120615870000051, 24.491510031000075 ], [ 91.120452867000154, 24.490097959000138 ], [ 91.120236636000129, 24.4897089910001 ], [ 91.120202682000127, 24.489507694000054 ], [ 91.120006395000189, 24.488343969000141 ], [ 91.119965846000071, 24.488103559000137 ], [ 91.11985761, 24.487860536000028 ], [ 91.119910116000085, 24.486546198000156 ], [ 91.120232849000047, 24.486008743000184 ], [ 91.120448630000055, 24.485860397000181 ], [ 91.120556156000077, 24.485957214999985 ], [ 91.12077191700007, 24.486151491000101 ], [ 91.12087997500015, 24.486444183000174 ], [ 91.120913905000123, 24.487303903000054 ], [ 91.120935648000057, 24.487854796000079 ], [ 91.121043220000047, 24.487953332000075 ], [ 91.121205842, 24.488487187000089 ], [ 91.121259878000046, 24.488877359000014 ], [ 91.121422188000167, 24.489167388000169 ], [ 91.121799386000077, 24.48955515900019 ], [ 91.1221770840001, 24.489651690000073 ], [ 91.122661221000101, 24.489162698000086 ], [ 91.122929804000194, 24.48843148200018 ], [ 91.123091490000093, 24.488233865999973 ], [ 91.123144779000143, 24.487845156000162 ], [ 91.123467559000176, 24.486966791000043 ], [ 91.123843685000054, 24.486331853000081 ], [ 91.124112432000175, 24.485550967000165 ], [ 91.124596669000198, 24.484867811000129 ], [ 91.125135048000061, 24.484378409000101 ], [ 91.126535134000051, 24.483349780000026 ], [ 91.128203617, 24.481784069000071 ], [ 91.129011782000191, 24.481536464000101 ], [ 91.129119508000031, 24.48158307 ], [ 91.130035284000144, 24.481093086000158 ], [ 91.129989475000173, 24.479136472000107 ], [ 91.130366650000042, 24.479038828 ], [ 91.130905036000172, 24.478693895000163 ], [ 91.131120447000114, 24.478644873000178 ], [ 91.131605203999982, 24.478302597000095 ], [ 91.1318210350002, 24.478300980000085 ], [ 91.132520924000119, 24.477810342000168 ], [ 91.134244341000112, 24.477023044000191 ], [ 91.134405823000179, 24.476875084000028 ], [ 91.135267615000089, 24.476629302000106 ], [ 91.13564467000009, 24.476382643000079 ], [ 91.136344957000063, 24.476282556000058 ], [ 91.136452701000053, 24.476331411999979 ], [ 91.137152646000175, 24.475987502000123 ], [ 91.138122813000052, 24.476273688 ], [ 91.138553875000184, 24.476272700000095 ], [ 91.140007664000109, 24.475340620999987 ], [ 91.14054575300014, 24.474898579000183 ], [ 91.140869323000118, 24.474945803000026 ], [ 91.141139336000151, 24.475140176000025 ], [ 91.141624024000123, 24.475136516000077 ], [ 91.142431690000137, 24.474841433999984 ], [ 91.142809265000039, 24.474791168000081 ], [ 91.143778301999987, 24.474201367000035 ], [ 91.144316749000041, 24.474005391 ], [ 91.144639867000137, 24.474002941000151 ], [ 91.144909695000081, 24.47424472199998 ], [ 91.144963963000123, 24.474585215000047 ], [ 91.14453361600016, 24.475073865000127 ], [ 91.144587619999982, 24.475317281 ], [ 91.145073110000055, 24.475607095000044 ], [ 91.145827481000197, 24.475556223000069 ], [ 91.146743220000189, 24.475210630000163 ], [ 91.147012266000047, 24.475161178000178 ], [ 91.147227905000079, 24.475206951000132 ], [ 91.147335555000097, 24.475109055000189 ], [ 91.147550784000032, 24.47510967900007 ], [ 91.148574595000127, 24.474713586000064 ], [ 91.148735991000137, 24.474762027000111 ], [ 91.150136782000118, 24.474658807000083 ], [ 91.150298608000185, 24.474754653 ], [ 91.151322525000126, 24.474846191000097 ], [ 91.152938711000047, 24.474693893000108 ], [ 91.153369579000184, 24.474740273000066 ], [ 91.154070270000148, 24.47468751200006 ], [ 91.154232099000126, 24.474783351999974 ], [ 91.154179694000163, 24.476002876000166 ], [ 91.154438928000104, 24.476300742000149 ], [ 91.154600760000164, 24.476396582000064 ], [ 91.154708346, 24.476495096000065 ], [ 91.154708808000066, 24.476883404000034 ], [ 91.154554222000058, 24.477589325000054 ], [ 91.154548358000113, 24.477616106000085 ], [ 91.15395610000013, 24.477862191999975 ], [ 91.153470953000067, 24.477816235000034 ], [ 91.152824324000107, 24.477915992000192 ], [ 91.152124150000077, 24.478162900000029 ], [ 91.150993472000152, 24.478948138000135 ], [ 91.150725055000066, 24.479338497000015 ], [ 91.150671155000055, 24.479582732999972 ], [ 91.150671886000168, 24.479849292000097 ], [ 91.150883506000127, 24.48043221 ], [ 91.150835807000135, 24.480580553000095 ], [ 91.151695762000145, 24.482079248000048 ], [ 91.151806062000048, 24.482218017000093 ], [ 91.152505549000125, 24.483098033000033 ], [ 91.152775783000095, 24.483583619000058 ], [ 91.153584868000166, 24.484455659000105 ], [ 91.153801187, 24.484844576000057 ], [ 91.153995059000067, 24.485056850000035 ], [ 91.154286475000049, 24.485375926000131 ], [ 91.154880322000054, 24.485908699999982 ], [ 91.155744191, 24.48717087700004 ], [ 91.155798060000109, 24.487463956000056 ], [ 91.156284001000074, 24.487997551000092 ], [ 91.157039866000048, 24.489113800000155 ], [ 91.15749274000018, 24.489543013000059 ], [ 91.158011048999981, 24.490034239000181 ], [ 91.15817301400017, 24.49027682100018 ], [ 91.158496556000102, 24.49051816399998 ], [ 91.158604481000054, 24.490517333000184 ], [ 91.158948753000118, 24.490802698000095 ], [ 91.159306139000023, 24.491098930000078 ], [ 91.159882425000092, 24.491605167000159 ], [ 91.161787677000177, 24.493278782000175 ], [ 91.161812741000119, 24.493285923000144 ], [ 91.161949697000125, 24.493324941000139 ], [ 91.162705040000162, 24.493906111000115 ], [ 91.163136646000169, 24.494293354999968 ], [ 91.163253712000085, 24.494496305000098 ], [ 91.163696125000172, 24.494851398000037 ], [ 91.164269799000067, 24.495311837000031 ], [ 91.165259649000063, 24.495991927000034 ], [ 91.165888012000096, 24.496423644000117 ], [ 91.167236832000128, 24.497682005000058 ], [ 91.167398881000111, 24.49773041300017 ], [ 91.167830515000162, 24.498117647000015 ], [ 91.168910022000034, 24.499330663000023 ], [ 91.168936504000101, 24.499338235000153 ], [ 91.16907143800006, 24.499376819000133 ], [ 91.169395485000109, 24.499667803000023 ], [ 91.169503417000158, 24.499666965000131 ], [ 91.169988567000189, 24.500103441000022 ], [ 91.170528330000138, 24.500442414000076 ], [ 91.171160857000189, 24.500741209000068 ], [ 91.17144522000018, 24.500875537000127 ], [ 91.171606940000061, 24.501021029000128 ], [ 91.171822655000028, 24.501069017000191 ], [ 91.172098443000152, 24.501309351000145 ], [ 91.172308000000157, 24.501259407000134 ], [ 91.173439895000115, 24.501596025000083 ], [ 91.173817532000157, 24.501545683000188 ], [ 91.175373886000159, 24.501585281000075 ], [ 91.1764571920001, 24.50085010700019 ], [ 91.177641018000145, 24.499675954999987 ], [ 91.177748086000122, 24.499383886000089 ], [ 91.17796353, 24.499138383000115 ], [ 91.178446386000189, 24.497870354000099 ], [ 91.178715810000085, 24.497527352000134 ], [ 91.178715387000125, 24.497283533000143 ], [ 91.178936218000047, 24.496690316000183 ], [ 91.179198475000135, 24.496306733000154 ], [ 91.179198363000125, 24.49616224500005 ], [ 91.179467204000105, 24.495625093000058 ], [ 91.179520301000139, 24.495234113000038 ], [ 91.180111944000146, 24.494258716000047 ], [ 91.180488670000045, 24.493914874000041 ], [ 91.180596156000036, 24.493866628000092 ], [ 91.180811836000146, 24.493912341000055 ], [ 91.181188873000167, 24.493667835999986 ], [ 91.181404109000198, 24.493666148000045 ], [ 91.181566002000181, 24.493764216000159 ], [ 91.181727915000181, 24.493665878 ], [ 91.18199727200016, 24.493713430000071 ], [ 91.182320693000179, 24.494002135000073 ], [ 91.18259067200006, 24.494049686000153 ], [ 91.183237749000057, 24.494387772000096 ], [ 91.183279362, 24.494419049999976 ], [ 91.184424572000125, 24.495258936000027 ], [ 91.184532502000138, 24.495258086000149 ], [ 91.185557321000147, 24.495886688000098 ], [ 91.187499624000168, 24.49733661199997 ], [ 91.191439243000048, 24.500822916000118 ], [ 91.192481962000102, 24.501889224000081 ], [ 91.193382445999987, 24.502810059000183 ], [ 91.193599067000093, 24.503149243000166 ], [ 91.194106035000118, 24.503655405000131 ], [ 91.194570474000045, 24.504119101000128 ], [ 91.194948682000074, 24.504651158000172 ], [ 91.196082177000164, 24.505669387000125 ], [ 91.196244063000051, 24.505959333000135 ], [ 91.196561447000022, 24.506243982000171 ], [ 91.197863446000042, 24.507411671000057 ], [ 91.198039436000045, 24.507640835000188 ], [ 91.198943930000098, 24.508818605000101 ], [ 91.199195077000184, 24.509101557000065 ], [ 91.19980839100009, 24.50979253200012 ], [ 91.199861751000071, 24.509983003000173 ], [ 91.2009419540002, 24.511096434000024 ], [ 91.201428193000197, 24.511826282000186 ], [ 91.202183514000069, 24.512504316000161 ], [ 91.202237934000152, 24.512648371000068 ], [ 91.203425366000147, 24.513810595000166 ], [ 91.203695864000167, 24.514296077000154 ], [ 91.203965746000108, 24.514587411000093 ], [ 91.205153354000117, 24.515505799999971 ], [ 91.205273921000071, 24.515614514000106 ], [ 91.205369267000151, 24.515700485000025 ], [ 91.205369300000086, 24.515729304 ], [ 91.205370628000196, 24.515848295000183 ], [ 91.205477076000079, 24.515943449000019 ], [ 91.205908713000042, 24.515989661000162 ], [ 91.206178295000143, 24.516183921000049 ], [ 91.206448325000054, 24.516231424000182 ], [ 91.207951697000112, 24.517622484000128 ], [ 91.208175459000188, 24.517829525000138 ], [ 91.210643796, 24.520464620000098 ], [ 91.211577899000133, 24.521461787000135 ], [ 91.211653279000132, 24.521546314000091 ], [ 91.21172382200001, 24.521625417000166 ], [ 91.212010084000099, 24.52194821300003 ], [ 91.212280014000044, 24.522433681000052 ], [ 91.212874119000105, 24.523013619999972 ], [ 91.213414595000017, 24.523790398000131 ], [ 91.215142416999981, 24.525632222000127 ], [ 91.215520798000114, 24.526166478000107 ], [ 91.215609781000126, 24.526364902000182 ], [ 91.215737681000064, 24.526650109000059 ], [ 91.216223727000113, 24.527280572000052 ], [ 91.216386347000082, 24.527766897000106 ], [ 91.217142982000041, 24.528882811000017 ], [ 91.217197630000157, 24.529175856000052 ], [ 91.217576194, 24.52985459000007 ], [ 91.217689625999981, 24.530295650000141 ], [ 91.217739007000091, 24.530487654000069 ], [ 91.218171429000165, 24.531312695 ], [ 91.218334383000126, 24.531896089000156 ], [ 91.218550507000089, 24.532235238000055 ], [ 91.218574183000101, 24.532340397000155 ], [ 91.21860529900016, 24.532478612000091 ], [ 91.218767114000173, 24.532624049000162 ], [ 91.218980372000033, 24.533210153000141 ], [ 91.218929931000048, 24.533257110000022 ], [ 91.218937286000198, 24.533283491000191 ], [ 91.21903858100012, 24.533646794000106 ], [ 91.219056591000196, 24.533679089000032 ], [ 91.219363176000115, 24.53422888200015 ], [ 91.219765670000186, 24.535252360000129 ], [ 91.22001042900007, 24.535887137000145 ], [ 91.219963425000117, 24.536035289000154 ], [ 91.220337880999978, 24.536706588000186 ], [ 91.22082565300002, 24.538018808 ], [ 91.220880154000042, 24.538359258000128 ], [ 91.221095840000089, 24.538650998000094 ], [ 91.221095897, 24.538678768000125 ], [ 91.221096070000101, 24.538761365000084 ], [ 91.221097536000059, 24.538898179000057 ], [ 91.221370232000083, 24.539671536000185 ], [ 91.221421800000087, 24.539817781000124 ], [ 91.221474589000081, 24.540064937000125 ], [ 91.221426633000192, 24.54021358100016 ], [ 91.22158448600004, 24.540498249999985 ], [ 91.221584575000122, 24.540525008000088 ], [ 91.221586304000198, 24.540695549000077 ], [ 91.221854336000149, 24.541428672000052 ], [ 91.221805496, 24.541625707000151 ], [ 91.221926272000076, 24.542023860000143 ], [ 91.221965151000177, 24.542152223000187 ], [ 91.222127305000072, 24.54239472800009 ], [ 91.222287498000128, 24.542885513000101 ], [ 91.22224003000008, 24.542988956000045 ], [ 91.22240678300011, 24.543419215000029 ], [ 91.222546044000183, 24.543778536000161 ], [ 91.222669535000193, 24.54410952 ], [ 91.222671307000155, 24.544292243000143 ], [ 91.222777817000065, 24.544387404000076 ], [ 91.222832489000155, 24.544680445000097 ], [ 91.223211322000168, 24.54550590000008 ], [ 91.223211352000192, 24.545531654000115 ], [ 91.223212875, 24.545799702000068 ], [ 91.223751234000076, 24.54696693 ], [ 91.223703282000031, 24.547117788000037 ], [ 91.223915871000088, 24.547595206000153 ], [ 91.224024716000145, 24.548129367000172 ], [ 91.224187040000061, 24.548324458000081 ], [ 91.224187075000145, 24.548352554000076 ], [ 91.224188596000033, 24.548618506000082 ], [ 91.224559296000166, 24.549492548999979 ], [ 91.224620603000176, 24.549637099000051 ], [ 91.224675581999975, 24.550024954000094 ], [ 91.224891453000168, 24.550269276000051 ], [ 91.225270315999978, 24.551094724000109 ], [ 91.225386099000048, 24.551467532000061 ], [ 91.225541672000077, 24.551968454000132 ], [ 91.22581217000004, 24.552309405000187 ], [ 91.225812203000146, 24.552337359000035 ], [ 91.225813538000182, 24.552456117000077 ], [ 91.226102373000174, 24.552993677000131 ], [ 91.226393918000042, 24.553536275000113 ], [ 91.226476594000133, 24.553690144000143 ], [ 91.22656960400019, 24.553863223000121 ], [ 91.226619927, 24.553966586000058 ], [ 91.226576750999982, 24.554063202000066 ], [ 91.226732108000135, 24.554202792000069 ], [ 91.226923849000116, 24.55459636300003 ], [ 91.226861225000107, 24.554997373 ], [ 91.226760883000111, 24.555639903000042 ], [ 91.226559702000088, 24.556441948999975 ], [ 91.226252755000189, 24.557113446000017 ], [ 91.225868023000146, 24.557845307000093 ], [ 91.225485608000042, 24.558816075000152 ], [ 91.225416068000129, 24.55972456700016 ], [ 91.225503432000096, 24.560312926000108 ], [ 91.225541862000057, 24.560571739000068 ], [ 91.225839658000041, 24.561644493000017 ], [ 91.226347832000158, 24.562858891000133 ], [ 91.226867451000089, 24.563905944 ], [ 91.227170857000146, 24.564353606999987 ], [ 91.227503584000033, 24.564844528000037 ], [ 91.228467079000097, 24.565864065000085 ], [ 91.229035205, 24.566354436000097 ], [ 91.22981077500009, 24.567023849000122 ], [ 91.230627826000102, 24.567757853000103 ], [ 91.231549382000139, 24.568490998000129 ], [ 91.233273564000115, 24.569814887000177 ], [ 91.233721527000171, 24.57020545000006 ], [ 91.233934757000043, 24.570234943000116 ], [ 91.233934923000049, 24.570574518000058 ], [ 91.233829765000053, 24.570803675999969 ], [ 91.23366663600018, 24.571159164000107 ], [ 91.233236332000104, 24.571648063000112 ], [ 91.23312887600008, 24.57189275900015 ], [ 91.232702739000047, 24.572310141 ], [ 91.231729621, 24.573263256000075 ], [ 91.230168515000173, 24.574684729000012 ], [ 91.229683682000143, 24.575027321000107 ], [ 91.229306340000164, 24.575127479000059 ], [ 91.228013970000177, 24.576011691000019 ], [ 91.227852284000107, 24.576013015000171 ], [ 91.22699022200004, 24.576406080000083 ], [ 91.226235498999984, 24.576604121000059 ], [ 91.226020313000163, 24.576752610000142 ], [ 91.22499636200007, 24.5770002430001 ], [ 91.224834212000133, 24.576954158000149 ], [ 91.224669636000044, 24.576975811000068 ], [ 91.224456991000125, 24.577004628000054 ], [ 91.223572743000148, 24.576961746000052 ], [ 91.223540052000033, 24.576960160999988 ], [ 91.223337040999979, 24.576835668000115 ], [ 91.221650749000105, 24.57580155900007 ], [ 91.22132705000007, 24.575707115000057 ], [ 91.220768616000043, 24.575750580000033 ], [ 91.220679514000096, 24.575757515000134 ], [ 91.220300546000033, 24.575931402000037 ], [ 91.220248790000198, 24.575955150000084 ], [ 91.220087103000196, 24.575956463000068 ], [ 91.219225847000189, 24.576690371000041 ], [ 91.218740995000019, 24.577035183000191 ], [ 91.218633001000171, 24.577036062000161 ], [ 91.218491240000048, 24.577183957000045 ], [ 91.21844438800008, 24.577232570000092 ], [ 91.2182566030001, 24.577427408 ], [ 91.217987448000144, 24.57786755 ], [ 91.217475856000078, 24.578302238000106 ], [ 91.217180015, 24.578553604000149 ], [ 91.216209720000109, 24.578800747000059 ], [ 91.215724491, 24.578852070000153 ], [ 91.215346940000131, 24.578805457000101 ], [ 91.21502326000018, 24.578905138000096 ], [ 91.214591858000176, 24.578906364000034 ], [ 91.213028462000182, 24.578964113000097 ], [ 91.212704465000058, 24.5789667250001 ], [ 91.212488742000062, 24.578869130000101 ], [ 91.211878227000113, 24.578858705000073 ], [ 91.210331938000138, 24.578832292000072 ], [ 91.209684221000145, 24.57873816700004 ], [ 91.209576674000175, 24.57878643600003 ], [ 91.20930748000012, 24.578666512000041 ], [ 91.209253122000064, 24.578642295000122 ], [ 91.208999217000098, 24.578627635000146 ], [ 91.208546935000186, 24.578601520000177 ], [ 91.20849788400011, 24.578598687000067 ], [ 91.208436582, 24.578588917000104 ], [ 91.20790447600001, 24.578504114000111 ], [ 91.207748688000095, 24.578444865000108 ], [ 91.207526613000141, 24.578360405000069 ], [ 91.207041523000157, 24.578362036000101 ], [ 91.206835533000117, 24.578270977000102 ], [ 91.206828255000062, 24.578297660000089 ], [ 91.206666256000062, 24.578396030000079 ], [ 91.206343822000065, 24.578883993000034 ], [ 91.20613184900003, 24.581174867000016 ], [ 91.206024613000181, 24.581320209000182 ], [ 91.205971753000085, 24.582052086000033 ], [ 91.205488421000041, 24.583270528000128 ], [ 91.205385377000084, 24.583599001000039 ], [ 91.205430355000033, 24.583732025000074 ], [ 91.205274846000066, 24.583984883000028 ], [ 91.205325371000072, 24.584176237 ], [ 91.205275891000042, 24.585482644000024 ], [ 91.205544192000161, 24.585772082000176 ], [ 91.205598509000083, 24.585965800000054 ], [ 91.205868699000064, 24.586207457000057 ], [ 91.206192436000151, 24.586304191000067 ], [ 91.206678811000131, 24.586690853999983 ], [ 91.20667884500017, 24.586719926000114 ], [ 91.206679153000152, 24.586984336000114 ], [ 91.206646338000041, 24.587058312000011 ], [ 91.20657161400004, 24.587226760000078 ], [ 91.206450447000066, 24.587336092999976 ], [ 91.206140834000109, 24.587618511000073 ], [ 91.205279267000151, 24.588207860000125 ], [ 91.204470596000135, 24.588455896000028 ], [ 91.204147192, 24.588652629000023 ], [ 91.203661920000172, 24.588703919000011 ], [ 91.203068944000165, 24.588658992000148 ], [ 91.202758381000137, 24.588519690000169 ], [ 91.202421156000185, 24.588368428000081 ], [ 91.202259283000046, 24.588222977000044 ], [ 91.202097438000067, 24.588273936000064 ], [ 91.201503204000119, 24.587838452000085 ], [ 91.201017150000041, 24.587354693000123 ], [ 91.200693579000188, 24.587210535000111 ], [ 91.200207980000073, 24.587162483000043 ], [ 91.199937797000189, 24.586920816000031 ], [ 91.199339872000166, 24.586687237000149 ], [ 91.199113262000083, 24.586974359000067 ], [ 91.199075262000122, 24.587022506000096 ], [ 91.198914337000019, 24.587558831000138 ], [ 91.198591541000155, 24.587949705000142 ], [ 91.198054137000099, 24.589073736000159 ], [ 91.197838587000035, 24.589319269000157 ], [ 91.197839361000092, 24.589660157000083 ], [ 91.197462546000111, 24.590342683000074 ], [ 91.19730545200008, 24.591322991000027 ], [ 91.197681512000088, 24.592142484000021 ], [ 91.198060199000054, 24.592629364000175 ], [ 91.198492262, 24.593016484000088 ], [ 91.199031866000098, 24.593353080000043 ], [ 91.199787523000168, 24.593690210000034 ], [ 91.200542561000134, 24.593833189000065 ], [ 91.200588566000079, 24.593874054000139 ], [ 91.200650882000105, 24.593929406000086 ], [ 91.201352372000031, 24.594023139000114 ], [ 91.202916133000031, 24.594112243000041 ], [ 91.203097967000133, 24.59412424500016 ], [ 91.203617786999985, 24.594158556000082 ], [ 91.203779807999979, 24.594254340000191 ], [ 91.204048914000055, 24.594252188000155 ], [ 91.204642706000186, 24.594443844000011 ], [ 91.204798863, 24.594654410000032 ], [ 91.205075439000154, 24.59502735000018 ], [ 91.205184086000031, 24.595414780000056 ], [ 91.205289183000104, 24.595525221000059 ], [ 91.20524242100015, 24.595758766000131 ], [ 91.205287160000182, 24.595814271 ], [ 91.204969824000045, 24.596439174000125 ], [ 91.20464657600013, 24.596782652000115 ], [ 91.204217008000114, 24.597562692000167 ], [ 91.20410930900016, 24.597854779999977 ], [ 91.202824281000062, 24.599498014000062 ], [ 91.202656088000083, 24.599713088000101 ], [ 91.201202966000153, 24.601327562999984 ], [ 91.201041414000088, 24.601669745000095 ], [ 91.20023452200013, 24.602696601000105 ], [ 91.200126974000113, 24.602941276000024 ], [ 91.200023227000145, 24.60431408300019 ], [ 91.200182976000121, 24.605085938 ], [ 91.200136383000086, 24.605188718000193 ], [ 91.200293255000076, 24.605423275000135 ], [ 91.200401752000118, 24.605860378000159 ], [ 91.200672453000038, 24.606345853000107 ], [ 91.20067245600012, 24.606372487000158 ], [ 91.200673683000105, 24.606544973000041 ], [ 91.201105856000083, 24.607514070000036 ], [ 91.201126849000161, 24.607620578000137 ], [ 91.201187602000118, 24.607928811000136 ], [ 91.201268686000049, 24.608339038000054 ], [ 91.201270445000091, 24.608366655000111 ], [ 91.201324604000092, 24.609216785000115 ], [ 91.20121672300013, 24.609362131000069 ], [ 91.201202264000074, 24.609428096000102 ], [ 91.201109649000159, 24.609850620000088 ], [ 91.200947921000079, 24.610046059000183 ], [ 91.200047096000048, 24.610775096 ], [ 91.199978768999983, 24.610830393000072 ], [ 91.198846926000044, 24.611322535000113 ], [ 91.197175552000147, 24.611818963000132 ], [ 91.196528446000059, 24.61206567000005 ], [ 91.196151107000048, 24.612116081000011 ], [ 91.195799590000149, 24.612268913000094 ], [ 91.195019234000085, 24.612608191000049 ], [ 91.194641891, 24.612658598000053 ], [ 91.194210543000054, 24.613002915000038 ], [ 91.194152150000093, 24.613108716 ], [ 91.194124238000086, 24.61315928700003 ], [ 91.194049103000168, 24.613295421000089 ], [ 91.193402750000075, 24.613883001000033 ], [ 91.192971857000032, 24.614080570000112 ], [ 91.192055107000044, 24.614279728000099 ], [ 91.191677308000124, 24.61428272600017 ], [ 91.191192678, 24.614478453000117 ], [ 91.188548954000112, 24.614395517000162 ], [ 91.187740394000173, 24.614546387000019 ], [ 91.187201289000086, 24.614792200000011 ], [ 91.186608747000093, 24.615329662000079 ], [ 91.185962366000126, 24.615723060000164 ], [ 91.185249340000155, 24.616075707999983 ], [ 91.18466821200019, 24.616363117000049 ], [ 91.183212799000103, 24.616663541000037 ], [ 91.182511168000076, 24.616763875 ], [ 91.182187837000015, 24.616716753000048 ], [ 91.181702440000095, 24.616767975000187 ], [ 91.181054983000081, 24.616917541000134 ], [ 91.180947102000118, 24.616868725000188 ], [ 91.179976896000142, 24.617165305000185 ], [ 91.179061808000142, 24.618533797999987 ], [ 91.17901532500008, 24.618639360000032 ], [ 91.178739601000188, 24.619265518000134 ], [ 91.178711185000168, 24.619330048000165 ], [ 91.178202976000136, 24.619883167000182 ], [ 91.17786297400005, 24.620158225000011 ], [ 91.177718294000158, 24.620275268 ], [ 91.177462235000178, 24.620648753000125 ], [ 91.177443507000078, 24.620675262000077 ], [ 91.179100597000058, 24.622252331000084 ], [ 91.179226545000176, 24.622396306000041 ], [ 91.179274971000098, 24.622451664000153 ], [ 91.179246702000114, 24.622781608000082 ], [ 91.180054786000198, 24.62366408500003 ], [ 91.180790937000097, 24.625235238000073 ], [ 91.181006785000193, 24.626509421000094 ], [ 91.180721898000172, 24.627902223000035 ], [ 91.180478974000152, 24.628475966000167 ], [ 91.180168928000057, 24.62886068500012 ], [ 91.17962138200005, 24.629562652 ], [ 91.178893859000141, 24.630027100000063 ], [ 91.178115131000197, 24.630606631000148 ], [ 91.177608222000117, 24.631184030000043 ], [ 91.177852624000082, 24.631602631000135 ], [ 91.178375545999984, 24.631617649000134 ], [ 91.178629689000161, 24.631959714000118 ], [ 91.179737188000047, 24.631874572000186 ], [ 91.181426111000064, 24.631354785000042 ], [ 91.182469164000111, 24.631088543000033 ], [ 91.184114805000149, 24.630416152000123 ], [ 91.18536264800008, 24.629785905000119 ], [ 91.186506344000065, 24.629107886000043 ], [ 91.186818290000076, 24.628926229 ], [ 91.188822435000077, 24.628026366000086 ], [ 91.190683480000132, 24.627199288000043 ], [ 91.190860542000053, 24.627113786000052 ], [ 91.191438029000153, 24.626834920000078 ], [ 91.192374391000158, 24.626349643000026 ], [ 91.192880185000092, 24.62593945499998 ], [ 91.193348134000189, 24.625672922000035 ], [ 91.194442881999976, 24.625353626000106 ], [ 91.195226270000148, 24.625275724000062 ], [ 91.195619328000191, 24.62538011800018 ], [ 91.196160907000149, 24.625985078000099 ], [ 91.196579545000134, 24.626734074000126 ], [ 91.196722453000064, 24.627445608000187 ], [ 91.196759823000093, 24.628076080000142 ], [ 91.196662260000153, 24.628535598000099 ], [ 91.196446673000139, 24.628953047000095 ], [ 91.19589679, 24.629674204000025 ], [ 91.195249466000121, 24.630869209000025 ], [ 91.194616777000078, 24.632192949000114 ], [ 91.194260184000143, 24.632939016000137 ], [ 91.193726851000179, 24.634579905000123 ], [ 91.193441567000036, 24.636146176000125 ], [ 91.193255395000051, 24.637384955000186 ], [ 91.193207521000033, 24.637703494000164 ], [ 91.193106736000118, 24.639054315000124 ], [ 91.193098507000059, 24.640194721000171 ], [ 91.193097140000191, 24.640384094000126 ], [ 91.193084239000086, 24.641366234000031 ], [ 91.192943282999977, 24.641543444000092 ], [ 91.192915646000131, 24.641559465000114 ], [ 91.192293384000152, 24.641903036000031 ], [ 91.190770714999985, 24.640479298000173 ], [ 91.190126343000145, 24.640249613000094 ], [ 91.189319105000152, 24.640165699000079 ], [ 91.188994949000175, 24.64023373200007 ], [ 91.18730946200003, 24.638955727000109 ], [ 91.18658311900009, 24.638871159000075 ], [ 91.185771974000033, 24.639157497000156 ], [ 91.184396253000159, 24.639357977000031 ], [ 91.183502041000054, 24.639938439000105 ], [ 91.181872036000129, 24.641466090000108 ], [ 91.181626540000025, 24.641756987000122 ], [ 91.181213779000075, 24.64271292400008 ], [ 91.180479617000117, 24.643441113000165 ], [ 91.17999317400006, 24.643654886000036 ], [ 91.179428543000199, 24.643499029000168 ], [ 91.17886230400012, 24.643566681999971 ], [ 91.178701637000074, 24.643488929000057 ], [ 91.17764608900012, 24.643991609000068 ] ] ] } },
{ "type": "Feature", "properties": { "adm3_name": "Karimganj", "adm3_name1": null, "adm3_name2": null, "adm3_name3": null, "adm3_pcode": "BD30480042", "adm2_name": "Kishoreganj", "adm2_name1": null, "adm2_name2": null, "adm2_name3": null, "adm2_pcode": "BD3048", "adm1_name": "Dhaka", "adm1_name1": null, "adm1_name2": null, "adm1_name3": null, "adm1_pcode": "BD30", "adm0_name": "Bangladesh", "adm0_name1": null, "adm0_name2": null, "adm0_name3": null, "adm0_pcode": "BD", "valid_on": "2023-05-21T00:00:00", "valid_to": null, "area_sqkm": 199.6515505, "version": "v03", "lang": "en", "lang1": null, "lang2": null, "lang3": null, "adm3_ref_name": null, "center_lat": 24.45434037, "center_lon": 90.89635343, "female_pop": 161299.0, "male_pop": 146680.0, "total_pop": 307979.0, "nearest_facility_min": 3.4289697929512206 }, "geometry": { "type": "Polygon", "coordinates": [ [ [ 90.876761333000104, 24.528374381000049 ], [ 90.876365446000136, 24.528938857000071 ], [ 90.876274731000137, 24.529376650000131 ], [ 90.876037100000133, 24.530523439999968 ], [ 90.875298995000094, 24.53165433700002 ], [ 90.874892002000081, 24.532042772000125 ], [ 90.874523005000185, 24.532394861 ], [ 90.872728427000197, 24.53326741300009 ], [ 90.872408235000194, 24.533423092000078 ], [ 90.872239129000036, 24.533505350000155 ], [ 90.871891667000057, 24.533686747000161 ], [ 90.871255922000103, 24.53401864000017 ], [ 90.871040895000192, 24.534130894000043 ], [ 90.870820039000193, 24.534315049000099 ], [ 90.870551882000143, 24.534350460999974 ], [ 90.870394162000082, 24.534294928000122 ], [ 90.870300734000125, 24.534242490000054 ], [ 90.86945452000009, 24.533767519999969 ], [ 90.868421211000168, 24.532897468000101 ], [ 90.867690872000196, 24.532477217000064 ], [ 90.867382755000051, 24.53217419300006 ], [ 90.866323274000194, 24.531981601000098 ], [ 90.865896796000072, 24.531783112000142 ], [ 90.865747008000142, 24.531713980000063 ], [ 90.865077685000074, 24.531101456000044 ], [ 90.86429580000015, 24.530629554000086 ], [ 90.863154893000171, 24.529805236000072 ], [ 90.861507590000031, 24.529634034000139 ], [ 90.860357232000069, 24.529049069000109 ], [ 90.859472273999984, 24.528476131000161 ], [ 90.858901948000096, 24.528260827000111 ], [ 90.857941236000158, 24.528069422000158 ], [ 90.856075860000033, 24.528034863000073 ], [ 90.855704607000121, 24.52796923700015 ], [ 90.855328179000026, 24.528050395000093 ], [ 90.855271887000185, 24.527992463000089 ], [ 90.854057889000103, 24.5291571140001 ], [ 90.853121930000043, 24.529889408000088 ], [ 90.852850131000196, 24.530024150000088 ], [ 90.852811247000147, 24.530022112000097 ], [ 90.852530417000196, 24.53000789500004 ], [ 90.852268089000177, 24.529901007000092 ], [ 90.852010944000142, 24.529647331000035 ], [ 90.851813284000116, 24.529248826000014 ], [ 90.851573577000067, 24.528561567000111 ], [ 90.851060509000092, 24.528051952000112 ], [ 90.850116725000134, 24.527623787000152 ], [ 90.8496494110002, 24.52731033200007 ], [ 90.84945127800006, 24.527115024000068 ], [ 90.84839354200011, 24.526070102000119 ], [ 90.848005976000195, 24.525687226000059 ], [ 90.847540207000122, 24.525326344 ], [ 90.846809977000134, 24.52490598900016 ], [ 90.845864698000128, 24.524525215000097 ], [ 90.84475804200008, 24.524183720000167 ], [ 90.84374959000013, 24.524042610000038 ], [ 90.842757060000054, 24.523513068999989 ], [ 90.841883355000164, 24.522648879000087 ], [ 90.841678905000094, 24.522446653000088 ], [ 90.841481304000183, 24.522050390000061 ], [ 90.841507700000079, 24.521874842000102 ], [ 90.84136544, 24.521589556000094 ], [ 90.841510182000093, 24.520626945000117 ], [ 90.841692687000034, 24.52005471700005 ], [ 90.841682774000162, 24.519524291000039 ], [ 90.841675430000066, 24.519131390000098 ], [ 90.841410892000056, 24.518965789 ], [ 90.841256229000123, 24.518901178000078 ], [ 90.8408909380002, 24.518891926000038 ], [ 90.840627856000083, 24.518945321000103 ], [ 90.840476305000095, 24.518977774 ], [ 90.839916337000091, 24.519102809000174 ], [ 90.838276916000098, 24.520094050000182 ], [ 90.837832098000035, 24.520559361000039 ], [ 90.837749904000191, 24.521282300000109 ], [ 90.83779348700017, 24.52152815400018 ], [ 90.837876219000066, 24.521651088000056 ], [ 90.838297576, 24.522277187999975 ], [ 90.838409767000144, 24.522583290999989 ], [ 90.838586613000075, 24.523065797000129 ], [ 90.83855536700014, 24.523125287000084 ], [ 90.838412973000061, 24.523396394000031 ], [ 90.838247933000105, 24.523535035000066 ], [ 90.837599068000145, 24.523748611000144 ], [ 90.837315423, 24.523984145000099 ], [ 90.837213120000172, 24.524069094000083 ], [ 90.837041631000091, 24.524352266000108 ], [ 90.837080003000096, 24.524742647000153 ], [ 90.837161979000143, 24.524858861000155 ], [ 90.837433768000153, 24.525244161000046 ], [ 90.83822071600008, 24.525569424000082 ], [ 90.838962558000162, 24.525698508000119 ], [ 90.839272762000064, 24.525956426000107 ], [ 90.839295661000108, 24.526339969000162 ], [ 90.839388622000058, 24.52641726100012 ], [ 90.839420559000132, 24.526952168999969 ], [ 90.839129734000153, 24.527567895000118 ], [ 90.838627529000064, 24.528128355000149 ], [ 90.83824569799998, 24.528419470000188 ], [ 90.837966986000197, 24.528630990000067 ], [ 90.837478555000189, 24.528850446000092 ], [ 90.836677792000103, 24.528863923000074 ], [ 90.836259301000041, 24.528651754 ], [ 90.835745692999978, 24.528144348000126 ], [ 90.835247409000146, 24.527248521 ], [ 90.834884772000066, 24.526990887000181 ], [ 90.834519366000052, 24.526780679000183 ], [ 90.833880603000068, 24.52675260400008 ], [ 90.833020315000113, 24.526906367000095 ], [ 90.832983208000144, 24.526893025000049 ], [ 90.832442614000172, 24.526688294999985 ], [ 90.832193487000097, 24.526240375999976 ], [ 90.832205647000194, 24.526009664000071 ], [ 90.832077713000103, 24.525778396000135 ], [ 90.832101125000065, 24.525334178000151 ], [ 90.832321256000057, 24.525015068000016 ], [ 90.832596764000129, 24.524785515000133 ], [ 90.832663876000197, 24.524769785999979 ], [ 90.833297176000031, 24.52462134700005 ], [ 90.834416995000197, 24.524624189000122 ], [ 90.834850809000045, 24.5244502 ], [ 90.835130586000162, 24.52412127600013 ], [ 90.835248394000132, 24.523836147999987 ], [ 90.835305961000017, 24.523472486000117 ], [ 90.835407068000166, 24.522833769000101 ], [ 90.835461590000193, 24.522489342000142 ], [ 90.835703904000184, 24.520415378000109 ], [ 90.835846017000108, 24.519417547999979 ], [ 90.835958363000032, 24.518628705000026 ], [ 90.835998677000134, 24.518345638000142 ], [ 90.835975366000071, 24.517653821000181 ], [ 90.835846658000094, 24.517484913000033 ], [ 90.835021405000134, 24.516769255000156 ], [ 90.834259353000107, 24.515813923000167 ], [ 90.834260212000117, 24.515499372000136 ], [ 90.834143522000033, 24.515353083000036 ], [ 90.834147496000185, 24.513899063000167 ], [ 90.834215904000189, 24.513514864000115 ], [ 90.834178725000186, 24.513197241 ], [ 90.833948259000124, 24.512891842000045 ], [ 90.833739051000066, 24.51278688300016 ], [ 90.832944206000093, 24.51265354800006 ], [ 90.832523620000131, 24.512488794000092 ], [ 90.832461004000095, 24.512441725000031 ], [ 90.832316554000045, 24.512334149000026 ], [ 90.832116858000063, 24.511987556 ], [ 90.832031266000058, 24.511579175000065 ], [ 90.832001039000147, 24.51152671400007 ], [ 90.831690641000023, 24.510045715000047 ], [ 90.831641825000077, 24.509812794000027 ], [ 90.831615004000071, 24.509363038000117 ], [ 90.831537710000077, 24.509100808000085 ], [ 90.831518927000047, 24.508969154000056 ], [ 90.831421895000176, 24.508639965000043 ], [ 90.831284689000199, 24.507678259999977 ], [ 90.831248372000118, 24.507423703000143 ], [ 90.831213009000123, 24.507175828000186 ], [ 90.830971301000034, 24.506535955000061 ], [ 90.83082243500013, 24.506388670000035 ], [ 90.830714861000104, 24.506282238000097 ], [ 90.830503510000142, 24.506224698000153 ], [ 90.830129269000167, 24.506256110000095 ], [ 90.829602580000198, 24.506087413999978 ], [ 90.829158414000062, 24.505777030000047 ], [ 90.829083255000114, 24.505724508000185 ], [ 90.829004514000076, 24.505606920000048 ], [ 90.828982480000036, 24.505570257000102 ], [ 90.828990326000167, 24.505381839000165 ], [ 90.829102292000186, 24.50524124400016 ], [ 90.829486649000103, 24.504965941000023 ], [ 90.829600771000116, 24.504777919999981 ], [ 90.829616124000097, 24.504391760000033 ], [ 90.829251759000044, 24.502824613000143 ], [ 90.829161590000126, 24.501952314000164 ], [ 90.829135833000066, 24.501703139000028 ], [ 90.828989232000083, 24.501358507000134 ], [ 90.828780029000086, 24.501251280000076 ], [ 90.827291414000115, 24.501135269000144 ], [ 90.826114884000106, 24.500918193000132 ], [ 90.824616388000095, 24.500705121000067 ], [ 90.823528443000043, 24.500449159000027 ], [ 90.822989404000168, 24.500463387000138 ], [ 90.822925151000049, 24.500447932000043 ], [ 90.822838208000064, 24.500452923000182 ], [ 90.822299861000033, 24.500573256999985 ], [ 90.821969163000176, 24.500848249 ], [ 90.821735075, 24.501371071000108 ], [ 90.821461140000167, 24.50155318200018 ], [ 90.819642401000067, 24.49999391700004 ], [ 90.818746528000077, 24.499702615000103 ], [ 90.818092075000038, 24.499489809000067 ], [ 90.817684399000029, 24.499498790000189 ], [ 90.81738685800002, 24.499751017 ], [ 90.81739739, 24.500044470000034 ], [ 90.817506364000167, 24.500296812000158 ], [ 90.817513144000031, 24.500505325000063 ], [ 90.817623901000047, 24.500748565000094 ], [ 90.817586949000145, 24.501139359000149 ], [ 90.817340602000115, 24.501391305000027 ], [ 90.816834248000134, 24.501500160000035 ], [ 90.816593151000177, 24.501896576000149 ], [ 90.816192283000078, 24.502101943000184 ], [ 90.815965953000159, 24.502332731000081 ], [ 90.81584749000001, 24.502459891000115 ], [ 90.815859947000092, 24.502794618000053 ], [ 90.816190660000188, 24.503474675000064 ], [ 90.81619746500013, 24.503668806000064 ], [ 90.816098812000064, 24.503770939999981 ], [ 90.815696382000169, 24.503926644000103 ], [ 90.815375773000198, 24.503933535000044 ], [ 90.81537227400014, 24.503833707000126 ], [ 90.815041565000058, 24.503153646999976 ], [ 90.815028881000046, 24.502812790000121 ], [ 90.815373906000104, 24.502460974000144 ], [ 90.815774777000172, 24.502255610000191 ], [ 90.815967847000138, 24.501938167000162 ], [ 90.816015877000041, 24.501859195000179 ], [ 90.815855479000049, 24.501665894000098 ], [ 90.815612928000178, 24.500594761000173 ], [ 90.815111318000049, 24.499430201000109 ], [ 90.814631389000056, 24.498852548000173 ], [ 90.814208861000054, 24.498471003000134 ], [ 90.813476711000078, 24.497998559000109 ], [ 90.813296544000195, 24.497754391000171 ], [ 90.813262652000049, 24.497708459000137 ], [ 90.81319351500008, 24.497221152 ], [ 90.813341194000145, 24.497069088000046 ], [ 90.813644015000079, 24.496965854000052 ], [ 90.813841334000131, 24.496763851000139 ], [ 90.813774367000178, 24.496326202000034 ], [ 90.813616152000179, 24.496182558000044 ], [ 90.81310022800011, 24.49604761300003 ], [ 90.812706473000105, 24.495734614000128 ], [ 90.812679868000146, 24.495713466000154 ], [ 90.812002502000041, 24.494552332000183 ], [ 90.81191833600019, 24.494408054000132 ], [ 90.811785334000035, 24.494287532000101 ], [ 90.811601296000049, 24.494120763000069 ], [ 90.810876594000149, 24.493842433000168 ], [ 90.810570704000042, 24.493850850000058 ], [ 90.809070485000177, 24.494299499000135 ], [ 90.808958878000112, 24.494332875000055 ], [ 90.808802573000037, 24.494379618000096 ], [ 90.807634799000084, 24.494552944000077 ], [ 90.807326724000063, 24.494509435999987 ], [ 90.807170068000062, 24.494415447000165 ], [ 90.807027284000128, 24.494222788000116 ], [ 90.806848400000092, 24.493981414000189 ], [ 90.805905571000153, 24.49189800400012 ], [ 90.805643445000157, 24.49170749200016 ], [ 90.805133417000036, 24.491719241000169 ], [ 90.804670249000083, 24.491631401000177 ], [ 90.804297365000139, 24.491287218000025 ], [ 90.804188230000079, 24.49100404700016 ], [ 90.803966802000048, 24.490519805000019 ], [ 90.803954751000049, 24.490176685000051 ], [ 90.804192155000123, 24.489680967000083 ], [ 90.804177952000146, 24.489290449000123 ], [ 90.804150082000149, 24.489272535000055 ], [ 90.8038119160002, 24.489053070000125 ], [ 90.802893631000188, 24.489073760000053 ], [ 90.802313594000054, 24.48854852300019 ], [ 90.801841694000075, 24.487753795000174 ], [ 90.80128054, 24.486808740000015 ], [ 90.800698352000154, 24.486233838000089 ], [ 90.800085631000172, 24.484964533000095 ], [ 90.79992651200007, 24.484634900000117 ], [ 90.799639719000083, 24.483758141000123 ], [ 90.7993128600001, 24.483177363000038 ], [ 90.798406943000032, 24.482120995000059 ], [ 90.797996830000102, 24.48066011800006 ], [ 90.797724254000116, 24.480176133000043 ], [ 90.797822924000116, 24.48007627000004 ], [ 90.797956423000073, 24.479533697000193 ], [ 90.79819970300008, 24.47918697 ], [ 90.798187053000106, 24.47884385500015 ], [ 90.798022760000094, 24.478505186000064 ], [ 90.797953022000058, 24.478016482000157 ], [ 90.798197833000131, 24.477717162999966 ], [ 90.798646019999978, 24.477705971000148 ], [ 90.798784491000163, 24.477807239000185 ], [ 90.799077497999974, 24.478039891000037 ], [ 90.799580418000062, 24.479254175000165 ], [ 90.800107679000064, 24.479732292 ], [ 90.800521158000095, 24.479870086000062 ], [ 90.801031141000067, 24.479858350000143 ], [ 90.801435663000177, 24.479750090000039 ], [ 90.801942563000182, 24.479641284000138 ], [ 90.802542261000042, 24.479285885000138 ], [ 90.803198377000172, 24.479074681000043 ], [ 90.80334606200006, 24.478924883000104 ], [ 90.803812881, 24.478458828000157 ], [ 90.8040393550001, 24.477941489000102 ], [ 90.804366858000094, 24.476888360000089 ], [ 90.804342882000071, 24.475876772000049 ], [ 90.804338318000077, 24.475684198000067 ], [ 90.804061575000162, 24.474863679000123 ], [ 90.803662312000085, 24.474483482000039 ], [ 90.803816654000059, 24.472475469000074 ], [ 90.804245537000099, 24.47094389900019 ], [ 90.804601011000045, 24.470136306000086 ], [ 90.804945554000199, 24.469353535000039 ], [ 90.805631665000078, 24.467648807000046 ], [ 90.8017184630001, 24.467699556000071 ], [ 90.802077114000042, 24.467561426000032 ], [ 90.80289353500018, 24.467364257000099 ], [ 90.804272143, 24.467081416999974 ], [ 90.804746482999974, 24.466954637000185 ], [ 90.80517361700015, 24.466794654000182 ], [ 90.805506740000112, 24.46663039200007 ], [ 90.805640190000133, 24.466565356 ], [ 90.80594497900006, 24.466545116000134 ], [ 90.806003573000112, 24.466571156000157 ], [ 90.806109239000136, 24.466618114000141 ], [ 90.806467892000057, 24.465913467000178 ], [ 90.806519771000183, 24.465824501999975 ], [ 90.806599618000121, 24.465654421000067 ], [ 90.806667286000049, 24.465457642000047 ], [ 90.806687561000047, 24.465361953000183 ], [ 90.806690621000087, 24.465022626000064 ], [ 90.806714169000088, 24.464621061000173 ], [ 90.806934539000054, 24.463608761999978 ], [ 90.80705293300008, 24.463152449000177 ], [ 90.807603197000105, 24.462043430000165 ], [ 90.807888718000186, 24.460874532000048 ], [ 90.807838855000057, 24.460865522 ], [ 90.80790807, 24.460273390000054 ], [ 90.808146293000107, 24.458609385000159 ], [ 90.808264106000195, 24.457786436000163 ], [ 90.808350369000095, 24.457183871000154 ], [ 90.808407895000073, 24.456782026000042 ], [ 90.808523735000051, 24.456122066000148 ], [ 90.808543729000121, 24.456008153000028 ], [ 90.808750812000142, 24.454828343000088 ], [ 90.80908648000019, 24.452915910000058 ], [ 90.809086296000146, 24.452888558000097 ], [ 90.808947380000063, 24.451334586000144 ], [ 90.808929291000027, 24.450679961000048 ], [ 90.808734475999984, 24.449959626000066 ], [ 90.80866078300005, 24.449899756000093 ], [ 90.808500517000084, 24.449707233000026 ], [ 90.808335836000083, 24.449410083000146 ], [ 90.808300815000109, 24.449354867000011 ], [ 90.808188838000149, 24.449178314000051 ], [ 90.808133296000165, 24.448977666000189 ], [ 90.808077986000058, 24.448813142000063 ], [ 90.808093851000194, 24.448496964000185 ], [ 90.808100645000081, 24.448301975000106 ], [ 90.808177445000183, 24.448290840000027 ], [ 90.808358335000037, 24.448310218000188 ], [ 90.80859850000013, 24.448335947000089 ], [ 90.808687324000175, 24.448345462000077 ], [ 90.809009097000057, 24.448374327000067 ], [ 90.809405996000123, 24.448395143000027 ], [ 90.809693992000177, 24.448366839000187 ], [ 90.811243885000067, 24.447982453000179 ], [ 90.812915284000098, 24.447567914000047 ], [ 90.812951036000186, 24.447559046000038 ], [ 90.814145164000024, 24.447262865000141 ], [ 90.814673914000082, 24.447131715000125 ], [ 90.814733059000105, 24.447117045000141 ], [ 90.815242148000038, 24.44710906600011 ], [ 90.816018912000175, 24.447101054000143 ], [ 90.8162906660001, 24.447145466000109 ], [ 90.816508597000109, 24.447262810000041 ], [ 90.816805927000189, 24.447387370000058 ], [ 90.817153472000086, 24.447526952000032 ], [ 90.817241777000049, 24.44757228800006 ], [ 90.817337819000159, 24.447339699000111 ], [ 90.817394388000139, 24.447202704000063 ], [ 90.817543791000162, 24.446840886000132 ], [ 90.818848206000155, 24.446755316000122 ], [ 90.818906186000163, 24.44684102400015 ], [ 90.81896672, 24.446836319 ], [ 90.818969335000133, 24.446785649999981 ], [ 90.819131837999976, 24.446727422000151 ], [ 90.819848052000111, 24.446613305000028 ], [ 90.820031660000041, 24.446589370000083 ], [ 90.82017362800002, 24.446584777000169 ], [ 90.820261105999975, 24.44654989300011 ], [ 90.820427538999979, 24.446453410000061 ], [ 90.820490108000115, 24.44644160100006 ], [ 90.820582234000085, 24.446479333000127 ], [ 90.820687234000104, 24.446570521000069 ], [ 90.820724074000111, 24.44659764000005 ], [ 90.820867680999982, 24.446703354000135 ], [ 90.821022599000059, 24.446763685000064 ], [ 90.821193850999975, 24.446766578 ], [ 90.821331544000088, 24.446746714000142 ], [ 90.821688239000025, 24.446714462000159 ], [ 90.821745956000086, 24.446666822000111 ], [ 90.822086258000184, 24.446467474000144 ], [ 90.822753559000091, 24.446300095000026 ], [ 90.822880823000105, 24.446252955000034 ], [ 90.823244322999983, 24.446155673000192 ], [ 90.823084710000046, 24.445365498000058 ], [ 90.822812644000066, 24.443664450000028 ], [ 90.822672437000108, 24.442752718000065 ], [ 90.82257078300006, 24.442091672000117 ], [ 90.822705452000093, 24.441928453000173 ], [ 90.823028170000157, 24.441783327000053 ], [ 90.823510538000107, 24.441694979000033 ], [ 90.823617907000198, 24.44168548100015 ], [ 90.82558631500018, 24.441830537000101 ], [ 90.82605439200006, 24.4417666330001 ], [ 90.82522831700004, 24.441235733000042 ], [ 90.825101755000048, 24.441161623000141 ], [ 90.824887604000196, 24.441036223000083 ], [ 90.827611707000074, 24.437847729000055 ], [ 90.827540285000168, 24.437646399000073 ], [ 90.827326497000058, 24.436882924000088 ], [ 90.827159909000159, 24.436080994000179 ], [ 90.828371717000039, 24.435941241000023 ], [ 90.828829692, 24.435728455 ], [ 90.829121005000047, 24.435573929000043 ], [ 90.82964236700019, 24.435475491000034 ], [ 90.83045729100013, 24.435566600000072 ], [ 90.831408945000192, 24.435965133000082 ], [ 90.831551971000124, 24.435214158 ], [ 90.831743614000061, 24.43456925400011 ], [ 90.832080851000171, 24.433434388000023 ], [ 90.832105721000119, 24.433350697000094 ], [ 90.832128369000031, 24.432769071000109 ], [ 90.83206036100006, 24.432496578000041 ], [ 90.83194417600015, 24.432033039000146 ], [ 90.831586908000077, 24.431478179000067 ], [ 90.831323036000072, 24.431217156000059 ], [ 90.830823397000074, 24.430722907000131 ], [ 90.830829231000166, 24.430578376000142 ], [ 90.831057327000053, 24.430200073000037 ], [ 90.831475929000021, 24.429723507 ], [ 90.831671105, 24.429501302 ], [ 90.832012282000107, 24.42897562100012 ], [ 90.832068438000135, 24.428889516000027 ], [ 90.832557727, 24.428952153000125 ], [ 90.833235225000124, 24.429038883000032 ], [ 90.834410392000109, 24.429281059000175 ], [ 90.83683124800001, 24.429779909000047 ], [ 90.837070455000173, 24.429896066000026 ], [ 90.838452449000158, 24.430567136000093 ], [ 90.838922993000153, 24.430795619000094 ], [ 90.839187252000102, 24.430855113000064 ], [ 90.839863874000116, 24.431273563000047 ], [ 90.840023602000031, 24.431281707000153 ], [ 90.84035576600013, 24.431110913000055 ], [ 90.840458612000134, 24.431058031000134 ], [ 90.840726561000167, 24.431022675000065 ], [ 90.841397799000106, 24.431247844000097 ], [ 90.841726304000019, 24.431358041000067 ], [ 90.842579483000179, 24.431346520000091 ], [ 90.842784907000123, 24.431550833000074 ], [ 90.842702782000174, 24.432273781 ], [ 90.842796305000036, 24.43261644200004 ], [ 90.843105648000119, 24.432872107000151 ], [ 90.843422962000091, 24.432935813000086 ], [ 90.844448588000034, 24.432643676000168 ], [ 90.845189444000027, 24.43286499400017 ], [ 90.845395773000178, 24.432927059000065 ], [ 90.845715226000038, 24.432941078000056 ], [ 90.846611980000148, 24.433175387000176 ], [ 90.847355435000111, 24.433257020999974 ], [ 90.847627050000142, 24.433124548000137 ], [ 90.847999536000032, 24.433140523000134 ], [ 90.84896524200019, 24.432990609000171 ], [ 90.849772725000093, 24.432782874000111 ], [ 90.850037010000051, 24.432844608999972 ], [ 90.850240299000063, 24.433096337000052 ], [ 90.850286003000122, 24.43329250700009 ], [ 90.850247946000081, 24.435615976000065 ], [ 90.850500613000122, 24.435966769 ], [ 90.850819455000192, 24.435980780000023 ], [ 90.851135489000058, 24.435853904 ], [ 90.85125294300019, 24.43580675000004 ], [ 90.851519367000037, 24.435818797000024 ], [ 90.851743130000159, 24.435537572000158 ], [ 90.851878239000087, 24.434816581000064 ], [ 90.852104762000067, 24.434487927000077 ], [ 90.852007536000031, 24.434240119000151 ], [ 90.852034426000102, 24.433562634000168 ], [ 90.852190756000084, 24.430954021000048 ], [ 90.852273134000143, 24.430753784999979 ], [ 90.852492312000152, 24.430655332000129 ], [ 90.853351291000081, 24.43049921700009 ], [ 90.855645037000158, 24.430456913000114 ], [ 90.856127870000023, 24.430381932000046 ], [ 90.856292775000099, 24.430243273000031 ], [ 90.856334925000056, 24.430162385000074 ], [ 90.856466232000173, 24.429910398000118 ], [ 90.856521061000137, 24.429609818000131 ], [ 90.856737914000064, 24.428420984000184 ], [ 90.857203421000122, 24.427424926000185 ], [ 90.857485079000185, 24.427048540000101 ], [ 90.85783485900015, 24.426755729000149 ], [ 90.85790536900015, 24.426604854000175 ], [ 90.858187023000141, 24.426228467000044 ], [ 90.858572610000181, 24.425905675000138 ], [ 90.858734505000143, 24.425840627000071 ], [ 90.858707111, 24.425795315000073 ], [ 90.858767459000035, 24.425603063000153 ], [ 90.859478277000051, 24.425149730000044 ], [ 90.859499071000187, 24.425124154000059 ], [ 90.859409041, 24.424975237000069 ], [ 90.859469387000047, 24.424782984000046 ], [ 90.859645596000121, 24.424670603000095 ], [ 90.859660579000035, 24.424577476000138 ], [ 90.859774585000082, 24.424389433000101 ], [ 90.860302562000129, 24.42412994600005 ], [ 90.860362495000061, 24.423757393000017 ], [ 90.860476500000118, 24.423569350000037 ], [ 90.8607689050001, 24.423425638000026 ], [ 90.860671941000078, 24.423264474 ], [ 90.860592110000141, 24.422583080000152 ], [ 90.860242486000118, 24.42159632500011 ], [ 90.860208099000033, 24.421499272000176 ], [ 90.860352605000116, 24.42053663500019 ], [ 90.860828114000128, 24.419296669000062 ], [ 90.860847027000148, 24.418813397000065 ], [ 90.860757741000043, 24.418373638 ], [ 90.860730964000084, 24.41834721000015 ], [ 90.860296014000141, 24.417917935000048 ], [ 90.859721801000148, 24.417600593000088 ], [ 90.858612396000069, 24.417356276000191 ], [ 90.857654159000106, 24.417314294000107 ], [ 90.856806866000113, 24.417179111 ], [ 90.856599932000051, 24.417024495000192 ], [ 90.856503073999988, 24.416830423000135 ], [ 90.856497674000082, 24.415705029000094 ], [ 90.856497010000055, 24.415566550999984 ], [ 90.856664656000078, 24.415380463000076 ], [ 90.857148948000145, 24.415255803000036 ], [ 90.857201137000118, 24.415212256000075 ], [ 90.857198899000139, 24.414746482999988 ], [ 90.857366544000058, 24.414560394000148 ], [ 90.857611865000194, 24.414497245000177 ], [ 90.857686974999979, 24.413778425000032 ], [ 90.857859790000191, 24.413445551 ], [ 90.857960865000109, 24.413333150000028 ], [ 90.858194458000128, 24.413073378000036 ], [ 90.858262750000108, 24.412689168000043 ], [ 90.858232715000042, 24.412431143000106 ], [ 90.85822282800018, 24.412346210000067 ], [ 90.857884595000201, 24.41146082 ], [ 90.857628285000089, 24.411204885000075 ], [ 90.857364057000098, 24.411145421000128 ], [ 90.857109295000157, 24.410844319999967 ], [ 90.856775335000066, 24.409859559000154 ], [ 90.856157609000093, 24.409298607999972 ], [ 90.856111905000034, 24.409102440000083 ], [ 90.856225903000052, 24.408914399000082 ], [ 90.856121371000143, 24.408860803000096 ], [ 90.855973278000022, 24.408563613000013 ], [ 90.855671805000043, 24.407077095000147 ], [ 90.855437708000125, 24.405922774000089 ], [ 90.85549439100015, 24.405827628000054 ], [ 90.855492962000085, 24.404518121000137 ], [ 90.855488115000128, 24.404462546000047 ], [ 90.855382748000011, 24.403254382000114 ], [ 90.855409619000056, 24.402576896000028 ], [ 90.855318218000036, 24.402184555000133 ], [ 90.85503304000008, 24.401298859000065 ], [ 90.854776773000083, 24.401045174000103 ], [ 90.854459547000147, 24.400983747000112 ], [ 90.854295542000159, 24.400880518000179 ], [ 90.85404359000006, 24.400721932000181 ], [ 90.85383821400012, 24.400519890000169 ], [ 90.85374429500007, 24.400228712000057 ], [ 90.85375690800015, 24.399885908000101 ], [ 90.85353636800005, 24.398710846000085 ], [ 90.852974351000171, 24.396929740000132 ], [ 90.852683684000169, 24.396008561000031 ], [ 90.852571359000194, 24.394792245000133 ], [ 90.852579721000041, 24.394579952000015 ], [ 90.852617173999988, 24.393629224000051 ], [ 90.852534656000103, 24.393308408000166 ], [ 90.852478578999978, 24.39309039200009 ], [ 90.8521214820002, 24.392685999000093 ], [ 90.851807942, 24.392527459000121 ], [ 90.850745990000064, 24.392431829000031 ], [ 90.84930612900007, 24.392412815000057 ], [ 90.848998123000172, 24.392159411000023 ], [ 90.848999032000108, 24.391281125000035 ], [ 90.848999833000107, 24.390755053000191 ], [ 90.849177102000112, 24.388968147000128 ], [ 90.849294757000166, 24.388683005000189 ], [ 90.849529180000104, 24.388532678999979 ], [ 90.849786919000053, 24.388366414000188 ], [ 90.849857268000108, 24.38836617700008 ], [ 90.85181204800017, 24.388359554000147 ], [ 90.852239566000037, 24.388330059000111 ], [ 90.852617730000077, 24.388201494000043 ], [ 90.853398258000141, 24.387959052000042 ], [ 90.853534114000183, 24.387202341000034 ], [ 90.853573327000163, 24.387093274 ], [ 90.853572373000077, 24.386951040000156 ], [ 90.853403058000197, 24.386608810000041 ], [ 90.853093810000189, 24.386353162000034 ], [ 90.851505081000084, 24.386088906000055 ], [ 90.851062855000123, 24.385893903000181 ], [ 90.851110921000156, 24.38581670800005 ], [ 90.851545820000183, 24.384871667000141 ], [ 90.851566981000076, 24.384825683000031 ], [ 90.851593232000198, 24.384768639000129 ], [ 90.85177226400009, 24.384079007000082 ], [ 90.851686217000179, 24.383101863000093 ], [ 90.851577071000179, 24.382908309000015 ], [ 90.851566477, 24.382614854 ], [ 90.851661295000042, 24.382417894000071 ], [ 90.851692957000182, 24.382395516000145 ], [ 90.852275059000192, 24.381984110000019 ], [ 90.852268224000113, 24.381794809000098 ], [ 90.852363041000046, 24.381597849000173 ], [ 90.854153435, 24.380332433999968 ], [ 90.854508223000039, 24.379952771000092 ], [ 90.854675146000091, 24.379774143000077 ], [ 90.855135470000164, 24.379281537000168 ], [ 90.855706456000178, 24.378140385000052 ], [ 90.855981820000068, 24.377301191000072 ], [ 90.855955311000059, 24.376567557000158 ], [ 90.855863614000043, 24.376072630000124 ], [ 90.855828695000071, 24.375884160000169 ], [ 90.855854373000057, 24.375611547000062 ], [ 90.855865505000111, 24.375493356000163 ], [ 90.856007693000151, 24.375194522000129 ], [ 90.856549930000142, 24.374794844000121 ], [ 90.857263797000144, 24.374677162000125 ], [ 90.857464616000186, 24.374574424000173 ], [ 90.857673854000041, 24.374715482000113 ], [ 90.857884881000189, 24.37476181400001 ], [ 90.85808487800017, 24.374805724000112 ], [ 90.858851076000121, 24.374837508999974 ], [ 90.859622578000199, 24.375016017 ], [ 90.85999211900014, 24.375350332000039 ], [ 90.86032643600015, 24.37612511500015 ], [ 90.860659103000046, 24.376427835000129 ], [ 90.860748079000132, 24.37650880200016 ], [ 90.861265126000035, 24.376693262000174 ], [ 90.861873218000085, 24.376581432000137 ], [ 90.862172912000176, 24.376352393000104 ], [ 90.862468506000141, 24.376126484000167 ], [ 90.863029206000135, 24.37611426300009 ], [ 90.863952557000061, 24.376328008000144 ], [ 90.864366719000031, 24.376424990000146 ], [ 90.864827328000047, 24.376465259000042 ], [ 90.866252756000051, 24.376382611000111 ], [ 90.866771367000069, 24.376238089000083 ], [ 90.867212274000053, 24.376115219000042 ], [ 90.867811300000028, 24.375759575000075 ], [ 90.868724994000161, 24.375641451000092 ], [ 90.869610527000134, 24.374740031000101 ], [ 90.87052420100008, 24.37461963700008 ], [ 90.870957070000088, 24.374383970000054 ], [ 90.871274441000139, 24.374211183000057 ], [ 90.871567839000079, 24.373861797000075 ], [ 90.87165885700017, 24.37356550200019 ], [ 90.871557586000051, 24.372729616000129 ], [ 90.871681728000169, 24.372837442000161 ], [ 90.872302767000122, 24.373399662000111 ], [ 90.872853843000087, 24.374012174000029 ], [ 90.872993904000054, 24.374167849000173 ], [ 90.874200810000048, 24.375648772000034 ], [ 90.874963421000189, 24.376949373000116 ], [ 90.875736371000187, 24.378110369000069 ], [ 90.875862304000066, 24.378285874000142 ], [ 90.877186046000134, 24.378620830000102 ], [ 90.877698280000061, 24.378728496000122 ], [ 90.878926973000034, 24.378800396000031 ], [ 90.879695678000132, 24.379012684000031 ], [ 90.880208948000188, 24.37926934800015 ], [ 90.881336011000087, 24.379436646000102 ], [ 90.881436690000157, 24.379521602000068 ], [ 90.881678807000185, 24.37972590600009 ], [ 90.882056320000061, 24.380044316000124 ], [ 90.882282175, 24.380524297000136 ], [ 90.88231589600008, 24.380595958000129 ], [ 90.88262585700005, 24.38094862600019 ], [ 90.883754738000107, 24.381463593000035 ], [ 90.884318769000117, 24.381573192000133 ], [ 90.884471884000106, 24.381524884000044 ], [ 90.884932642000194, 24.381583154000111 ], [ 90.885494674000142, 24.381494075000091 ], [ 90.885618620000116, 24.381429376000142 ], [ 90.885911224000154, 24.381466378000027 ], [ 90.886473255000055, 24.381377296000096 ], [ 90.886934430999986, 24.381137012000124 ], [ 90.887596195000071, 24.380950776000191 ], [ 90.88790347600019, 24.381005419000132 ], [ 90.888264683000102, 24.381457117000025 ], [ 90.888370813, 24.382005136000032 ], [ 90.888628338000103, 24.38225875400002 ], [ 90.88898843000004, 24.382462098000133 ], [ 90.890216974999987, 24.382413420000034 ], [ 90.891077705000157, 24.382235764000086 ], [ 90.891502449000143, 24.382233266000071 ], [ 90.89205628600007, 24.382118949000073 ], [ 90.893898120000188, 24.382108095000092 ], [ 90.894256277000068, 24.382105981999985 ], [ 90.895227486000067, 24.381926397000143 ], [ 90.89549811500018, 24.3817989530001 ], [ 90.895766960000117, 24.381832933000055 ], [ 90.896177959999989, 24.382087890000093 ], [ 90.896765021000192, 24.383220979000157 ], [ 90.897008292000123, 24.383690511000111 ], [ 90.897266171000069, 24.383991527000148 ], [ 90.89819226000003, 24.384751424000058 ], [ 90.898194015000115, 24.384999768000171 ], [ 90.897737452000058, 24.385537566999972 ], [ 90.897790355000097, 24.385785609999971 ], [ 90.899056190000124, 24.387089869000192 ], [ 90.901003827000068, 24.387893354000141 ], [ 90.903117228000042, 24.388083968000103 ], [ 90.90623307300018, 24.3884943380001 ], [ 90.906529817000035, 24.38862351400013 ], [ 90.907195036000132, 24.389001094000093 ], [ 90.908092431000057, 24.389354703000151 ], [ 90.908623662000196, 24.389473481000039 ], [ 90.909740027000112, 24.389471253000011 ], [ 90.910094417000096, 24.389559436000127 ], [ 90.911126234000164, 24.390092839000147 ], [ 90.912738130000093, 24.391157832000033 ], [ 90.912964161000048, 24.39139353600018 ], [ 90.913835451000011, 24.392311707000033 ], [ 90.91406212000004, 24.392635458000086 ], [ 90.914771889000065, 24.393288182999981 ], [ 90.915932354000063, 24.393877218000171 ], [ 90.916487934000031, 24.394086089000098 ], [ 90.916860512000142, 24.394226543 ], [ 90.917189373000099, 24.394350516000088 ], [ 90.91812269400009, 24.394378728000106 ], [ 90.918541583000035, 24.394349095000052 ], [ 90.918717436000122, 24.394291586000179 ], [ 90.918992268000125, 24.394199607000076 ], [ 90.919345633000148, 24.394164849000049 ], [ 90.919603843000175, 24.394139451000115 ], [ 90.920408532000067, 24.394107471000098 ], [ 90.921154895000086, 24.39427678200019 ], [ 90.921182061000195, 24.39428339 ], [ 90.921654742000158, 24.394443674000115 ], [ 90.92205199000017, 24.394578378000062 ], [ 90.922600234000015, 24.394963375000032 ], [ 90.922826543000042, 24.39531872200007 ], [ 90.92309193400007, 24.395921055000088 ], [ 90.923440574000097, 24.396443859000158 ], [ 90.92350277200012, 24.396515070000078 ], [ 90.924344875000088, 24.397479170000111 ], [ 90.924797087000172, 24.398131162000084 ], [ 90.925830008000105, 24.399136324000096 ], [ 90.92618469100006, 24.399344128000052 ], [ 90.926539121000076, 24.399432270000091 ], [ 90.927988570000196, 24.399488871000017 ], [ 90.928375263000135, 24.399606161000179 ], [ 90.929471624000143, 24.400346753000122 ], [ 90.930277065999974, 24.40058113200007 ], [ 90.930760283000097, 24.400580418 ], [ 90.931146474000172, 24.400460641000166 ], [ 90.931243926000036, 24.400398722000091 ], [ 90.931395340000165, 24.400395858000024 ], [ 90.931781530000137, 24.400276080000083 ], [ 90.931874781000147, 24.400216804000138 ], [ 90.932371114000091, 24.399904280000044 ], [ 90.932626109000125, 24.399925479000103 ], [ 90.933077522000076, 24.400042358000121 ], [ 90.933754388000125, 24.400309118000166 ], [ 90.934044757000095, 24.400485689999982 ], [ 90.934098904000052, 24.40054597 ], [ 90.934496545000172, 24.400988638000058 ], [ 90.934948309000049, 24.401403537000192 ], [ 90.935497270000099, 24.401876532000131 ], [ 90.936173916000143, 24.402111671000171 ], [ 90.936849368000026, 24.401933646000089 ], [ 90.936879061000127, 24.401908616000128 ], [ 90.937202809000098, 24.401635696000142 ], [ 90.937330772999985, 24.401102072000015 ], [ 90.93726572300011, 24.400806710000097 ], [ 90.936909256000035, 24.399858402000177 ], [ 90.936875509000174, 24.399294172 ], [ 90.937164411000083, 24.398937918 ], [ 90.93745389500009, 24.398814106000088 ], [ 90.937582209000198, 24.398759226000152 ], [ 90.937774552000064, 24.398784034000073 ], [ 90.93803318700003, 24.398817392000183 ], [ 90.938387854000155, 24.398937115000024 ], [ 90.938742756000011, 24.39917197900013 ], [ 90.939194957000041, 24.399645560000124 ], [ 90.939356607000093, 24.400001284000098 ], [ 90.939647736000154, 24.400446512000144 ], [ 90.93990566400015, 24.400652625000077 ], [ 90.940517563000071, 24.40080009400009 ], [ 90.941032827000072, 24.400799152 ], [ 90.942063016000134, 24.400501496000061 ], [ 90.942416748000085, 24.400411244000054 ], [ 90.942529197000056, 24.40036568000005 ], [ 90.94293170300017, 24.400202583000123 ], [ 90.943422041000019, 24.399950706000141 ], [ 90.943510099000036, 24.399905472000114 ], [ 90.94379963900019, 24.399637253000037 ], [ 90.944055291000041, 24.398956078000083 ], [ 90.943861090000041, 24.398451552000097 ], [ 90.943408403000149, 24.397831232000101 ], [ 90.94331078800019, 24.397384807000037 ], [ 90.943471297000031, 24.397088040000085 ], [ 90.94417766000015, 24.396347612000113 ], [ 90.944466226000031, 24.395783633000065 ], [ 90.944400930000143, 24.395456666000086 ], [ 90.944142077000095, 24.395042855000042 ], [ 90.943947447000198, 24.394479628000113 ], [ 90.943849631000091, 24.394006111000067 ], [ 90.944171024000127, 24.393796395000152 ], [ 90.944504680000193, 24.393798838000066 ], [ 90.94494454400018, 24.393884139000136 ], [ 90.945427649000067, 24.394120445000112 ], [ 90.945750339000142, 24.394416454000179 ], [ 90.94600915500007, 24.39474221100005 ], [ 90.946470375000047, 24.395145763000073 ], [ 90.946718858000054, 24.395363174000181 ], [ 90.946977678000167, 24.395688929000073 ], [ 90.947428787000092, 24.396013482000171 ], [ 90.94797653400019, 24.396073272000137 ], [ 90.948459674000048, 24.395982194000055 ], [ 90.948566243000073, 24.395883696999988 ], [ 90.949005670000076, 24.39547755600006 ], [ 90.949165667000102, 24.395031774000131 ], [ 90.949968609999985, 24.394437470000128 ], [ 90.950278607000143, 24.394151022000074 ], [ 90.950482765000174, 24.39396237200009 ], [ 90.951124259000153, 24.393043957000032 ], [ 90.951606019000053, 24.392359090000127 ], [ 90.95215182700008, 24.391915401000119 ], [ 90.952602021000189, 24.391707116000191 ], [ 90.953213396000081, 24.391378153000062 ], [ 90.953338424000094, 24.391467892000094 ], [ 90.953503391000197, 24.391586298000163 ], [ 90.954116972000065, 24.392207833000157 ], [ 90.954891407000105, 24.392828347000147 ], [ 90.954921094000156, 24.392859285000043 ], [ 90.955117516000087, 24.393063987000119 ], [ 90.955634400000179, 24.393774173000054 ], [ 90.955828752000116, 24.394129670999973 ], [ 90.955926674000068, 24.39469349 ], [ 90.955959559000178, 24.395050006000019 ], [ 90.95586588600014, 24.396116252000127 ], [ 90.955256417000101, 24.396946434000085 ], [ 90.955095779000146, 24.397304171000087 ], [ 90.955064767000067, 24.397688184000174 ], [ 90.955162409000138, 24.398132344000146 ], [ 90.955389537000087, 24.398665996999966 ], [ 90.955583672999978, 24.398992144999966 ], [ 90.956067873999984, 24.399614486000019 ], [ 90.956326599000192, 24.40008697900015 ], [ 90.956457195000155, 24.400650588000133 ], [ 90.956361426000115, 24.400946959000066 ], [ 90.956233941000164, 24.401451240000142 ], [ 90.956073677000063, 24.401777368000126 ], [ 90.955849096000179, 24.40207455 ], [ 90.955594494000081, 24.402308687000129 ], [ 90.955206272000112, 24.40248951600006 ], [ 90.954851880000092, 24.402491751000184 ], [ 90.954529963000198, 24.402550223000048 ], [ 90.953950375000034, 24.402522266000119 ], [ 90.953305849000174, 24.402465368000037 ], [ 90.95250056000009, 24.402258207000045 ], [ 90.952468623000186, 24.402256168000122 ], [ 90.952049783000177, 24.402229433000116 ], [ 90.951405439000155, 24.402113822000047 ], [ 90.950437812000132, 24.401462894000019 ], [ 90.950147242000071, 24.401345057000128 ], [ 90.949728700000037, 24.401257373000192 ], [ 90.949148936000029, 24.401288101000034 ], [ 90.948827418000064, 24.401317210000059 ], [ 90.948312150000106, 24.401318178000167 ], [ 90.948280978000184, 24.401323260000026 ], [ 90.948161720000087, 24.401342703000125 ], [ 90.947764875000189, 24.401407399000163 ], [ 90.946993012000178, 24.401796044999969 ], [ 90.94641471500006, 24.402271530000178 ], [ 90.946189873000094, 24.402537093000035 ], [ 90.945997686000055, 24.403132081000024 ], [ 90.945801617000086, 24.403404551 ], [ 90.945741462, 24.403488146000086 ], [ 90.945609675000014, 24.403622655000106 ], [ 90.945452119000151, 24.403783462000035 ], [ 90.945415045000118, 24.404038365000076 ], [ 90.945357131000094, 24.404436544000077 ], [ 90.945454922000124, 24.404822008000167 ], [ 90.94581040300011, 24.405296174000114 ], [ 90.94603630000006, 24.405502475000048 ], [ 90.946616714000129, 24.405887181000082 ], [ 90.947003659000075, 24.406033772000058 ], [ 90.947680586000047, 24.406300466000062 ], [ 90.947875472000192, 24.406893033000188 ], [ 90.948037097000167, 24.407158435000099 ], [ 90.948262606000071, 24.407394086000181 ], [ 90.948714555000095, 24.407659928000101 ], [ 90.949971545000153, 24.408013285000152 ], [ 90.950808875000178, 24.408132205000015 ], [ 90.952686958000015, 24.408535822000147 ], [ 90.95279914200006, 24.408559736000143 ], [ 90.952894504000142, 24.408511940000096 ], [ 90.953243084000064, 24.408334208000156 ], [ 90.953322019000097, 24.408351171000049 ], [ 90.953433767000092, 24.408375301999968 ], [ 90.953529565000053, 24.408327287000191 ], [ 90.955641222000054, 24.407250576000024 ], [ 90.956083333000151, 24.407026526000095 ], [ 90.956554289, 24.406786489000069 ], [ 90.958560624000199, 24.406134859000133 ], [ 90.959735699000191, 24.405546146 ], [ 90.960077576000117, 24.405858869000042 ], [ 90.960917250000136, 24.40677695800008 ], [ 90.961400878000177, 24.407071910000127 ], [ 90.961852183000133, 24.407249662000083 ], [ 90.962369047000095, 24.407781464000038 ], [ 90.962530719000142, 24.408049105000089 ], [ 90.962660891000098, 24.408551753000097 ], [ 90.962694240000076, 24.408966966000094 ], [ 90.962682992000055, 24.409147879000045 ], [ 90.962662926000178, 24.409470642000031 ], [ 90.962792553000156, 24.40973848800013 ], [ 90.963276640000117, 24.410092132000102 ], [ 90.963619172000051, 24.410229930000128 ], [ 90.963983807000091, 24.41037725100017 ], [ 90.964372873000173, 24.410534441000038 ], [ 90.964920518999975, 24.410652870000149 ], [ 90.965823319000094, 24.410947391999969 ], [ 90.966596909000145, 24.411272084000018 ], [ 90.967661741000143, 24.412039685000025 ], [ 90.967469668000149, 24.412395377000166 ], [ 90.966859252000063, 24.413020156000073 ], [ 90.966055661000098, 24.413614555000152 ], [ 90.965798618000065, 24.413709976000121 ], [ 90.965693169000133, 24.413727463000043 ], [ 90.965382069000157, 24.41385844399997 ], [ 90.965058101000182, 24.413912167000092 ], [ 90.964704178000147, 24.414061175000143 ], [ 90.964415267000106, 24.414329429000134 ], [ 90.964287233000164, 24.414596658000107 ], [ 90.96428830200017, 24.414980466000088 ], [ 90.964417765000121, 24.415307012000085 ], [ 90.964676058000123, 24.415632739000159 ], [ 90.965322087000175, 24.416283364000094 ], [ 90.96548376100003, 24.416548744000181 ], [ 90.965678298000057, 24.417082589000017 ], [ 90.965906651000068, 24.418090338000184 ], [ 90.965941330000192, 24.418920965999973 ], [ 90.965925711000011, 24.419060647000094 ], [ 90.965878421000184, 24.419483541000091 ], [ 90.965750509000088, 24.419929132999982 ], [ 90.965719357000182, 24.420371847000069 ], [ 90.965432096000143, 24.421263228000157 ], [ 90.965400443000078, 24.421559193000064 ], [ 90.9653374250002, 24.421945667000045 ], [ 90.965306788000078, 24.422537389000183 ], [ 90.965148182000064, 24.42348664900004 ], [ 90.965149269000108, 24.423872714000083 ], [ 90.965118355000186, 24.424347035000153 ], [ 90.965401082000028, 24.425207686000022 ], [ 90.965469965000182, 24.425417224000171 ], [ 90.96550773700011, 24.425532120000071 ], [ 90.965765981000118, 24.425767533000112 ], [ 90.966121177000048, 24.425943628000027 ], [ 90.966603941000187, 24.426033111000038 ], [ 90.967216536000137, 24.426090155000111 ], [ 90.967860735999977, 24.42608829500017 ], [ 90.96821407200008, 24.425939280000023 ], [ 90.968252128000074, 24.425904283000023 ], [ 90.968471184000066, 24.425702833000059 ], [ 90.968631499000082, 24.425464743000077 ], [ 90.968726902000071, 24.424960658000032 ], [ 90.968725523000046, 24.424457193000023 ], [ 90.968660611000189, 24.424191196000152 ], [ 90.968691216000138, 24.423597217000122 ], [ 90.969076579000159, 24.423122883000133 ], [ 90.969461903000024, 24.422885611000027 ], [ 90.970974141000113, 24.422169247000056 ], [ 90.971529280000141, 24.422019866000085 ], [ 90.971609240000191, 24.421984517000055 ], [ 90.972156134000102, 24.421836508000183 ], [ 90.973057469000196, 24.421686221000073 ], [ 90.973443982000106, 24.42168599300004 ], [ 90.973927334000109, 24.421773194000082 ], [ 90.974110531000122, 24.421825733000105 ], [ 90.974443208000196, 24.421921140000052 ], [ 90.97563684500011, 24.42274655000017 ], [ 90.976411738000138, 24.423308244999987 ], [ 90.976831862000097, 24.423989624000171 ], [ 90.976994633000174, 24.424553005000121 ], [ 90.976965628000187, 24.425589491000096 ], [ 90.976774007000188, 24.426243213000191 ], [ 90.976549946000034, 24.426687172000072 ], [ 90.976292925, 24.42701394300019 ], [ 90.975618375000181, 24.427639170000134 ], [ 90.975130235000108, 24.428034675000106 ], [ 90.975104349000105, 24.428055648000111 ], [ 90.974332519000143, 24.428618279000034 ], [ 90.973400723000168, 24.429303854000011 ], [ 90.973079692000169, 24.429807133 ], [ 90.972953002000168, 24.430489784000088 ], [ 90.972825467000177, 24.431143088000169 ], [ 90.972730390000038, 24.43152751100007 ], [ 90.972698755000181, 24.431823477000023 ], [ 90.972764204000157, 24.432238479000091 ], [ 90.972539553000161, 24.432447632999981 ], [ 90.9724747570001, 24.43264819500007 ], [ 90.97234832100014, 24.433039553000128 ], [ 90.972735768000121, 24.433514277000143 ], [ 90.972865032000186, 24.433809210000106 ], [ 90.973381993000032, 24.434252915000172 ], [ 90.973962091000089, 24.434488500000043 ], [ 90.974929077000127, 24.434606444 ], [ 90.975461279000115, 24.434532495000042 ], [ 90.975484803000143, 24.434521619000179 ], [ 90.975559047000047, 24.434518910000065 ], [ 90.975798050000037, 24.434485699000049 ], [ 90.976119956000161, 24.434336869000163 ], [ 90.977021662000197, 24.434303956 ], [ 90.977442511999982, 24.434215402000177 ], [ 90.97751304500008, 24.434190188 ], [ 90.977931123000189, 24.434040733000188 ], [ 90.978349831, 24.433893532000184 ], [ 90.979540391000114, 24.43350427300004 ], [ 90.979698129000042, 24.433475600000065 ], [ 90.979862371000138, 24.433445743000163 ], [ 90.980828409000139, 24.43344174200007 ], [ 90.981601799000146, 24.433558643000083 ], [ 90.982787691000055, 24.43392121100004 ], [ 90.983255039000142, 24.434067200000129 ], [ 90.98337891, 24.43416178700005 ], [ 90.983633216000101, 24.43435597000007 ], [ 90.983763208000198, 24.434741196000118 ], [ 90.983415089000061, 24.436994408000032 ], [ 90.983386971000073, 24.43829729600003 ], [ 90.983453311000062, 24.438980956000137 ], [ 90.983455802000151, 24.440017233000162 ], [ 90.983394649000161, 24.441114881000033 ], [ 90.983203951, 24.441886007000051 ], [ 90.982884143000035, 24.442863421000084 ], [ 90.982435799000086, 24.443724267999983 ], [ 90.982082730000059, 24.444230031000188 ], [ 90.981377560000169, 24.445447007000155 ], [ 90.980608320000101, 24.446752444000083 ], [ 90.980480128000181, 24.447078386000044 ], [ 90.980416983000168, 24.447523566000143 ], [ 90.980418866000093, 24.448085726000102 ], [ 90.98067824200001, 24.448856184000078 ], [ 90.981389187000161, 24.449655322000126 ], [ 90.981712184000116, 24.449802233000071 ], [ 90.982267089000118, 24.449924625000108 ], [ 90.982517592000193, 24.449979876000157 ], [ 90.983258711000133, 24.449977318000094 ], [ 90.984128009000074, 24.44988586900007 ], [ 90.984901052, 24.449706991000028 ], [ 90.985113997000155, 24.449619913000106 ], [ 90.985995097000057, 24.449259607000158 ], [ 90.986509711000167, 24.44899209700003 ], [ 90.988695759000052, 24.447444830000165 ], [ 90.98937104800001, 24.447146910000015 ], [ 90.989885807000064, 24.446820688000059 ], [ 90.990690105, 24.446463218000133 ], [ 90.991590663000125, 24.445958357 ], [ 90.992078005999986, 24.44585642200019 ], [ 90.9922258470001, 24.445773539000186 ], [ 90.992743406000159, 24.445665281000117 ], [ 90.992910392000113, 24.445599754999989 ], [ 90.993287146000057, 24.445482586000026 ], [ 90.993425244000093, 24.445462148999979 ], [ 90.99354557200013, 24.445414931000187 ], [ 90.993931218000057, 24.44529499500004 ], [ 90.994132960000059, 24.445267402000127 ], [ 90.994358491000128, 24.445179336000137 ], [ 90.994845959000145, 24.445052184000076 ], [ 90.994993666000198, 24.444994506000114 ], [ 90.995464326000047, 24.444871736000096 ], [ 90.996023680000178, 24.444725830000095 ], [ 90.99660276100019, 24.444428512000172 ], [ 90.997213204000161, 24.444042934000095 ], [ 90.997441682000044, 24.443953711000063 ], [ 90.997824799000057, 24.443804099000147 ], [ 90.998469008000143, 24.443714054000054 ], [ 90.998994652000135, 24.443755016000068 ], [ 90.999346970000147, 24.443782470000031 ], [ 90.999564068000154, 24.44379938700007 ], [ 91.000048870000114, 24.44421386 ], [ 91.000340065000159, 24.444627352000111 ], [ 91.000373169000056, 24.445071902000109 ], [ 91.00029486700015, 24.445388638000054 ], [ 91.00027757100014, 24.445458602000144 ], [ 90.999957558000062, 24.446081590000176 ], [ 90.999540264000132, 24.446644261000131 ], [ 90.999058537000167, 24.44708995700006 ], [ 90.998255142000062, 24.447716134000075 ], [ 90.998062549, 24.447922856000105 ], [ 90.99742123600015, 24.448931770000115 ], [ 90.997004339000057, 24.449704400000087 ], [ 90.99674817600004, 24.450060548000067 ], [ 90.996364331, 24.451038410000137 ], [ 90.996204764000026, 24.451603889000125 ], [ 90.995918744000164, 24.453025874000105 ], [ 90.995921805000194, 24.453886044000058 ], [ 90.996085022999978, 24.454803857000059 ], [ 90.996247923000169, 24.45536721000019 ], [ 90.99659540600004, 24.456212999000115 ], [ 90.996734501000105, 24.45655156000015 ], [ 90.997123308000198, 24.457142772000054 ], [ 90.99789829700012, 24.457912054000076 ], [ 90.998543943000072, 24.458386425000185 ], [ 90.999190504000183, 24.458975930000179 ], [ 90.999675075000198, 24.459510062000163 ], [ 91.000159535000137, 24.459951624999974 ], [ 91.001256732000058, 24.460601355000108 ], [ 91.001483221000058, 24.460780468999985 ], [ 91.002257205000149, 24.461104966000107 ], [ 91.002579790000141, 24.461193134000155 ], [ 91.003095607000091, 24.461309371000084 ], [ 91.003450255000132, 24.461397324000131 ], [ 91.0038171650001, 24.461476167 ], [ 91.004127259000143, 24.461544096000068 ], [ 91.004644140000039, 24.462105086000122 ], [ 91.004713858000116, 24.462420704000124 ], [ 91.005129442000054, 24.462727245000167 ], [ 91.005548458000078, 24.462844117000031 ], [ 91.006353795000166, 24.462843273000146 ], [ 91.006933581, 24.462782969000159 ], [ 91.008286388000101, 24.462690414 ], [ 91.008834043000036, 24.462777068000094 ], [ 91.009414634000052, 24.462895107000179 ], [ 91.009866100000067, 24.462982400000044 ], [ 91.010510818000171, 24.463100007999969 ], [ 91.011964793000118, 24.463243803000069 ], [ 91.011948223000161, 24.463441867000142 ], [ 91.011860660000082, 24.464488493000033 ], [ 91.01130718200011, 24.465758768000057 ], [ 91.010930122000048, 24.465955455000085 ], [ 91.010619802000122, 24.466003074000014 ], [ 91.010284033000119, 24.466054597000095 ], [ 91.009313930000076, 24.466352324000127 ], [ 91.009277908000115, 24.466385017000107 ], [ 91.008681043000195, 24.466568193000171 ], [ 91.008465533000106, 24.466763792000108 ], [ 91.008357622000176, 24.466764513000044 ], [ 91.007280069000103, 24.467742512000086 ], [ 91.00690090500018, 24.467957579000029 ], [ 91.006404345000078, 24.468116930000122 ], [ 91.006382514000165, 24.468136693000076 ], [ 91.005919428000198, 24.468555896000055 ], [ 91.005811977000121, 24.468847854000046 ], [ 91.005812019000132, 24.469629019000081 ], [ 91.005758216, 24.469920620000153 ], [ 91.005434784000101, 24.470505261000142 ], [ 91.005327439000155, 24.471431635000044 ], [ 91.00559678500008, 24.472111668000082 ], [ 91.005920397000011, 24.472403014 ], [ 91.007267253000066, 24.473177464000173 ], [ 91.007644902000152, 24.473515860000077 ], [ 91.007698265000045, 24.473711923000053 ], [ 91.007536617000198, 24.473857494000129 ], [ 91.007051987000068, 24.474102299000037 ], [ 91.006824531000063, 24.474113343000056 ], [ 91.006419057000073, 24.474318160000053 ], [ 91.005287223000039, 24.474373105000041 ], [ 91.00453310000006, 24.474619696000104 ], [ 91.003994487, 24.474668430000065 ], [ 91.003509474000111, 24.474477490000083 ], [ 91.002755102000037, 24.473992575000182 ], [ 91.001353770000094, 24.473268116000042 ], [ 91.000976594000178, 24.473220945000094 ], [ 91.000653606000071, 24.472929584000099 ], [ 91.000060746000031, 24.472590338000089 ], [ 90.999737464000134, 24.472495396000056 ], [ 90.999274271000104, 24.472093027000028 ], [ 90.998228553000047, 24.471184614000094 ], [ 90.997312353000098, 24.470897162000142 ], [ 90.996503900000107, 24.470900239000116 ], [ 90.995749630000034, 24.471049705000041 ], [ 90.995426405000046, 24.47119632600004 ], [ 90.994941466000171, 24.471246933000032 ], [ 90.994510649000119, 24.471200099000043 ], [ 90.99351371400013, 24.471250622000071 ], [ 90.993486732000065, 24.471251989000109 ], [ 90.993448855, 24.471286357999986 ], [ 90.993378962000179, 24.471349777 ], [ 90.993223741000065, 24.471370317000094 ], [ 90.99300193900018, 24.471399667000071 ], [ 90.992895692000161, 24.471458207000126 ], [ 90.992732377000038, 24.471548190000192 ], [ 90.991816659000165, 24.471793520000062 ], [ 90.991116114000192, 24.471795860000043 ], [ 90.989930672000128, 24.471460457000092 ], [ 90.989661190000049, 24.471462222000184 ], [ 90.989175947000149, 24.471316391000073 ], [ 90.989068419000148, 24.471366765000027 ], [ 90.988206170000126, 24.471273067000084 ], [ 90.987559364000049, 24.47112828700017 ], [ 90.987398168000027, 24.471176751000087 ], [ 90.987128319000192, 24.471131103000062 ], [ 90.986859348000053, 24.471277354000165 ], [ 90.986006452000197, 24.470986820000121 ], [ 90.985726665000016, 24.470892720000109 ], [ 90.985457982000071, 24.471087819 ], [ 90.985242566000011, 24.471380469000053 ], [ 90.985105608000083, 24.472248041000114 ], [ 90.98508094500005, 24.472404267000059 ], [ 90.985130148000167, 24.473044303000052 ], [ 90.984918918000062, 24.474010556000167 ], [ 90.984487846000093, 24.474645524000152 ], [ 90.984380361000035, 24.474939728000152 ], [ 90.983194745000162, 24.476647503000152 ], [ 90.983194651000133, 24.476794255000186 ], [ 90.982494385000109, 24.477868965000141 ], [ 90.982332645000042, 24.478405094000152 ], [ 90.982386273000031, 24.479036904000054 ], [ 90.98227823100018, 24.479816517000131 ], [ 90.981254463000198, 24.481329063000032 ], [ 90.98120079600011, 24.481963828000062 ], [ 90.980877125000063, 24.482695172000035 ], [ 90.980465594, 24.483304125000075 ], [ 90.980357612000148, 24.483463908000033 ], [ 90.980284444000119, 24.483572752000157 ], [ 90.979044537000107, 24.485136357000101 ], [ 90.977104851000036, 24.486896383999976 ], [ 90.977158676000158, 24.487236951 ], [ 90.977320159000101, 24.487382657000182 ], [ 90.977481914000066, 24.487722523000059 ], [ 90.977427610000177, 24.488357292999979 ], [ 90.977535575000161, 24.488600426000119 ], [ 90.977481952000062, 24.488844606999976 ], [ 90.97764359100006, 24.48932896700012 ], [ 90.977912813000103, 24.489767478000033 ], [ 90.977628867000078, 24.490536729000041 ], [ 90.977535229000125, 24.490790407000077 ], [ 90.976407725000115, 24.490711110000177 ], [ 90.976241739000045, 24.490699436000057 ], [ 90.975059734000013, 24.49127492000008 ], [ 90.974557566000044, 24.491367886000148 ], [ 90.974421077000045, 24.491491684000096 ], [ 90.973924491000162, 24.491583615000138 ], [ 90.973601084000109, 24.491876947000094 ], [ 90.973331463000136, 24.492267008999988 ], [ 90.973277698, 24.492414107000116 ], [ 90.973331488000042, 24.492510841000126 ], [ 90.973008286000095, 24.493632748000152 ], [ 90.972469024000077, 24.494171300000119 ], [ 90.972199606000174, 24.494267859 ], [ 90.971822527000143, 24.494561530000055 ], [ 90.971606677000068, 24.494806752000102 ], [ 90.971499129000051, 24.495098689000031 ], [ 90.970905943000162, 24.495684993 ], [ 90.97078437700003, 24.495751501000029 ], [ 90.970191980000152, 24.495717256000091 ], [ 90.969737692000024, 24.495943305000083 ], [ 90.969558875000075, 24.495932967000101 ], [ 90.96936451900018, 24.496029676000035 ], [ 90.9688980950001, 24.496064220000051 ], [ 90.968574883000031, 24.496064036 ], [ 90.968035796000095, 24.495823660000042 ], [ 90.967389234000052, 24.495240798000111 ], [ 90.967012256000146, 24.495146132000116 ], [ 90.966526946000101, 24.494758655000112 ], [ 90.966150191000111, 24.494612056000165 ], [ 90.965341452000075, 24.494517889000065 ], [ 90.964641041000164, 24.494716529000186 ], [ 90.963347383000041, 24.494769941000186 ], [ 90.962161533000142, 24.494481741000129 ], [ 90.961622942000076, 24.494141999000078 ], [ 90.961407310000197, 24.4940937020001 ], [ 90.96102995800004, 24.493705519 ], [ 90.960221722000142, 24.493270407000068 ], [ 90.960006349000196, 24.492930862000151 ], [ 90.960060504000126, 24.492589602000123 ], [ 90.960114160000103, 24.492345426000043 ], [ 90.959952824000084, 24.491567542000155 ], [ 90.959468168000171, 24.491180037000163 ], [ 90.959252283000126, 24.491179149000061 ], [ 90.958713611000178, 24.490988407000089 ], [ 90.95855296100018, 24.490998402000116 ], [ 90.957905377000088, 24.491038690000096 ], [ 90.957697702000189, 24.491227885 ], [ 90.95758817, 24.491234699000017 ], [ 90.957272272000182, 24.491254350000133 ], [ 90.957002742999975, 24.491499892000036 ], [ 90.956678912000086, 24.491987352000081 ], [ 90.95640936000018, 24.492230635 ], [ 90.956084013000179, 24.492408592000118 ], [ 90.955802604999974, 24.4924089000001 ], [ 90.955317949000062, 24.492265215000032 ], [ 90.955048421000129, 24.49226692100018 ], [ 90.954778752000095, 24.492413121000027 ], [ 90.954692071000125, 24.492483010000058 ], [ 90.954415305000111, 24.492482570000163 ], [ 90.954145634000099, 24.492628768000031 ], [ 90.953929996000056, 24.492824295000105 ], [ 90.953887222000048, 24.492980035000016 ], [ 90.953822537000121, 24.493215560000067 ], [ 90.953822528000046, 24.493292816000064 ], [ 90.95382251, 24.493457135000085 ], [ 90.954037876000086, 24.494042780000143 ], [ 90.954000483000073, 24.494430293000107 ], [ 90.953992610000057, 24.494511894000027 ], [ 90.953948573000048, 24.494968249000067 ], [ 90.953929753000125, 24.49516329100004 ], [ 90.953768002000118, 24.495552642000177 ], [ 90.95356336500015, 24.495867292000071 ], [ 90.953228375000151, 24.496382373000188 ], [ 90.953228865000199, 24.496529123000073 ], [ 90.952797427, 24.497064667000132 ], [ 90.952425236000067, 24.497430738000162 ], [ 90.951503659000082, 24.498337147000086 ], [ 90.950748889000181, 24.49877764200005 ], [ 90.950677635000147, 24.498841944 ], [ 90.950479312000141, 24.499020917000166 ], [ 90.949987705000069, 24.50013352700006 ], [ 90.949940120000122, 24.500241219000088 ], [ 90.949832290000074, 24.500338980000095 ], [ 90.949832158999982, 24.500485732000129 ], [ 90.949741686000038, 24.500594672000091 ], [ 90.949670163000121, 24.500680913000053 ], [ 90.94957064200014, 24.500750477000111 ], [ 90.949548653000193, 24.500591950000057 ], [ 90.949442536000163, 24.500260734000165 ], [ 90.949243158, 24.499995578000096 ], [ 90.948174436000045, 24.499140747000126 ], [ 90.94733827500005, 24.498666454000045 ], [ 90.94654764500018, 24.498438868000051 ], [ 90.946441836000076, 24.49841923200006 ], [ 90.946091231000082, 24.498354163000045 ], [ 90.94517082200008, 24.498183341000129 ], [ 90.944983992000061, 24.498093349000158 ], [ 90.944176001000073, 24.49770415200004 ], [ 90.943616463000126, 24.497332067000059 ], [ 90.942928141000039, 24.496874337 ], [ 90.942357358000152, 24.496657317000029 ], [ 90.94213689500009, 24.496644474000107 ], [ 90.941615819000162, 24.496331644000122 ], [ 90.940978730000097, 24.496254340000121 ], [ 90.940753438000115, 24.496176437000031 ], [ 90.937956679000081, 24.495209179000085 ], [ 90.937926234000145, 24.495198650000191 ], [ 90.937658661000114, 24.49514218000013 ], [ 90.936762336000129, 24.494953010000131 ], [ 90.935452174000091, 24.494362836000164 ], [ 90.935208756000179, 24.494210164000094 ], [ 90.935035128000038, 24.494101263000061 ], [ 90.934769194000069, 24.494089363000171 ], [ 90.934508362000145, 24.493932937000181 ], [ 90.934337833000143, 24.493925854000054 ], [ 90.934082633000173, 24.493915252000079 ], [ 90.933289321000075, 24.493735021000134 ], [ 90.932602601000099, 24.493519754000033 ], [ 90.932025027000122, 24.493338699000049 ], [ 90.931059080000068, 24.493163475000131 ], [ 90.930965789000027, 24.493146551000109 ], [ 90.9307701460001, 24.493024388000038 ], [ 90.930549388000145, 24.492887222999968 ], [ 90.930396783000049, 24.492684969000152 ], [ 90.929922978000036, 24.491161661000035 ], [ 90.929671485000085, 24.490763591000132 ], [ 90.928990653000028, 24.490442667000082 ], [ 90.928193765, 24.490359516000183 ], [ 90.927446946000146, 24.490375390999986 ], [ 90.92653249000017, 24.490577426000129 ], [ 90.925448888000176, 24.491013040000098 ], [ 90.924319449999984, 24.491254761000107 ], [ 90.92292618800019, 24.491434869000102 ], [ 90.922821557000134, 24.491381324000031 ], [ 90.92229648700004, 24.491375002000041 ], [ 90.921328776000166, 24.491363345000025 ], [ 90.920799934000115, 24.491244652999967 ], [ 90.920383541000035, 24.490983036999978 ], [ 90.919255589000159, 24.489818143000093 ], [ 90.91811259200017, 24.489041660000055 ], [ 90.9178961140002, 24.489128773000061 ], [ 90.917200235000109, 24.489193956 ], [ 90.916167561000066, 24.489681123000082 ], [ 90.91597211200019, 24.489844800000071 ], [ 90.915781938000066, 24.490004059000171 ], [ 90.915428556000109, 24.490861885000129 ], [ 90.915095972000131, 24.491184499000155 ], [ 90.914671760000033, 24.491119336000168 ], [ 90.914000304000069, 24.490554451000094 ], [ 90.91342626, 24.490239583000118 ], [ 90.912893795000116, 24.49021571000003 ], [ 90.912355590000061, 24.490336365000132 ], [ 90.911705538000092, 24.49059993000003 ], [ 90.910737979000089, 24.490797677000103 ], [ 90.909724607000101, 24.490801527000087 ], [ 90.909389226000144, 24.490615062000188 ], [ 90.909254581000084, 24.490540202000034 ], [ 90.909049571000196, 24.490335983000136 ], [ 90.908699265000166, 24.489739789000168 ], [ 90.908339582000167, 24.489382972000044 ], [ 90.907708247000016, 24.489160994000144 ], [ 90.90732835200015, 24.489339381000093 ], [ 90.906466922000106, 24.489543235000042 ], [ 90.904792, 24.490099653000073 ], [ 90.904409968000095, 24.490325456000051 ], [ 90.903910318000101, 24.490836440000066 ], [ 90.903786944000046, 24.491266149000182 ], [ 90.903332480000074, 24.49197328300005 ], [ 90.902863497000112, 24.493066576 ], [ 90.902943613000161, 24.493747933000179 ], [ 90.903015575000097, 24.493833707000135 ], [ 90.903055767000012, 24.493881613000042 ], [ 90.903198055000075, 24.49405120900019 ], [ 90.903719030000104, 24.494364174000054 ], [ 90.903869468000096, 24.494613883000056 ], [ 90.90397801000006, 24.495013194000137 ], [ 90.904056344000139, 24.495301375000054 ], [ 90.9042114840002, 24.495484916000066 ], [ 90.904310776000045, 24.49560238600003 ], [ 90.904571577000013, 24.49575886700012 ], [ 90.905524063000144, 24.495947325000031 ], [ 90.906089365000014, 24.496158965000177 ], [ 90.906260059000147, 24.496222870000054 ], [ 90.906826869000099, 24.496731972000077 ], [ 90.907064697000067, 24.497468822000087 ], [ 90.907061241000179, 24.497559262000095 ], [ 90.907180773000107, 24.497929600000191 ], [ 90.907151173000159, 24.498704182000154 ], [ 90.907198503000131, 24.498852911000142 ], [ 90.906951782000078, 24.499714588000074 ], [ 90.906443721000016, 24.500131933999967 ], [ 90.905483844000116, 24.500423300000136 ], [ 90.904628087999981, 24.500482615000124 ], [ 90.903443948000074, 24.500769665000064 ], [ 90.90307126200014, 24.5007538320001 ], [ 90.902176940000061, 24.500422775000175 ], [ 90.901488870000151, 24.500295939000125 ], [ 90.901456863000078, 24.500281754000127 ], [ 90.901121924000165, 24.500133313 ], [ 90.900909042000137, 24.500123295000094 ], [ 90.899965310000198, 24.499695437000014 ], [ 90.899016428000039, 24.499409841000045 ], [ 90.898266733000071, 24.49928859500011 ], [ 90.898228266, 24.499282374000018 ], [ 90.897373749999986, 24.49914416900009 ], [ 90.896749320000197, 24.499115725000024 ], [ 90.896628367000062, 24.49911021600019 ], [ 90.895985496000094, 24.499179505000143 ], [ 90.895723183000143, 24.499070434000089 ], [ 90.895123983000133, 24.499383299000158 ], [ 90.893348499000126, 24.499788921000118 ], [ 90.892967917000078, 24.4999650150001 ], [ 90.892593668000075, 24.500052984000035 ], [ 90.892268345000105, 24.500129452000124 ], [ 90.891978759000096, 24.500124472000095 ], [ 90.891142580000121, 24.500110090000135 ], [ 90.890509510000129, 24.5000991980001 ], [ 90.889182192000078, 24.499942204000092 ], [ 90.889127010000152, 24.499989944000163 ], [ 90.887957555000128, 24.499791542000082 ], [ 90.887427011000113, 24.499817068000027 ], [ 90.887151660000143, 24.500046718000021 ], [ 90.887035511000192, 24.500284463000071 ], [ 90.886674616999983, 24.501334177000103 ], [ 90.886598484, 24.501912606000076 ], [ 90.886540662000186, 24.502284648000114 ], [ 90.886491671000158, 24.502599864999979 ], [ 90.886456241000076, 24.502827828000136 ], [ 90.886463361000096, 24.503036166000129 ], [ 90.886481080000067, 24.503554677000125 ], [ 90.886648364000052, 24.504238842000177 ], [ 90.886983050000197, 24.505011590000152 ], [ 90.886953242000061, 24.505135707000022 ], [ 90.887099062000061, 24.505472385000189 ], [ 90.886971998000035, 24.506001445000095 ], [ 90.886633543000187, 24.506470784999976 ], [ 90.885863543000028, 24.507066834 ], [ 90.885745265000196, 24.507090107000067 ], [ 90.88549022300009, 24.507141506000153 ], [ 90.885272171000167, 24.507185449000133 ], [ 90.884528878000197, 24.50710401200007 ], [ 90.884366929, 24.507145601000047 ], [ 90.883931729000096, 24.50736715 ], [ 90.883545352000169, 24.507690013000172 ], [ 90.882927863000134, 24.508486094000034 ], [ 90.882905256000129, 24.509065308000174 ], [ 90.882768440000177, 24.509138617000133 ], [ 90.882940659000155, 24.509483747000047 ], [ 90.883015574000012, 24.509633875000077 ], [ 90.883003253000197, 24.509837517000051 ], [ 90.883131576000039, 24.510094672999969 ], [ 90.882993271000032, 24.512380749000158 ], [ 90.882980957000086, 24.512584296 ], [ 90.883726716000069, 24.513861804000044 ], [ 90.883854811000106, 24.51408123200008 ], [ 90.884141989000057, 24.514919431000067 ], [ 90.884585341000161, 24.51585831 ], [ 90.884632358000033, 24.516172992000122 ], [ 90.884701355000175, 24.51631910600014 ], [ 90.884870299000113, 24.517449842000076 ], [ 90.884913014000176, 24.517735726000126 ], [ 90.884848648000172, 24.519379738000055 ], [ 90.884740820000161, 24.519860136000034 ], [ 90.88465480900004, 24.520243333 ], [ 90.884363621000091, 24.520861404000073 ], [ 90.884194831000173, 24.521062875000155 ], [ 90.883972048000146, 24.52132879200002 ], [ 90.883753355000067, 24.521463278000169 ], [ 90.88234017100018, 24.522643164000044 ], [ 90.881988683000088, 24.522936621000099 ], [ 90.881073910000168, 24.523138388000177 ], [ 90.879957756000181, 24.523038791000033 ], [ 90.879683864000071, 24.523221004999982 ], [ 90.879503048, 24.523745856000176 ], [ 90.879402264000191, 24.524954335000075 ], [ 90.879184044999988, 24.52513591200011 ], [ 90.879071634000013, 24.525229447000072 ], [ 90.878695230000176, 24.525310660000173 ], [ 90.878215695000165, 24.525288618000104 ], [ 90.877886581000098, 24.525516308000135 ], [ 90.877367830000082, 24.526510474000133 ], [ 90.877001023000048, 24.527706952000187 ], [ 90.876761333000104, 24.528374381000049 ] ] ] } },
{ "type": "Feature", "properties": { "adm3_name": "Katiadi", "adm3_name1": null, "adm3_name2": null, "adm3_name3": null, "adm3_pcode": "BD30480045", "adm2_name": "Kishoreganj", "adm2_name1": null, "adm2_name2": null, "adm2_name3": null, "adm2_pcode": "BD3048", "adm1_name": "Dhaka", "adm1_name1": null, "adm1_name2": null, "adm1_name3": null, "adm1_pcode": "BD30", "adm0_name": "Bangladesh", "adm0_name1": null, "adm0_name2": null, "adm0_name3": null, "adm0_pcode": "BD", "valid_on": "2023-05-21T00:00:00", "valid_to": null, "area_sqkm": 215.65333828000001, "version": "v03", "lang": "en", "lang1": null, "lang2": null, "lang3": null, "adm3_ref_name": null, "center_lat": 24.2952187, "center_lon": 90.82084672000001, "female_pop": 180650.0, "male_pop": 155858.0, "total_pop": 336508.0, "nearest_facility_min": 12.197766083379442 }, "geometry": { "type": "Polygon", "coordinates": [ [ [ 90.890216974999987, 24.382413420000034 ], [ 90.88898843000004, 24.382462098000133 ], [ 90.888628338000103, 24.38225875400002 ], [ 90.888370813, 24.382005136000032 ], [ 90.888264683000102, 24.381457117000025 ], [ 90.88790347600019, 24.381005419000132 ], [ 90.887596195000071, 24.380950776000191 ], [ 90.886934430999986, 24.381137012000124 ], [ 90.886473255000055, 24.381377296000096 ], [ 90.885911224000154, 24.381466378000027 ], [ 90.885618620000116, 24.381429376000142 ], [ 90.885494674000142, 24.381494075000091 ], [ 90.884932642000194, 24.381583154000111 ], [ 90.884471884000106, 24.381524884000044 ], [ 90.884318769000117, 24.381573192000133 ], [ 90.883754738000107, 24.381463593000035 ], [ 90.88262585700005, 24.38094862600019 ], [ 90.88231589600008, 24.380595958000129 ], [ 90.882282175, 24.380524297000136 ], [ 90.882056320000061, 24.380044316000124 ], [ 90.881678807000185, 24.37972590600009 ], [ 90.881436690000157, 24.379521602000068 ], [ 90.881336011000087, 24.379436646000102 ], [ 90.880208948000188, 24.37926934800015 ], [ 90.879695678000132, 24.379012684000031 ], [ 90.878926973000034, 24.378800396000031 ], [ 90.877698280000061, 24.378728496000122 ], [ 90.877186046000134, 24.378620830000102 ], [ 90.875862304000066, 24.378285874000142 ], [ 90.875736371000187, 24.378110369000069 ], [ 90.874963421000189, 24.376949373000116 ], [ 90.874200810000048, 24.375648772000034 ], [ 90.872993904000054, 24.374167849000173 ], [ 90.872853843000087, 24.374012174000029 ], [ 90.872302767000122, 24.373399662000111 ], [ 90.871681728000169, 24.372837442000161 ], [ 90.871557586000051, 24.372729616000129 ], [ 90.871720664, 24.372743871000125 ], [ 90.872161123000126, 24.371685334000063 ], [ 90.870325616000059, 24.370572470000127 ], [ 90.870293853000192, 24.370555499999966 ], [ 90.868976365000094, 24.369851629000095 ], [ 90.868768819000138, 24.369750123000074 ], [ 90.867815372000052, 24.369283812000106 ], [ 90.86743682600013, 24.369146961000069 ], [ 90.866323720000082, 24.36874454499997 ], [ 90.865573363000067, 24.368473266000024 ], [ 90.863809579000133, 24.36754632300017 ], [ 90.863454262000118, 24.367368423000187 ], [ 90.862461786000097, 24.366871505000063 ], [ 90.86089309200014, 24.365894739999987 ], [ 90.859798609999984, 24.36537282400019 ], [ 90.858339315000137, 24.364676923000047 ], [ 90.857850414000097, 24.364465371000108 ], [ 90.85737723900013, 24.364260623000064 ], [ 90.856167574000153, 24.364451009 ], [ 90.856016074000195, 24.364534157000151 ], [ 90.854727983000146, 24.365241088000118 ], [ 90.853967285000067, 24.365648664000048 ], [ 90.851111532000118, 24.364330911000025 ], [ 90.850287396000169, 24.364102980999974 ], [ 90.849867203000088, 24.364051209000138 ], [ 90.849621367, 24.36402092000003 ], [ 90.848654836000094, 24.364043460000119 ], [ 90.848347290000049, 24.364050631000111 ], [ 90.847540600000059, 24.364312533000088 ], [ 90.845885722000105, 24.365084914000136 ], [ 90.845103434000066, 24.365369943000189 ], [ 90.844878838000113, 24.365451775000054 ], [ 90.843716971000163, 24.365772081000046 ], [ 90.842550416, 24.365943390000098 ], [ 90.842258657000116, 24.365990787000044 ], [ 90.841485539000075, 24.366116378000072 ], [ 90.840873739000131, 24.366128805000073 ], [ 90.840513279000106, 24.366038235000076 ], [ 90.84019868300004, 24.365800653000122 ], [ 90.839744253999982, 24.365148414000089 ], [ 90.839661197000169, 24.365029203000063 ], [ 90.839303020999978, 24.36394882400009 ], [ 90.839182181000126, 24.363717218000147 ], [ 90.839093538000157, 24.363547320000123 ], [ 90.838947188000134, 24.363093765000144 ], [ 90.838813260000052, 24.362832913999966 ], [ 90.838644423000062, 24.362309661000097 ], [ 90.838407887000187, 24.361903916000017 ], [ 90.837874489000114, 24.360997098000155 ], [ 90.837410821000105, 24.360623126000121 ], [ 90.836735805000046, 24.360294956000132 ], [ 90.836452579000024, 24.360227590000079 ], [ 90.836169891000111, 24.360160351000104 ], [ 90.834788307, 24.360046042000135 ], [ 90.834171873000173, 24.35991170900013 ], [ 90.833787788999985, 24.359739635000096 ], [ 90.833549566000102, 24.359632907000162 ], [ 90.833412521000071, 24.35953579400001 ], [ 90.833078477000129, 24.359299081000074 ], [ 90.832760194000173, 24.358964416000163 ], [ 90.832565548000048, 24.358578163000118 ], [ 90.83210097000017, 24.357656250000105 ], [ 90.83132012700014, 24.357042390000117 ], [ 90.829905881000172, 24.35618715600009 ], [ 90.829326354999978, 24.355661999000063 ], [ 90.829188129000102, 24.355416518000084 ], [ 90.828944861000025, 24.354984485000102 ], [ 90.828872648000186, 24.354397850000169 ], [ 90.82861680200017, 24.353712872000131 ], [ 90.828364731000192, 24.35303916600003 ], [ 90.82811073300013, 24.352358599000127 ], [ 90.828061455000125, 24.352226564000091 ], [ 90.827867040000115, 24.351705639000102 ], [ 90.827856807999979, 24.351678220000053 ], [ 90.827695262000134, 24.351513786999988 ], [ 90.827433190000136, 24.351247031000128 ], [ 90.827317288000131, 24.350857063000035 ], [ 90.827158626000141, 24.350713429000052 ], [ 90.826528673000155, 24.350433901000031 ], [ 90.826076503000024, 24.350396459000137 ], [ 90.825823624000179, 24.350449765000064 ], [ 90.825748091000037, 24.350498678000122 ], [ 90.825357677000056, 24.350751502000094 ], [ 90.825275111000167, 24.350804971000173 ], [ 90.825036483000133, 24.351251055000148 ], [ 90.82482798, 24.351884681000172 ], [ 90.824760348000098, 24.352090207000117 ], [ 90.824458469000092, 24.353615872000148 ], [ 90.824043794000147, 24.354850889999966 ], [ 90.823705045000111, 24.355347194000046 ], [ 90.82320918500011, 24.355749518000096 ], [ 90.822599612000033, 24.355813786000056 ], [ 90.822515973000122, 24.355789206000168 ], [ 90.821981056000197, 24.355631999000025 ], [ 90.820731261999981, 24.354925299 ], [ 90.8204278030002, 24.354800502000103 ], [ 90.820162282000183, 24.35469130600012 ], [ 90.81980342200012, 24.354650349 ], [ 90.819451991000108, 24.354805780000163 ], [ 90.819209628000067, 24.355154793000168 ], [ 90.819048393000116, 24.356334243000049 ], [ 90.818934365000075, 24.356614783 ], [ 90.818626232000099, 24.357372860000112 ], [ 90.818638902000089, 24.357713721000152 ], [ 90.818296418000159, 24.358112944000084 ], [ 90.81891554200007, 24.358417274000033 ], [ 90.818573057000037, 24.358816498000181 ], [ 90.818187794000039, 24.359462056000154 ], [ 90.816320402000088, 24.361416095000095 ], [ 90.816213864000133, 24.361617615000057 ], [ 90.815508261000105, 24.36295126300007 ], [ 90.814075979000108, 24.364257202000033 ], [ 90.812371294000172, 24.365079161000097 ], [ 90.812016739000057, 24.365137506000053 ], [ 90.811766922000118, 24.365290116000097 ], [ 90.811610409000195, 24.365193867000187 ], [ 90.810893250000106, 24.365111909000177 ], [ 90.810224153000092, 24.364932605000092 ], [ 90.809912697000073, 24.364792025000156 ], [ 90.80909758700011, 24.364809923000053 ], [ 90.807690116000117, 24.365379625000116 ], [ 90.807132548000141, 24.365490971000099 ], [ 90.806933851000167, 24.365641043000039 ], [ 90.806522905000065, 24.365552919000038 ], [ 90.805890140000031, 24.364980541000136 ], [ 90.805384713000024, 24.36439835900012 ], [ 90.805304798000122, 24.364306307000106 ], [ 90.804567107000082, 24.363217438000163 ], [ 90.804389845000173, 24.362956473000168 ], [ 90.804098428000088, 24.36269146799998 ], [ 90.803809762000014, 24.362428964000117 ], [ 90.803602147000163, 24.362337492 ], [ 90.802987277000113, 24.362252696000098 ], [ 90.801307487000031, 24.362338349000026 ], [ 90.801048731000094, 24.362247145000083 ], [ 90.800472371000012, 24.361818945000039 ], [ 90.800059280000028, 24.361681140000087 ], [ 90.799785847000066, 24.361698409000155 ], [ 90.798889001000134, 24.361755048000134 ], [ 90.79863868100017, 24.361835687000166 ], [ 90.798233477000053, 24.36196621800002 ], [ 90.797723967000195, 24.361977933000048 ], [ 90.796811834000096, 24.362145290000115 ], [ 90.795894469000132, 24.362165914000059 ], [ 90.794504570000186, 24.361805177000122 ], [ 90.792798638000079, 24.361157082000034 ], [ 90.790800054000101, 24.360907870000062 ], [ 90.790650946000198, 24.361007992000168 ], [ 90.790516638000099, 24.360911606000172 ], [ 90.790389134000179, 24.360819698 ], [ 90.789874390000023, 24.360682398000051 ], [ 90.788466714000094, 24.35983400900011 ], [ 90.787533683000106, 24.359412129000191 ], [ 90.787225958000136, 24.359370829000113 ], [ 90.786769123000056, 24.359429645000034 ], [ 90.786683781000136, 24.359516712000016 ], [ 90.786375408000083, 24.359831321000058 ], [ 90.786338385000136, 24.360101627 ], [ 90.786294637000083, 24.360421032999966 ], [ 90.786515757000075, 24.360905317000118 ], [ 90.786530614000128, 24.360994163000157 ], [ 90.786631017, 24.361172791 ], [ 90.786771178000151, 24.361633897000161 ], [ 90.786907490000033, 24.361876408000057 ], [ 90.787325593000105, 24.363251855000101 ], [ 90.787543400000118, 24.363968367000041 ], [ 90.787749031000146, 24.365432625000039 ], [ 90.787778838, 24.366265606000127 ], [ 90.787890940000068, 24.366556283000136 ], [ 90.787794506000068, 24.36670580100008 ], [ 90.787713120000092, 24.367295514000091 ], [ 90.787437324, 24.368134599000143 ], [ 90.787133793000066, 24.368482144000041 ], [ 90.787045111000168, 24.3685836840001 ], [ 90.786192960000108, 24.368994513000075 ], [ 90.785696924000092, 24.369396719000122 ], [ 90.785308397000165, 24.369945127000051 ], [ 90.785078489000171, 24.370634955000071 ], [ 90.785058494, 24.370847298000172 ], [ 90.785041478000039, 24.371028006000188 ], [ 90.784362985000087, 24.372022704000074 ], [ 90.784366062000117, 24.372122029000025 ], [ 90.784118338000042, 24.372322001000043 ], [ 90.783583741000143, 24.373069844000042 ], [ 90.7830423690001, 24.373619037000083 ], [ 90.782291848000057, 24.374029319000101 ], [ 90.782186493000154, 24.373932777000107 ], [ 90.781728079000061, 24.373944174000087 ], [ 90.780643693000059, 24.373574963000181 ], [ 90.779706921000184, 24.373058229000037 ], [ 90.778445219000048, 24.372008054000105 ], [ 90.777958587000114, 24.371233862000167 ], [ 90.777905445000158, 24.370885494000106 ], [ 90.777744051000127, 24.370628724000028 ], [ 90.777719806000164, 24.370601248000071 ], [ 90.777684581000187, 24.370548859000053 ], [ 90.777825045000043, 24.370356253000125 ], [ 90.777707737000128, 24.369916580000051 ], [ 90.777620134000074, 24.368891977000089 ], [ 90.777658688000088, 24.368546330000186 ], [ 90.777609799000174, 24.368123907000154 ], [ 90.777602640000055, 24.368062049000173 ], [ 90.777511659000083, 24.36727592900013 ], [ 90.777297420000195, 24.367109708000157 ], [ 90.777144506000127, 24.366991068000118 ], [ 90.776126961000045, 24.367061760000126 ], [ 90.775868213000138, 24.366970513000126 ], [ 90.775552196000035, 24.366683127000158 ], [ 90.775460201000158, 24.366420579000078 ], [ 90.7753816190002, 24.366196310000078 ], [ 90.775388675999977, 24.366082163000158 ], [ 90.775275774000079, 24.365979488999983 ], [ 90.775105199000109, 24.36549267200013 ], [ 90.775201705000086, 24.363931598000136 ], [ 90.775148820000027, 24.363864791000026 ], [ 90.775110523000194, 24.363816412000176 ], [ 90.774985342000036, 24.363658279000163 ], [ 90.77467240500016, 24.363470223000036 ], [ 90.773651831000109, 24.363443824000058 ], [ 90.772866411000109, 24.362872085000106 ], [ 90.772646873000099, 24.3624374420001 ], [ 90.772508586000072, 24.362007231000121 ], [ 90.772370477000095, 24.361733797000056 ], [ 90.772185666000041, 24.361158843000112 ], [ 90.772084691000089, 24.360979491000023 ], [ 90.77186595, 24.36078499100006 ], [ 90.771459437000033, 24.360601099000121 ], [ 90.770696399000144, 24.360668198000099 ], [ 90.77043460200008, 24.36047761400016 ], [ 90.770220264000102, 24.360187444000132 ], [ 90.769993716000045, 24.359553631000153 ], [ 90.769943886000135, 24.359483795000074 ], [ 90.769717632000095, 24.358852749999983 ], [ 90.769640488000107, 24.35811934600008 ], [ 90.769920066000168, 24.357379616000117 ], [ 90.770048988000156, 24.356690322000134 ], [ 90.770067427000185, 24.356204139000113 ], [ 90.770075025000097, 24.356003810000175 ], [ 90.769908167000153, 24.355616311000176 ], [ 90.769458443000076, 24.355171521000159 ], [ 90.769349710000199, 24.355063981000114 ], [ 90.769313785000179, 24.354770993000045 ], [ 90.769700821000015, 24.354175220000059 ], [ 90.770147243, 24.353822988000047 ], [ 90.770796956000027, 24.353465208999978 ], [ 90.771386358000143, 24.352814213000158 ], [ 90.771476080000127, 24.352470566000022 ], [ 90.771338922000098, 24.351493624000057 ], [ 90.771135466000146, 24.351309289000142 ], [ 90.771119346000091, 24.351194473000078 ], [ 90.771062559000086, 24.350789975000168 ], [ 90.770641279000017, 24.350408285000015 ], [ 90.770433693000086, 24.3503145090001 ], [ 90.770129666000059, 24.350370243999976 ], [ 90.769920544000172, 24.350226804000044 ], [ 90.769614994000108, 24.350235127000076 ], [ 90.768908123000188, 24.350410308000107 ], [ 90.767927924000162, 24.350655831000097 ], [ 90.767896118000181, 24.350663798000141 ], [ 90.766724396000029, 24.350690045000078 ], [ 90.766362513000047, 24.350551887 ], [ 90.765778977000082, 24.349927157000025 ], [ 90.765207153000176, 24.349841387000026 ], [ 90.764141592000044, 24.349768336000125 ], [ 90.763582504000169, 24.349827597000115 ], [ 90.763068172000033, 24.349813424000104 ], [ 90.762621455000101, 24.349801112000137 ], [ 90.761162082000055, 24.349327802000062 ], [ 90.761064916, 24.349296112000104 ], [ 90.760500651000143, 24.349210886000151 ], [ 90.759891060000086, 24.349272647000021 ], [ 90.759004995000055, 24.349632844999974 ], [ 90.758232156000133, 24.34994701100004 ], [ 90.757824332000155, 24.34995582199997 ], [ 90.757105758000193, 24.349823938999975 ], [ 90.756757393000044, 24.349623713000142 ], [ 90.756876672000089, 24.34956278400017 ], [ 90.756913764000103, 24.349169736000135 ], [ 90.757210470000132, 24.348917634000031 ], [ 90.757767561000151, 24.348762146000183 ], [ 90.75796827400012, 24.348706126000138 ], [ 90.7589168410002, 24.348145955000064 ], [ 90.759706996000148, 24.348088491000112 ], [ 90.759883727999977, 24.348075637000136 ], [ 90.76033900900012, 24.347967239000013 ], [ 90.761085795000099, 24.347459995000179 ], [ 90.761671676000162, 24.347247075000098 ], [ 90.761869028000149, 24.347239693000063 ], [ 90.762151709000136, 24.347229118000143 ], [ 90.762787208000077, 24.347205344000145 ], [ 90.764061056000116, 24.347262153000145 ], [ 90.764380239000161, 24.347165716000063 ], [ 90.764411933000133, 24.347136919999969 ], [ 90.764540173000057, 24.347020408000105 ], [ 90.764488473000085, 24.346824237000135 ], [ 90.764510317000088, 24.346598029000063 ], [ 90.764513995000016, 24.346559942 ], [ 90.764544723000085, 24.346239175000051 ], [ 90.764479935000054, 24.345452367000121 ], [ 90.764295516000175, 24.343212672 ], [ 90.764089832000195, 24.34189287300012 ], [ 90.764101821000054, 24.341665516999967 ], [ 90.764149018000126, 24.340770430000077 ], [ 90.763356301000158, 24.340081264000105 ], [ 90.763348952000172, 24.340046824000069 ], [ 90.763304322000067, 24.339837677000105 ], [ 90.763365454000109, 24.338421704999973 ], [ 90.763268970000127, 24.33677748600013 ], [ 90.76322431300008, 24.336016441000083 ], [ 90.763121881000131, 24.334270764000166 ], [ 90.762384793000081, 24.333192963999977 ], [ 90.76217552900016, 24.332606977000069 ], [ 90.762178142000153, 24.332117011000037 ], [ 90.762339030000135, 24.331824942000139 ], [ 90.762605565000058, 24.331584271000054 ], [ 90.762801255000056, 24.331533421000074 ], [ 90.762977690000184, 24.331487573 ], [ 90.763084309000078, 24.331392208000011 ], [ 90.763244827, 24.331244640000079 ], [ 90.763298489000192, 24.331050196000149 ], [ 90.763249754000128, 24.330318902000045 ], [ 90.762966458000164, 24.32907304600019 ], [ 90.762938469000062, 24.328949956000088 ], [ 90.762940762000142, 24.328509666000116 ], [ 90.7631006740001, 24.328364361000069 ], [ 90.763419495000051, 24.328317599000115 ], [ 90.764003187000071, 24.328371109999978 ], [ 90.764430874000197, 24.327885777000063 ], [ 90.764642793000064, 24.32788696900019 ], [ 90.764725231000114, 24.327811454000084 ], [ 90.764806373000056, 24.327737125000056 ], [ 90.764856612000074, 24.327691717 ], [ 90.764965830000051, 24.327106385000093 ], [ 90.764914821000161, 24.326716035000118 ], [ 90.764650931000176, 24.32647125900013 ], [ 90.764552986000183, 24.326430496 ], [ 90.763696812000035, 24.326074167000115 ], [ 90.7635378720002, 24.326072710000062 ], [ 90.762849560000063, 24.32572620500008 ], [ 90.762427092000109, 24.325333205999982 ], [ 90.762375772000155, 24.32499252700012 ], [ 90.762270163000039, 24.324844040000016 ], [ 90.762376779000135, 24.324748676000127 ], [ 90.762335624000173, 24.322502328000098 ], [ 90.762293391000185, 24.321901146000073 ], [ 90.762188169000183, 24.320403275000047 ], [ 90.761982192000062, 24.319230228000038 ], [ 90.761985816000049, 24.318496412000115 ], [ 90.762147672000083, 24.318059836000032 ], [ 90.762166902000104, 24.317835037000179 ], [ 90.762260514, 24.316740688000152 ], [ 90.762155224000196, 24.316644129000053 ], [ 90.761730832000069, 24.316542397000148 ], [ 90.761519619000069, 24.316347025000141 ], [ 90.761521567000045, 24.315986197000143 ], [ 90.76152225200002, 24.315859317000104 ], [ 90.761738389000072, 24.31512669000017 ], [ 90.762591101999988, 24.314546658000154 ], [ 90.763018432000194, 24.314111006000132 ], [ 90.763343456000086, 24.312842719000116 ], [ 90.763296052000101, 24.311817898000129 ], [ 90.763354329000038, 24.308764866000104 ], [ 90.763369671000021, 24.30796112400003 ], [ 90.7633316900002, 24.307789718000095 ], [ 90.76331664300011, 24.307721521000019 ], [ 90.763110741000105, 24.306788343000107 ], [ 90.762742959000036, 24.306054134000192 ], [ 90.762377125000171, 24.305026392000059 ], [ 90.762430421000147, 24.304978709000125 ], [ 90.762272869000071, 24.304586632999985 ], [ 90.762171212000112, 24.303756257000032 ], [ 90.76238532800005, 24.303513591000012 ], [ 90.762757739000051, 24.303272388000039 ], [ 90.762812326000187, 24.303028267 ], [ 90.762760033000063, 24.302832096000031 ], [ 90.762023139000178, 24.301754286000062 ], [ 90.761498806000077, 24.300481231000163 ], [ 90.761552105000135, 24.300433548 ], [ 90.761353678000148, 24.298832982000079 ], [ 90.76129782400011, 24.298382436000111 ], [ 90.761142193000126, 24.297793916000103 ], [ 90.761015257000111, 24.297538319000182 ], [ 90.76082677200003, 24.297158784000146 ], [ 90.759771865000062, 24.295931275999976 ], [ 90.759649958000182, 24.295817896000017 ], [ 90.758778758000062, 24.295007617000067 ], [ 90.758504180000102, 24.294752236000136 ], [ 90.757976905000078, 24.294113639000159 ], [ 90.757977562, 24.294016548 ], [ 90.758616370000141, 24.293629524000153 ], [ 90.759201516000019, 24.293436942000028 ], [ 90.759414369000183, 24.293293632000086 ], [ 90.760531040000103, 24.293005814000082 ], [ 90.76074463100008, 24.292900908999968 ], [ 90.76101825700016, 24.292766518000178 ], [ 90.761116235000088, 24.292718396000055 ], [ 90.761223781000126, 24.292474010000092 ], [ 90.761172148000185, 24.292180747000089 ], [ 90.76097407900005, 24.291774536000162 ], [ 90.760909745000049, 24.291630645000055 ], [ 90.760910642000056, 24.291495669000085 ], [ 90.761177739000061, 24.2911556520001 ], [ 90.761126105000017, 24.290862392000179 ], [ 90.760915579000198, 24.290567668000108 ], [ 90.760577819000162, 24.290507460000129 ], [ 90.760515491000149, 24.290490797000075 ], [ 90.760261309000043, 24.290450609000118 ], [ 90.760067637000191, 24.290269359000035 ], [ 90.759962729000051, 24.290026036000086 ], [ 90.759964675000049, 24.289732506000121 ], [ 90.760232105000114, 24.289345074000039 ], [ 90.760233102000143, 24.289098961000036 ], [ 90.760017381000125, 24.288898131999986 ], [ 90.759864020000123, 24.288755357000184 ], [ 90.7596259930001, 24.288785418000089 ], [ 90.759491722000064, 24.288802376000092 ], [ 90.759387000000117, 24.288704367000037 ], [ 90.759280550000199, 24.288604739000164 ], [ 90.75933514899998, 24.288362875000018 ], [ 90.759176940000145, 24.288164975000029 ], [ 90.758918304000076, 24.288202911000099 ], [ 90.758858215000146, 24.288211724000064 ], [ 90.75871673000006, 24.288114244000155 ], [ 90.75864673500007, 24.288066020000088 ], [ 90.758594123000137, 24.287917264000043 ], [ 90.758808555000144, 24.287627187999988 ], [ 90.758809889000077, 24.287333660000058 ], [ 90.758789433000118, 24.287311183000043 ], [ 90.758641533000173, 24.287146073000088 ], [ 90.758545799000046, 24.287039199000105 ], [ 90.757805073000043, 24.286643255000058 ], [ 90.757772947000035, 24.286639531000105 ], [ 90.757528992000061, 24.286611258000164 ], [ 90.757461843000101, 24.286575364000043 ], [ 90.757417425000142, 24.286570216000143 ], [ 90.756368541000199, 24.286448648000032 ], [ 90.756316600000105, 24.286429399000099 ], [ 90.755985801000179, 24.286307973000191 ], [ 90.755260638000095, 24.28604178500018 ], [ 90.754624839000201, 24.285891408000111 ], [ 90.753652026000054, 24.285626841000123 ], [ 90.753259131000164, 24.28551998800009 ], [ 90.752610963000166, 24.285343705000173 ], [ 90.751340779000031, 24.28465231000007 ], [ 90.750231126000187, 24.283716264000077 ], [ 90.75007327100019, 24.283470938 ], [ 90.749970727, 24.282787313000028 ], [ 90.749549103000163, 24.282297178000078 ], [ 90.748701904000143, 24.281901714000014 ], [ 90.748224684000093, 24.281800201000067 ], [ 90.747802032000095, 24.28155391700011 ], [ 90.747806080000089, 24.28077267700013 ], [ 90.747699708000141, 24.28065716499998 ], [ 90.747489395000059, 24.280428781000126 ], [ 90.746853633000057, 24.280278373000101 ], [ 90.746818974000121, 24.280283454000084 ], [ 90.746534928000074, 24.280325094000148 ], [ 90.746427734000065, 24.280422711000142 ], [ 90.746265493000067, 24.281006037000111 ], [ 90.746104970000033, 24.281250672000169 ], [ 90.745571773000052, 24.281686799000113 ], [ 90.744880726000133, 24.281877587000054 ], [ 90.744508053000118, 24.282069074000049 ], [ 90.744412324000109, 24.282172298000035 ], [ 90.743921186000136, 24.282701891000045 ], [ 90.74370701800018, 24.28304162 ], [ 90.743490862000101, 24.283674877000124 ], [ 90.743449476000194, 24.283940693999966 ], [ 90.743270630000154, 24.285089375000098 ], [ 90.743057452000073, 24.285282338000172 ], [ 90.742645329000197, 24.285405384 ], [ 90.742419339000151, 24.285472858000105 ], [ 90.742253680000033, 24.285364121999976 ], [ 90.741997735999973, 24.284982703000139 ], [ 90.741732641000169, 24.284932067000057 ], [ 90.741683988000148, 24.284958694000181 ], [ 90.741654518000189, 24.284914776000107 ], [ 90.741434777000052, 24.284872802 ], [ 90.74138942400009, 24.284864139000092 ], [ 90.741123006000066, 24.285009942000158 ], [ 90.740854530000092, 24.285544106000145 ], [ 90.740588058000071, 24.285786997000059 ], [ 90.740555447000133, 24.285786694000137 ], [ 90.740269665000085, 24.285784030000116 ], [ 90.739854047000165, 24.285311756999988 ], [ 90.739794819000053, 24.285244455000111 ], [ 90.739476438999986, 24.285243749000074 ], [ 90.73911006700007, 24.285442322000051 ], [ 90.738677767000183, 24.285676626000111 ], [ 90.738616810000053, 24.285685559 ], [ 90.738544094000076, 24.285595602000114 ], [ 90.738494515000127, 24.285008798999968 ], [ 90.738126609000062, 24.284324194000078 ], [ 90.73791514800007, 24.284176203000186 ], [ 90.737723403000075, 24.284214273000146 ], [ 90.737437209000063, 24.284271096000168 ], [ 90.737337116, 24.284154889000035 ], [ 90.737015013000075, 24.283780928999988 ], [ 90.735542653000152, 24.281329247000031 ], [ 90.73539703900019, 24.281139586000052 ], [ 90.735015894000185, 24.280643147000092 ], [ 90.734911698000076, 24.280300455000145 ], [ 90.734966, 24.28010601800014 ], [ 90.735285771000179, 24.279815461000169 ], [ 90.735202335000054, 24.279691395000043 ], [ 90.735022423000089, 24.279423869000084 ], [ 90.735023426000055, 24.279277100000115 ], [ 90.735822730000109, 24.278744895000045 ], [ 90.735983946000147, 24.278403176000097 ], [ 90.736022010999989, 24.277942910000036 ], [ 90.736040361000107, 24.277721028000144 ], [ 90.735989738000114, 24.277378077000094 ], [ 90.735726392000174, 24.276986485000066 ], [ 90.735662147000085, 24.276950667000108 ], [ 90.735461990000147, 24.276838742000166 ], [ 90.735370207000074, 24.276817204000167 ], [ 90.735037762, 24.276739191 ], [ 90.735003455000083, 24.276743732000114 ], [ 90.734694570000045, 24.276671247000081 ], [ 90.734207532000084, 24.27673572100008 ], [ 90.733765674000097, 24.276436010000054 ], [ 90.733439261000171, 24.276379443999986 ], [ 90.733175948000166, 24.27632957700007 ], [ 90.732760031000112, 24.275991544000078 ], [ 90.732548975000043, 24.275696779999976 ], [ 90.732340610000165, 24.275011393000057 ], [ 90.732342681000034, 24.274620770000126 ], [ 90.732187571000168, 24.273987056000124 ], [ 90.731818039000132, 24.273544036000033 ], [ 90.731142684000133, 24.27324473300007 ], [ 90.730826855000032, 24.273103905000141 ], [ 90.730706845000043, 24.27305039100014 ], [ 90.730534368000065, 24.273058556000024 ], [ 90.730363664000151, 24.272982437000053 ], [ 90.72946120600011, 24.273025156000131 ], [ 90.729213397000137, 24.273098787000094 ], [ 90.729186571000014, 24.273106758000097 ], [ 90.729114434, 24.273039975000188 ], [ 90.729170085000078, 24.272649097000169 ], [ 90.729091586000095, 24.272551961000147 ], [ 90.729011951000132, 24.272453420000033 ], [ 90.72873883, 24.272472153000081 ], [ 90.728374891000044, 24.272497115000192 ], [ 90.728055185000017, 24.272690565000062 ], [ 90.727204005000146, 24.272979132000046 ], [ 90.726990486000147, 24.273221745000114 ], [ 90.726935431000129, 24.273610361000124 ], [ 90.726774197000111, 24.273952070000064 ], [ 90.726401185000157, 24.27419318800014 ], [ 90.725658541000143, 24.274187703000109 ], [ 90.725238140000101, 24.274108426000055 ], [ 90.725075121000032, 24.274136296000052 ], [ 90.724954171000149, 24.27405162600013 ], [ 90.724894960000142, 24.274040460000094 ], [ 90.72473194000014, 24.274068330000091 ], [ 90.724520510000048, 24.273920320000116 ], [ 90.724066210000103, 24.273790979000125 ], [ 90.723990096000023, 24.273769309000102 ], [ 90.723738970000056, 24.273725774000184 ], [ 90.723407013000042, 24.273668225000108 ], [ 90.72314331400014, 24.273423371000092 ], [ 90.723113159000036, 24.271697377000123 ], [ 90.723111350000181, 24.271593873000086 ], [ 90.723103238000192, 24.271129564000091 ], [ 90.722949300000096, 24.270150380000075 ], [ 90.722951874000103, 24.269710336000117 ], [ 90.722952431000067, 24.269615248000036 ], [ 90.722690091000061, 24.269173953000063 ], [ 90.721844145000034, 24.268534478000163 ], [ 90.72190015200016, 24.26809392600012 ], [ 90.722015509000187, 24.267849807000061 ], [ 90.722222025, 24.267412776000072 ], [ 90.722283268000012, 24.266046474000177 ], [ 90.722605414000043, 24.265414998000153 ], [ 90.72283520600007, 24.264756437000131 ], [ 90.72288582800013, 24.264611360000117 ], [ 90.722928965000108, 24.264487729999985 ], [ 90.723355658000116, 24.264052190000029 ], [ 90.723592382000163, 24.264228797000158 ], [ 90.72369881100019, 24.264120160000118 ], [ 90.723963453000067, 24.264317593000044 ], [ 90.724106918000132, 24.26455131400013 ], [ 90.724149028000056, 24.264545147000035 ], [ 90.724415436000072, 24.264401631000055 ], [ 90.724577336000152, 24.264204639000127 ], [ 90.72489607600005, 24.263816809000161 ], [ 90.725218948000133, 24.262991146000161 ], [ 90.725328969000088, 24.26230648600017 ], [ 90.725279128000125, 24.261769350000122 ], [ 90.724963581000054, 24.261280896000073 ], [ 90.724500385000056, 24.260914436000121 ], [ 90.724479693000148, 24.260898065999982 ], [ 90.724277073000053, 24.26073776000004 ], [ 90.724171576000117, 24.2605914990001 ], [ 90.724173338000128, 24.260250555000141 ], [ 90.724280934000149, 24.260006191000173 ], [ 90.724361424000051, 24.259892053000158 ], [ 90.724405054000101, 24.259830184000123 ], [ 90.725011699000106, 24.258969930000148 ], [ 90.725137251000035, 24.258791889000065 ], [ 90.72604885200019, 24.257710357000121 ], [ 90.72636589200016, 24.257334213000092 ], [ 90.727489006000155, 24.255730271000061 ], [ 90.728237339000032, 24.254807733000121 ], [ 90.728827549000187, 24.253689517000169 ], [ 90.72877668700005, 24.253299150000089 ], [ 90.72872230500019, 24.253263283000024 ], [ 90.728900746000079, 24.253223909000155 ], [ 90.728590839000105, 24.25302192900017 ], [ 90.728486252000096, 24.253021177999983 ], [ 90.728349326000114, 24.253020195000033 ], [ 90.728247713000144, 24.252953969000032 ], [ 90.726624047000087, 24.252942301000132 ], [ 90.726098053000101, 24.252810319000048 ], [ 90.725516822000088, 24.25236828900006 ], [ 90.724055177000196, 24.250414859999978 ], [ 90.723094367999977, 24.249130737000087 ], [ 90.72304277600017, 24.2489345460001 ], [ 90.722411404000184, 24.248002784000107 ], [ 90.721050071000036, 24.246508616000085 ], [ 90.720934585000066, 24.246381858000063 ], [ 90.72046058900014, 24.245842211000138 ], [ 90.720197694000149, 24.245400911 ], [ 90.719992593000143, 24.244180368 ], [ 90.719727295000041, 24.243685195000182 ], [ 90.719414614000186, 24.243101576000129 ], [ 90.719155215000114, 24.242075467 ], [ 90.719209178000085, 24.241928449000113 ], [ 90.719742653000083, 24.241444999000066 ], [ 90.720273668, 24.241399585000067 ], [ 90.720486116000188, 24.241301491000115 ], [ 90.720753498000136, 24.241011216000174 ], [ 90.720914094000079, 24.240669515000036 ], [ 90.720931986000153, 24.240561738999986 ], [ 90.721187020000116, 24.239025388000186 ], [ 90.721445822000192, 24.238971405000029 ], [ 90.722065395000016, 24.239131347000125 ], [ 90.722871808000036, 24.239454911999985 ], [ 90.72348746800003, 24.239656504000152 ], [ 90.723857357000156, 24.239777620000041 ], [ 90.724753194000129, 24.240019465000103 ], [ 90.724842928000101, 24.240019038000128 ], [ 90.725468500000147, 24.24001605899997 ], [ 90.725860088000047, 24.240034065000032 ], [ 90.726002364000067, 24.240040607000083 ], [ 90.727223774000095, 24.240048464000097 ], [ 90.728419914000085, 24.240056149000111 ], [ 90.728459311000051, 24.24005596100011 ], [ 90.728818349000107, 24.239981651000164 ], [ 90.729352725000126, 24.239871050000147 ], [ 90.730176923999977, 24.239855808000129 ], [ 90.731109053000125, 24.239767793000055 ], [ 90.73120961300009, 24.23976250000004 ], [ 90.731300591000149, 24.239757713000074 ], [ 90.732430960000158, 24.239698217000125 ], [ 90.733471791000056, 24.239672882000093 ], [ 90.734213557000146, 24.239775426000051 ], [ 90.735626596000088, 24.239924396000106 ], [ 90.735771126000145, 24.239971408000088 ], [ 90.737220289000049, 24.240442770000016 ], [ 90.738521091, 24.241088989000104 ], [ 90.739221385000064, 24.241521124000087 ], [ 90.739969403000146, 24.241982702000087 ], [ 90.740604964000056, 24.242374881000103 ], [ 90.741838623000035, 24.24353845100012 ], [ 90.74309240600013, 24.244427301000087 ], [ 90.744353317000105, 24.245321181000179 ], [ 90.744683484000177, 24.245671793000042 ], [ 90.744950685000163, 24.245954108000035 ], [ 90.745021698000073, 24.24602913800004 ], [ 90.745638148000126, 24.246486724000079 ], [ 90.746795908000138, 24.2473910060001 ], [ 90.747588744000041, 24.248010245999978 ], [ 90.748409624000089, 24.248471333000055 ], [ 90.748916393000172, 24.248683655000036 ], [ 90.749895731000038, 24.249093963000064 ], [ 90.750562412000022, 24.249503864000133 ], [ 90.750715716000116, 24.249505367000154 ], [ 90.75107461500005, 24.249711318000038 ], [ 90.752032668000197, 24.250018926000109 ], [ 90.752324256000179, 24.250112547000128 ], [ 90.753533221999987, 24.250500704 ], [ 90.754147350000039, 24.250660228000072 ], [ 90.754258875000119, 24.250667969000062 ], [ 90.754490481000062, 24.250728129000095 ], [ 90.755334467000068, 24.25078670500011 ], [ 90.756163935000131, 24.25084426799998 ], [ 90.756244424000158, 24.250898185000096 ], [ 90.756492954000123, 24.250902711000151 ], [ 90.758289831000184, 24.250935418000097 ], [ 90.758555145000116, 24.250959443000056 ], [ 90.761716536000108, 24.251245689000086 ], [ 90.76184340400016, 24.251293994000093 ], [ 90.762126257000034, 24.251401689000033 ], [ 90.762462664000054, 24.25146701 ], [ 90.763574887000118, 24.251680012000065 ], [ 90.76389714600009, 24.251741355000092 ], [ 90.765233815999977, 24.252214332000051 ], [ 90.765336621000074, 24.252315419000126 ], [ 90.765807084000187, 24.252437461000113 ], [ 90.765951383000129, 24.252474894000102 ], [ 90.767452831000185, 24.252704756000128 ], [ 90.76779327100013, 24.252756873000067 ], [ 90.767945982000072, 24.252659013000141 ], [ 90.768355133000057, 24.252717910000115 ], [ 90.768787727000131, 24.252584999000078 ], [ 90.768967811000152, 24.252529669000126 ], [ 90.769223343000135, 24.252535150000085 ], [ 90.769737312000132, 24.252243907999969 ], [ 90.769987228, 24.252102292000188 ], [ 90.771359883000173, 24.25083545200016 ], [ 90.771413456000062, 24.250776210000083 ], [ 90.772020373000089, 24.250105071000064 ], [ 90.773139579000144, 24.249182696 ], [ 90.774129791, 24.248566770000025 ], [ 90.774921910000103, 24.24807405100006 ], [ 90.77525705100004, 24.247930619000044 ], [ 90.775482530000147, 24.247834119000061 ], [ 90.775634940000145, 24.247688839000148 ], [ 90.776399995000077, 24.247355288000165 ], [ 90.776623034000181, 24.24720429600012 ], [ 90.776756211000077, 24.247114138000086 ], [ 90.777011429000083, 24.247069933000091 ], [ 90.778692396000167, 24.246006920000127 ], [ 90.779963316000135, 24.24483987300016 ], [ 90.780570183000179, 24.243809432000035 ], [ 90.780618867000101, 24.243414058000042 ], [ 90.780770648000157, 24.243167172000028 ], [ 90.781323384000075, 24.241540934000113 ], [ 90.781757825000057, 24.240694744000109 ], [ 90.781777830000181, 24.240655777000143 ], [ 90.782111957000041, 24.240203524000151 ], [ 90.782285194000053, 24.239969039000187 ], [ 90.782363429000043, 24.239801216000046 ], [ 90.782537358000127, 24.239428113000031 ], [ 90.782635924000147, 24.238836046000131 ], [ 90.78263197400014, 24.238190318000022 ], [ 90.782527651000123, 24.237840887000118 ], [ 90.78257815000012, 24.237743538000132 ], [ 90.781965310000032, 24.235548090000066 ], [ 90.781951308000146, 24.235497929000076 ], [ 90.781588776000149, 24.234698251000168 ], [ 90.780867350000165, 24.23369268800019 ], [ 90.78091208800015, 24.232651585000099 ], [ 90.781011555000077, 24.23220627500001 ], [ 90.781163336000134, 24.231961648000151 ], [ 90.781202882000059, 24.231683727000132 ], [ 90.78121231700004, 24.231615943000065 ], [ 90.781414590000168, 24.231172363000098 ], [ 90.783189320000076, 24.228873769000188 ], [ 90.784255942000073, 24.227750637000156 ], [ 90.784622923000143, 24.22741994200004 ], [ 90.785120305000078, 24.22697173600011 ], [ 90.78588398100004, 24.226538800000128 ], [ 90.786239819000173, 24.226247958000044 ], [ 90.787155865999978, 24.225570380000136 ], [ 90.788175011000021, 24.225043542000094 ], [ 90.788481266000076, 24.224999057000048 ], [ 90.78985804600012, 24.224477128000103 ], [ 90.790775597999982, 24.22404788700004 ], [ 90.790878219000035, 24.223969890000035 ], [ 90.791029844000093, 24.223854648000099 ], [ 90.791183116000127, 24.223856109000167 ], [ 90.791793176000169, 24.223372013000073 ], [ 90.79214714800014, 24.22268378300015 ], [ 90.792157184000075, 24.222657586000025 ], [ 90.79229797500011, 24.222290131000079 ], [ 90.792293963000134, 24.221641737000084 ], [ 90.792292750000115, 24.221445717 ], [ 90.792082543000049, 24.220498508000048 ], [ 90.791563985000153, 24.219214826999973 ], [ 90.791485987000101, 24.219021739000027 ], [ 90.790993073000152, 24.217801507000104 ], [ 90.790781349000042, 24.216605939000146 ], [ 90.790672422000171, 24.215511440000057 ], [ 90.790745787000105, 24.214424544000053 ], [ 90.790766031000032, 24.214124624000078 ], [ 90.79101459300017, 24.213014436000094 ], [ 90.791117449000126, 24.212555030999965 ], [ 90.7911643340002, 24.21234561700004 ], [ 90.791208681000057, 24.211254839000048 ], [ 90.790893888000198, 24.209910785000034 ], [ 90.790944355000192, 24.209811177000176 ], [ 90.790892048000046, 24.209612757000059 ], [ 90.79062900100007, 24.208855484000026 ], [ 90.790528007000034, 24.208564738000121 ], [ 90.790578168000195, 24.208415458000047 ], [ 90.790545136000105, 24.208351536000066 ], [ 90.790216278000116, 24.207715138000026 ], [ 90.790058430000158, 24.206968603000121 ], [ 90.789743161000104, 24.206211230000122 ], [ 90.789405231000046, 24.205633074000048 ], [ 90.788869077000072, 24.204714640000077 ], [ 90.788457032, 24.204161338000119 ], [ 90.787954411000101, 24.203501426000059 ], [ 90.786809189000166, 24.201997787000096 ], [ 90.786662165000109, 24.201806627000053 ], [ 90.786345152000081, 24.201392815000133 ], [ 90.786189772000171, 24.201043646000073 ], [ 90.78608242700011, 24.20019749800008 ], [ 90.786125896000044, 24.199097239000082 ], [ 90.786074528000086, 24.198808949000011 ], [ 90.786223520000135, 24.198117271000172 ], [ 90.786258602000032, 24.197163575000161 ], [ 90.786267299000087, 24.19692714700011 ], [ 90.78634150400012, 24.196693377000145 ], [ 90.78651784300007, 24.196137856000064 ], [ 90.787026230000095, 24.195649791000108 ], [ 90.787070310000047, 24.195631757000058 ], [ 90.788300556000195, 24.195128408000073 ], [ 90.789802650000127, 24.193614440000033 ], [ 90.790331608000031, 24.193081290000123 ], [ 90.790891364000174, 24.192644874000109 ], [ 90.791000471000075, 24.192640947000029 ], [ 90.79110898600004, 24.192552571000192 ], [ 90.79236626900007, 24.191528600000083 ], [ 90.793078640000147, 24.1910959 ], [ 90.793689451000148, 24.190659208000113 ], [ 90.794097181000097, 24.19051935400006 ], [ 90.794415477000143, 24.190346097000031 ], [ 90.795421266000176, 24.189798962000168 ], [ 90.795675425000127, 24.189603461000047 ], [ 90.797254894000162, 24.188888493000036 ], [ 90.797619208000128, 24.188794016000145 ], [ 90.798014821000095, 24.188691209000069 ], [ 90.798683265000136, 24.188517499000113 ], [ 90.799602375000177, 24.188383982000175 ], [ 90.799960245000136, 24.188440808000053 ], [ 90.804094855000073, 24.18777104600008 ], [ 90.804749355000069, 24.187746689000107 ], [ 90.804825153000138, 24.187821771000074 ], [ 90.804825776000087, 24.187921115000108 ], [ 90.804755704000115, 24.188325642000109 ], [ 90.804738208000117, 24.188426448000087 ], [ 90.80462861400008, 24.189057862000141 ], [ 90.804428347000169, 24.18970015400015 ], [ 90.804430840000066, 24.19009752400018 ], [ 90.8045865630001, 24.190496346000145 ], [ 90.805410080000115, 24.191503519000094 ], [ 90.805923066999981, 24.19185980900005 ], [ 90.806058461000191, 24.191783409000152 ], [ 90.806266064000056, 24.191927597000188 ], [ 90.806520534000128, 24.191784004999988 ], [ 90.807231600000193, 24.191053208000028 ], [ 90.808494832000065, 24.18879316400006 ], [ 90.80879598100006, 24.187953898000103 ], [ 90.808971526000107, 24.187612132000083 ], [ 90.809250674000111, 24.187068658000044 ], [ 90.809954499000128, 24.185197665000032 ], [ 90.810156611000195, 24.184853395000175 ], [ 90.81023669200016, 24.18455079000006 ], [ 90.810705303000077, 24.182780015 ], [ 90.811509964000152, 24.180709786000079 ], [ 90.812120661000165, 24.180273025000076 ], [ 90.813124562000155, 24.179952492000098 ], [ 90.813292905000139, 24.179898742000091 ], [ 90.813446439000074, 24.179949855000132 ], [ 90.813599344000181, 24.179804537000052 ], [ 90.813923213000066, 24.179714816000171 ], [ 90.814289115000122, 24.17961345000009 ], [ 90.814370334000046, 24.179590859000086 ], [ 90.815282302000185, 24.179337199000088 ], [ 90.816074733999983, 24.179081019000023 ], [ 90.816148709000174, 24.179057104000094 ], [ 90.816811095000105, 24.17872165100016 ], [ 90.816964314000074, 24.17872308799997 ], [ 90.817124922000062, 24.17861033700018 ], [ 90.817813404000162, 24.178127002000053 ], [ 90.81813429400006, 24.177901726000073 ], [ 90.818743387000097, 24.177315926000063 ], [ 90.819257769000046, 24.176684593000175 ], [ 90.819301389000088, 24.176631054000097 ], [ 90.819327576000035, 24.176579988000128 ], [ 90.819755353000176, 24.175745788000029 ], [ 90.820157610000138, 24.174761454000134 ], [ 90.820293641000092, 24.174316327000156 ], [ 90.820308278000198, 24.174268429999984 ], [ 90.820306373000108, 24.173970401000133 ], [ 90.82040756900011, 24.173823094000113 ], [ 90.820405027000106, 24.173425724000083 ], [ 90.820512091000069, 24.173226558000124 ], [ 90.820526337, 24.173248957000112 ], [ 90.820660083000064, 24.173381453000047 ], [ 90.820673252000176, 24.173455752000109 ], [ 90.820766040000194, 24.173979217000124 ], [ 90.821077229000139, 24.174727152000116 ], [ 90.821246519000113, 24.175471512000058 ], [ 90.821655250000049, 24.177268653000169 ], [ 90.822018173000174, 24.178117913000108 ], [ 90.82223211400003, 24.178694926000162 ], [ 90.822278010000105, 24.178818707000175 ], [ 90.822486450000099, 24.179467847000069 ], [ 90.822488027000134, 24.179713945000174 ], [ 90.82359705000016, 24.182706359000122 ], [ 90.823837025000046, 24.183353849000071 ], [ 90.824757657000191, 24.185137050000094 ], [ 90.824822460000121, 24.185262447000071 ], [ 90.825303455000039, 24.185965502000045 ], [ 90.825338031000058, 24.186016041000073 ], [ 90.825353657999983, 24.186050015000035 ], [ 90.825545218000059, 24.1864664900001 ], [ 90.826009407000186, 24.187170686000115 ], [ 90.826575423000122, 24.187824655000156 ], [ 90.82739842400008, 24.188633019000065 ], [ 90.828108096000165, 24.189038490000144 ], [ 90.828334281000139, 24.189167720000171 ], [ 90.828474939000046, 24.189248083000166 ], [ 90.82867013800012, 24.189454265000165 ], [ 90.829081935000033, 24.18988922799997 ], [ 90.829812614000161, 24.190660999000158 ], [ 90.830277466999974, 24.191462264000108 ], [ 90.830791808000185, 24.192017152 ], [ 90.831008405000091, 24.192437140000152 ], [ 90.831360782, 24.193120400000169 ], [ 90.831566716000168, 24.193372157000113 ], [ 90.83173273400007, 24.193755835000104 ], [ 90.831825981000065, 24.193971332000046 ], [ 90.832651634000058, 24.195177032000174 ], [ 90.833835547000035, 24.196586234000051 ], [ 90.835168689000056, 24.197792976000073 ], [ 90.835472455000115, 24.198067936000086 ], [ 90.83573721700003, 24.198307589000137 ], [ 90.836609811000073, 24.198869524000145 ], [ 90.836748104000094, 24.198972185000059 ], [ 90.837225725000053, 24.199326742000153 ], [ 90.837431683000034, 24.199578490000192 ], [ 90.838612078000097, 24.200341924000099 ], [ 90.83906989500008, 24.200791813000137 ], [ 90.839228986000194, 24.200948147000076 ], [ 90.839759660000198, 24.201437773000123 ], [ 90.840051210000183, 24.201706769000168 ], [ 90.840768706, 24.202598852000165 ], [ 90.841077708, 24.20298303900006 ], [ 90.841184801000111, 24.203116187999967 ], [ 90.841443493000156, 24.203618261000031 ], [ 90.841911734000121, 24.204916195000123 ], [ 90.842023680000125, 24.206405754 ], [ 90.842021383000031, 24.206501133000188 ], [ 90.84200736400004, 24.207083396000144 ], [ 90.841983066000125, 24.208092591000081 ], [ 90.841431204000116, 24.209619687000099 ], [ 90.841128593000064, 24.210210658000051 ], [ 90.841081136000128, 24.210365997000054 ], [ 90.840977965000036, 24.210703701000114 ], [ 90.840825687000063, 24.210851302000151 ], [ 90.840804748000153, 24.210904679 ], [ 90.840574479000054, 24.211491658 ], [ 90.839783465000153, 24.213032260000148 ], [ 90.83946421700017, 24.213654025000153 ], [ 90.83914195400007, 24.214886417000173 ], [ 90.839115371000105, 24.214988076000111 ], [ 90.838926521000133, 24.215308869000125 ], [ 90.83891267600012, 24.215332386 ], [ 90.838446715000032, 24.215737897000054 ], [ 90.838353933000178, 24.215818643000034 ], [ 90.837691059, 24.216005175000191 ], [ 90.837466156000175, 24.216037059000143 ], [ 90.837424253000165, 24.215915998000185 ], [ 90.837327937000168, 24.215637739000158 ], [ 90.83719416200006, 24.215251254000066 ], [ 90.836830601000088, 24.214431396000066 ], [ 90.836762093000061, 24.214307591000022 ], [ 90.836516620000111, 24.21394542600018 ], [ 90.834790859000066, 24.213851035000118 ], [ 90.834168216000137, 24.213849565000146 ], [ 90.831622404000143, 24.213843532000112 ], [ 90.830907509000099, 24.213980646999971 ], [ 90.830040919000169, 24.214263088000166 ], [ 90.828207835000171, 24.215370382000117 ], [ 90.827242897000076, 24.216247155000133 ], [ 90.826581309000062, 24.216731671000048 ], [ 90.825654265000082, 24.217492216000039 ], [ 90.825478665000162, 24.217636276 ], [ 90.825028356000075, 24.218148989999975 ], [ 90.82505756, 24.218191731000047 ], [ 90.824957295000161, 24.218488052000168 ], [ 90.824652668999988, 24.218780966000054 ], [ 90.824067932000048, 24.219541747000051 ], [ 90.824083890000111, 24.21957044200019 ], [ 90.824188311000114, 24.219919843000071 ], [ 90.824370626000189, 24.220186198000135 ], [ 90.824394596000047, 24.220221278000054 ], [ 90.824294328000121, 24.220517599000118 ], [ 90.823989696000126, 24.220810512000128 ], [ 90.82392472700019, 24.220895039000084 ], [ 90.822823840000126, 24.222327317000122 ], [ 90.822759611000038, 24.222452126000064 ], [ 90.822735465000164, 24.222715482000183 ], [ 90.822757241000033, 24.222896218000017 ], [ 90.822843395000064, 24.223611265000159 ], [ 90.823261064000064, 24.22500661600003 ], [ 90.823262663000094, 24.225254971000084 ], [ 90.82351562100007, 24.226218749000054 ], [ 90.823576892000062, 24.226452191000192 ], [ 90.82368003900018, 24.226602907000029 ], [ 90.824046001000056, 24.227899189000027 ], [ 90.824048240000195, 24.228246887000182 ], [ 90.824309144000097, 24.229094426000017 ], [ 90.824370491000082, 24.230782964000127 ], [ 90.824268926000116, 24.230878344000018 ], [ 90.824273402000131, 24.231573735000097 ], [ 90.824122666000108, 24.231967419000171 ], [ 90.824175688000082, 24.232267425000146 ], [ 90.824074775000156, 24.232464402000176 ], [ 90.824063588, 24.232543489000022 ], [ 90.823928191000107, 24.233503807000091 ], [ 90.823734957000113, 24.234054107000134 ], [ 90.822924134000061, 24.236363157000085 ], [ 90.822519827000121, 24.237148816000172 ], [ 90.822673767000026, 24.23725184500006 ], [ 90.823020990000089, 24.237273497000103 ], [ 90.824872877000132, 24.237388958000111 ], [ 90.8260500720001, 24.237707703000126 ], [ 90.826306855000098, 24.237911775000157 ], [ 90.826650967000148, 24.238060737000012 ], [ 90.827383439000187, 24.238377814000046 ], [ 90.827793837, 24.238632978000055 ], [ 90.828308335000145, 24.239088521000156 ], [ 90.828374829000154, 24.239185245000158 ], [ 90.828824152000095, 24.239842089000149 ], [ 90.829135239000152, 24.24054032700019 ], [ 90.829346400000134, 24.241586815000119 ], [ 90.829306590000044, 24.243422659000089 ], [ 90.829466326000102, 24.244417496000096 ], [ 90.829472429000191, 24.245358984000177 ], [ 90.829576244000179, 24.245609037000179 ], [ 90.829737274000138, 24.24680255800007 ], [ 90.829945872000167, 24.247451677000072 ], [ 90.829898307000065, 24.247996075000174 ], [ 90.829952317000107, 24.24844509400009 ], [ 90.830160262000163, 24.248992612999984 ], [ 90.830110132000073, 24.249141904 ], [ 90.830832459000078, 24.25014764000008 ], [ 90.831346909000047, 24.250652418000129 ], [ 90.831765620000112, 24.250889148000169 ], [ 90.832885520000048, 24.251522303000058 ], [ 90.833320737000065, 24.251664635000111 ], [ 90.834007904000032, 24.251889359000074 ], [ 90.835023024000179, 24.251809011000148 ], [ 90.835393143000147, 24.251914965000026 ], [ 90.838207206, 24.253350229000148 ], [ 90.83844275600012, 24.253309335000154 ], [ 90.83879752900009, 24.252770015000067 ], [ 90.839305314000114, 24.252281779000043 ], [ 90.839571845000194, 24.252138652000156 ], [ 90.840762600000062, 24.252257927000187 ], [ 90.840797885000029, 24.252287085000091 ], [ 90.841070861000048, 24.252511358000106 ], [ 90.841225799000085, 24.252761121000049 ], [ 90.841436755000132, 24.253757919000122 ], [ 90.841748289000179, 24.254508055000031 ], [ 90.842262940000012, 24.255062889999977 ], [ 90.84282734400017, 24.255319414000098 ], [ 90.843033077000086, 24.255521478000105 ], [ 90.84375119200007, 24.255932939000161 ], [ 90.84446048500007, 24.256412392000129 ], [ 90.84467883300016, 24.256559983000159 ], [ 90.844716467000069, 24.256586194000079 ], [ 90.845489531000112, 24.256209249000108 ], [ 90.845975030000034, 24.255972517000032 ], [ 90.846686893000026, 24.255437966000102 ], [ 90.847499615000174, 24.254609330000108 ], [ 90.847752515000138, 24.25421731800003 ], [ 90.848514110000167, 24.25338670300016 ], [ 90.848717871000076, 24.253290740000125 ], [ 90.849289282000143, 24.253251646000081 ], [ 90.850353522000091, 24.253270315000123 ], [ 90.851187522000032, 24.253276777999986 ], [ 90.854664467000191, 24.253303673 ], [ 90.855261266000127, 24.253308107 ], [ 90.855287193000038, 24.253308133000019 ], [ 90.855439167000156, 24.253110848000119 ], [ 90.85543686200009, 24.25276591700009 ], [ 90.855436179000094, 24.252663816000108 ], [ 90.855586178000181, 24.25217076399997 ], [ 90.855732185000079, 24.25108166900003 ], [ 90.855884173000049, 24.250886641000022 ], [ 90.856696445000125, 24.250702476000185 ], [ 90.857206695000059, 24.250761070000067 ], [ 90.85803010900014, 24.250675865 ], [ 90.860730666000052, 24.250575072000117 ], [ 90.861371315000042, 24.250605051000036 ], [ 90.862323404, 24.250651589000142 ], [ 90.862733518000198, 24.250757639000028 ], [ 90.863653733000035, 24.250824669000053 ], [ 90.863768202000188, 24.250909817000036 ], [ 90.863859153000135, 24.25097703400013 ], [ 90.863558554000065, 24.251863809000099 ], [ 90.863345285000094, 24.252930098000093 ], [ 90.863261974000068, 24.253346626000109 ], [ 90.862960763000103, 24.254235662000099 ], [ 90.862618087000158, 24.256461563000187 ], [ 90.862466450000113, 24.256708527000171 ], [ 90.862565078000102, 24.256828980000137 ], [ 90.862298748000114, 24.258558909000158 ], [ 90.862147108000158, 24.258805872000096 ], [ 90.8621215080002, 24.258805267000128 ], [ 90.861992719999989, 24.258802602000173 ], [ 90.861967101000118, 24.258802378000155 ], [ 90.861943551000138, 24.258822131999978 ], [ 90.861906769000086, 24.258863841000164 ], [ 90.86201000900013, 24.258989926000027 ], [ 90.862675062000164, 24.259099045000085 ], [ 90.865936611999985, 24.259227792000161 ], [ 90.867175024000176, 24.259276659000022 ], [ 90.868710215000078, 24.259502712000028 ], [ 90.869836614000121, 24.259821401000181 ], [ 90.870709765000129, 24.260380859000122 ], [ 90.870806584000093, 24.260476210999968 ], [ 90.869964605000121, 24.261949130000119 ], [ 90.86885139900005, 24.263664663000043 ], [ 90.868599573000154, 24.26420798200013 ], [ 90.867485320000071, 24.26577449500013 ], [ 90.866396081000119, 24.267750388000138 ], [ 90.866374085000075, 24.267790289000118 ], [ 90.86617756000004, 24.26797929900016 ], [ 90.866222429000118, 24.268034999000122 ], [ 90.865818930000046, 24.268823018000035 ], [ 90.865463893000083, 24.269312728000045 ], [ 90.865515334000122, 24.269362109000156 ], [ 90.865313582000169, 24.269756117999975 ], [ 90.865238888000192, 24.269898117000082 ], [ 90.864546308000058, 24.271214747000158 ], [ 90.864253382000186, 24.271771607000062 ], [ 90.863951730999986, 24.272509372000059 ], [ 90.863902643000188, 24.272807682000064 ], [ 90.864005875000032, 24.272958370000083 ], [ 90.864039700000092, 24.272947946000102 ], [ 90.863590796000096, 24.273801302000038 ], [ 90.863289136000162, 24.274539065000056 ], [ 90.863240045999987, 24.274837375000061 ], [ 90.863343279000105, 24.274988064000183 ], [ 90.863649287000044, 24.274893755000107 ], [ 90.864157059000092, 24.274405436999984 ], [ 90.864813763000086, 24.273177965000059 ], [ 90.865064961000087, 24.272537573000022 ], [ 90.865369896000175, 24.272194907000085 ], [ 90.865937480000071, 24.271908204000056 ], [ 90.866799705000119, 24.272021942000038 ], [ 90.866877495000153, 24.272389089000171 ], [ 90.866470905000085, 24.273181676000092 ], [ 90.86583743500006, 24.274416510000094 ], [ 90.865553326999986, 24.274970318000101 ], [ 90.864691495000102, 24.276095100000077 ], [ 90.864679591000197, 24.276124303000131 ], [ 90.864590948000057, 24.276341773000183 ], [ 90.864541845000133, 24.276637826000069 ], [ 90.864625646000093, 24.276879345000054 ], [ 90.864698219000104, 24.277088501000151 ], [ 90.864772521000077, 24.277154311000061 ], [ 90.865037175000111, 24.277388721000079 ], [ 90.865212391000057, 24.277543913000159 ], [ 90.8654566310002, 24.277614825000171 ], [ 90.865570857000193, 24.277647989000059 ], [ 90.865979785000093, 24.27765695 ], [ 90.866183570000032, 24.27756096100012 ], [ 90.866490873000146, 24.277565981 ], [ 90.867715607000036, 24.277290316000062 ], [ 90.868482928, 24.277301739 ], [ 90.868936938000104, 24.277456739000058 ], [ 90.869714021000163, 24.277870442999983 ], [ 90.871095132000164, 24.278043160000152 ], [ 90.871507375000078, 24.278447204000031 ], [ 90.871682337000152, 24.278711385000122 ], [ 90.871789740000054, 24.278873556000121 ], [ 90.871972147000122, 24.279148974000179 ], [ 90.872383781999986, 24.279553022000016 ], [ 90.872913248000145, 24.279832101000125 ], [ 90.873358371999984, 24.280066722000072 ], [ 90.873666359000197, 24.28017107 ], [ 90.874024173000123, 24.280178042000045 ], [ 90.87463585900008, 24.279939712000044 ], [ 90.875043028000107, 24.27960095300017 ], [ 90.875247718000196, 24.279289122000023 ], [ 90.875397095000039, 24.279061554000066 ], [ 90.875488242000188, 24.278768859000081 ], [ 90.875519305000182, 24.278669108000088 ], [ 90.875597131000063, 24.278419185000075 ], [ 90.875949830000195, 24.277681106000045 ], [ 90.875995248000038, 24.277477900000122 ], [ 90.876448628000048, 24.277448597999978 ], [ 90.877471951000075, 24.277616546000047 ], [ 90.877779319000126, 24.277720888000147 ], [ 90.8779295880002, 24.27786722999997 ], [ 90.877935386000161, 24.278119620000098 ], [ 90.87809691800004, 24.279313071000161 ], [ 90.878335621000133, 24.28013195300008 ], [ 90.878882093000072, 24.282006618000025 ], [ 90.87893833000004, 24.282751368000163 ], [ 90.878699814000186, 24.285227310000039 ], [ 90.878688205000174, 24.285715380999989 ], [ 90.878659694000078, 24.286914127000045 ], [ 90.878559510000116, 24.287210480000169 ], [ 90.878663455000094, 24.287460492000093 ], [ 90.878615748000129, 24.287955232000172 ], [ 90.878668567000148, 24.288203284000076 ], [ 90.878927929000156, 24.288754950000055 ], [ 90.879805088000126, 24.289860715000145 ], [ 90.880216437000172, 24.290215065000154 ], [ 90.880574967000143, 24.290321362000157 ], [ 90.880674440000121, 24.290316684000118 ], [ 90.880918263000126, 24.290388972000073 ], [ 90.882451789000186, 24.290316856000175 ], [ 90.883779444000197, 24.290040462000036 ], [ 90.884852612000145, 24.290009381 ], [ 90.885822779000023, 24.28977794900004 ], [ 90.886565336000103, 24.28948817800017 ], [ 90.88679192, 24.289399756000137 ], [ 90.886943889000065, 24.289202440000111 ], [ 90.887191898000083, 24.288114987000142 ], [ 90.887131482000086, 24.286776460000112 ], [ 90.88733001200012, 24.285836055000061 ], [ 90.887631553000119, 24.285098247000121 ], [ 90.887935148000111, 24.284656202 ], [ 90.888341319000062, 24.284265485000105 ], [ 90.888602268000056, 24.284253206000074 ], [ 90.889108350000186, 24.284229391000167 ], [ 90.889638903000161, 24.284316348000175 ], [ 90.890500652000128, 24.284457581000026 ], [ 90.890797565000071, 24.284506241000145 ], [ 90.891053852000084, 24.284610853000117 ], [ 90.891260053000167, 24.284862520000047 ], [ 90.891306342000178, 24.285142216999986 ], [ 90.891366794000191, 24.285509885000067 ], [ 90.891880743000172, 24.285915531000057 ], [ 90.891831005000142, 24.286112253000169 ], [ 90.891323990000046, 24.286699998000017 ], [ 90.890967544000034, 24.286891745000162 ], [ 90.890509631000043, 24.287280512999985 ], [ 90.890358001000152, 24.287525244999983 ], [ 90.890359041000011, 24.28767425500007 ], [ 90.890310685000145, 24.288069651000114 ], [ 90.890467513000146, 24.288569967000115 ], [ 90.891143143000079, 24.290169048000166 ], [ 90.891173595000112, 24.290270688000078 ], [ 90.891352473000154, 24.290867737000156 ], [ 90.891302735000124, 24.291064459000097 ], [ 90.891307365000159, 24.291176619000169 ], [ 90.891364252000187, 24.292554247999988 ], [ 90.891339450000089, 24.292730318000167 ], [ 90.891315550000058, 24.292899979000083 ], [ 90.891283603000147, 24.292975037000076 ], [ 90.891064103000133, 24.293490740000038 ], [ 90.890609285000153, 24.294326537000188 ], [ 90.89041518200014, 24.295811051000101 ], [ 90.89038576900009, 24.295892511999966 ], [ 90.889866581000149, 24.297330380000119 ], [ 90.889867114000083, 24.297936597000103 ], [ 90.8900767840002, 24.298682701000189 ], [ 90.890078863000099, 24.298980718000053 ], [ 90.890015401000198, 24.299117085999967 ], [ 90.889827051000054, 24.299521810000044 ], [ 90.889634525000133, 24.299727595000149 ], [ 90.889370400000018, 24.300009911000018 ], [ 90.889213077000079, 24.300277210000047 ], [ 90.889167715000042, 24.300354283000104 ], [ 90.889113303000158, 24.300584705000176 ], [ 90.888969103000136, 24.301195348000135 ], [ 90.888940799000125, 24.304469327000049 ], [ 90.889048916000093, 24.305313112000135 ], [ 90.88905453000018, 24.306207167000139 ], [ 90.889158860000123, 24.306506841999976 ], [ 90.889120855000101, 24.308013097000185 ], [ 90.88911880600017, 24.308094311000161 ], [ 90.889173733000177, 24.308640377000017 ], [ 90.888971996000123, 24.309034416000031 ], [ 90.888718776000132, 24.309376825000015 ], [ 90.888413128000082, 24.309620198 ], [ 90.888055578000149, 24.309662930000172 ], [ 90.887867935000145, 24.309576728000138 ], [ 90.886259983000173, 24.308838033000029 ], [ 90.884963352000057, 24.30801075800008 ], [ 90.884822232000147, 24.307920718999981 ], [ 90.884411556000089, 24.307762808000177 ], [ 90.884363703000133, 24.30780882900018 ], [ 90.884068211000169, 24.307695206000062 ], [ 90.883458824000115, 24.308281264000072 ], [ 90.883307155000068, 24.308525988999975 ], [ 90.883004939000159, 24.30926604800004 ], [ 90.882752045000188, 24.309658119000062 ], [ 90.882551647000128, 24.310248571000045 ], [ 90.882705724000175, 24.310351533000016 ], [ 90.882760605000158, 24.310362619000045 ], [ 90.883034292000161, 24.310417899000015 ], [ 90.8837813990001, 24.310568799000066 ], [ 90.886138726000183, 24.311304650000125 ], [ 90.8864301320001, 24.311356031 ], [ 90.886482082000157, 24.311372247000122 ], [ 90.889296952000166, 24.31186853100013 ], [ 90.889672301000076, 24.31201100100003 ], [ 90.889784759000122, 24.31199094700014 ], [ 90.890015660000131, 24.312078589000123 ], [ 90.890526247000196, 24.311987540000132 ], [ 90.891106171000047, 24.311996932 ], [ 90.891242655000156, 24.311999143000094 ], [ 90.89166611700017, 24.312132960000099 ], [ 90.892263508000156, 24.312321738000094 ], [ 90.892282808000118, 24.312302743000032 ], [ 90.892539151000108, 24.312407352000037 ], [ 90.892603361000113, 24.31239277300017 ], [ 90.892626170000142, 24.312370326000178 ], [ 90.892653360000054, 24.312381421000111 ], [ 90.892743317000111, 24.312360997000042 ], [ 90.893076318000055, 24.312430930000062 ], [ 90.893468188000156, 24.312514051999983 ], [ 90.893510942000148, 24.312473887000124 ], [ 90.895097237000016, 24.312600014 ], [ 90.89734742800016, 24.312539319000052 ], [ 90.897807938000028, 24.312597556000185 ], [ 90.897921439000129, 24.312636057000077 ], [ 90.898151303000134, 24.31266512600007 ], [ 90.898766243000011, 24.312873721000187 ], [ 90.899075114000084, 24.313176695000038 ], [ 90.8991200480001, 24.313259965000157 ], [ 90.899454448000199, 24.313880853 ], [ 90.899749154000062, 24.314428033000183 ], [ 90.89998952100018, 24.314783352000177 ], [ 90.901040722000175, 24.316337241000042 ], [ 90.901451875000191, 24.317165668000143 ], [ 90.901611221000053, 24.317487585000038 ], [ 90.901640286000088, 24.317623928000046 ], [ 90.901651946000129, 24.317678626000088 ], [ 90.901664098000083, 24.317735631000119 ], [ 90.902078060000065, 24.31843760300012 ], [ 90.902490534000094, 24.318841552000038 ], [ 90.903311457000029, 24.319254363000027 ], [ 90.904182786000092, 24.319565266000041 ], [ 90.904471381000121, 24.319787177000023 ], [ 90.90464605700015, 24.319921492000049 ], [ 90.904807198000071, 24.32101556300006 ], [ 90.905015957000046, 24.321614891000081 ], [ 90.905224010000097, 24.322114877999979 ], [ 90.905635537000137, 24.3224691530001 ], [ 90.905865268000071, 24.32255631400011 ], [ 90.907856254000137, 24.322545462999983 ], [ 90.909181555000089, 24.322764438000092 ], [ 90.909208238000076, 24.322779653 ], [ 90.909524953000073, 24.322831981000093 ], [ 90.910962968000149, 24.32365196600017 ], [ 90.911272296000163, 24.323936779000178 ], [ 90.911786419000123, 24.324410154000191 ], [ 90.911891438000055, 24.324538217000054 ], [ 90.912818587000118, 24.325668309000093 ], [ 90.913284474000193, 24.326469277000115 ], [ 90.913752861000148, 24.327617930000031 ], [ 90.913806495000131, 24.327967561000094 ], [ 90.91375784700017, 24.328313296000033 ], [ 90.913402391000091, 24.328654105000055 ], [ 90.913096747, 24.328897527000152 ], [ 90.912994478000201, 24.328895884000076 ], [ 90.912930073000098, 24.329020448999984 ], [ 90.912843200000111, 24.3291903060001 ], [ 90.912950807000186, 24.329936985000131 ], [ 90.913729224000065, 24.331537583000056 ], [ 90.914095007000185, 24.332634920000032 ], [ 90.913283932000127, 24.33361290900018 ], [ 90.912830197000176, 24.334597774000031 ], [ 90.912581265000199, 24.335536252000054 ], [ 90.91197907500009, 24.33721288900017 ], [ 90.911940376000189, 24.338949356000057 ], [ 90.912099831000148, 24.339795065000089 ], [ 90.912412001, 24.340545030999976 ], [ 90.912728789000141, 24.341938431000187 ], [ 90.912732707000089, 24.342484791000061 ], [ 90.912531705000163, 24.342978195000057 ], [ 90.912536671000055, 24.343671305000044 ], [ 90.912692593000145, 24.344022581000161 ], [ 90.913414977000059, 24.344928117999984 ], [ 90.913829793000104, 24.345727132000036 ], [ 90.91414520100011, 24.346924110000145 ], [ 90.914252576000194, 24.34754886800016 ], [ 90.914572160000148, 24.349411868000118 ], [ 90.914684796000074, 24.350853905000122 ], [ 90.914636858000165, 24.351298978000102 ], [ 90.914695845000153, 24.352391385000146 ], [ 90.914645763000124, 24.352538443000071 ], [ 90.914340423000056, 24.352831537000156 ], [ 90.913626526000087, 24.35311580400014 ], [ 90.913371525, 24.353212167000038 ], [ 90.91316811300004, 24.35345723100005 ], [ 90.913171304000059, 24.353901995000058 ], [ 90.913071507000041, 24.354248036 ], [ 90.912897116000124, 24.354416160000085 ], [ 90.91255363200014, 24.354348628000025 ], [ 90.912423292000142, 24.354473591000101 ], [ 90.911912909000137, 24.354614383000069 ], [ 90.911353602000133, 24.355150581000032 ], [ 90.909374608000178, 24.357397664000018 ], [ 90.9084537170001, 24.357432534000054 ], [ 90.908031361000155, 24.358067468000058 ], [ 90.907998338000141, 24.358117111000126 ], [ 90.907846325000094, 24.358314448000044 ], [ 90.907285921000096, 24.358701623 ], [ 90.906775517000142, 24.35884240200005 ], [ 90.90560309600005, 24.359465780999983 ], [ 90.905470054000034, 24.360098088000029 ], [ 90.905405225000095, 24.360406198000078 ], [ 90.905561486000124, 24.360804891000157 ], [ 90.905721285000141, 24.361700275000146 ], [ 90.905623323000043, 24.361891869000033 ], [ 90.905475448000118, 24.361998436000022 ], [ 90.90500919200008, 24.362334447000023 ], [ 90.904813062000017, 24.363520952000044 ], [ 90.90482011000006, 24.364512073000071 ], [ 90.904774269000086, 24.365257413000108 ], [ 90.904674428000135, 24.365601191000167 ], [ 90.904543662000151, 24.365856524000037 ], [ 90.904522489000044, 24.365897866000068 ], [ 90.904116453000199, 24.366336040000078 ], [ 90.903352022000092, 24.366719904000092 ], [ 90.90258555500003, 24.366905091000035 ], [ 90.901974575000111, 24.36729255 ], [ 90.901773216000038, 24.367833357000109 ], [ 90.901630671000078, 24.369369492000089 ], [ 90.901530834000084, 24.369715526000107 ], [ 90.901224278000086, 24.369760248000091 ], [ 90.900148426000101, 24.36959279000007 ], [ 90.898562803000061, 24.369663160000073 ], [ 90.897744386000113, 24.369649947000141 ], [ 90.896003216000111, 24.36942092400011 ], [ 90.89380178100015, 24.369284907000122 ], [ 90.893547414000125, 24.369478319000109 ], [ 90.893395698, 24.369723053000143 ], [ 90.893449998000051, 24.370172031000152 ], [ 90.893655998000042, 24.370374017000188 ], [ 90.89393520200008, 24.370378529 ], [ 90.894679644, 24.370390555000085 ], [ 90.894736863000048, 24.370453503000192 ], [ 90.895023164, 24.370458127 ], [ 90.895435523000117, 24.37091176399997 ], [ 90.895957537000186, 24.37241010300005 ], [ 90.896065427000053, 24.373204201000021 ], [ 90.896027164000145, 24.373690250000038 ], [ 90.896018482000159, 24.373800534000054 ], [ 90.896071727, 24.374098245000084 ], [ 90.896098534000032, 24.374167951 ], [ 90.896436442000095, 24.375046612000176 ], [ 90.896388448000039, 24.375493935000122 ], [ 90.8960854460002, 24.376132422000126 ], [ 90.89593582700013, 24.376675172999967 ], [ 90.895940378000091, 24.377320871000109 ], [ 90.896098734000191, 24.378017586000112 ], [ 90.896103985000195, 24.378762622000124 ], [ 90.895294669, 24.380137875000116 ], [ 90.895194808000042, 24.380483906999984 ], [ 90.895200389000024, 24.3812763520001 ], [ 90.895306198000185, 24.381774695000047 ], [ 90.89549811500018, 24.3817989530001 ], [ 90.895227486000067, 24.381926397000143 ], [ 90.894256277000068, 24.382105981999985 ], [ 90.893898120000188, 24.382108095000092 ], [ 90.89205628600007, 24.382118949000073 ], [ 90.891502449000143, 24.382233266000071 ], [ 90.891077705000157, 24.382235764000086 ], [ 90.890216974999987, 24.382413420000034 ] ] ] } },
{ "type": "Feature", "properties": { "adm3_name": "Kishoreganj Sadar", "adm3_name1": null, "adm3_name2": null, "adm3_name3": null, "adm3_pcode": "BD30480049", "adm2_name": "Kishoreganj", "adm2_name1": null, "adm2_name2": null, "adm2_name3": null, "adm2_pcode": "BD3048", "adm1_name": "Dhaka", "adm1_name1": null, "adm1_name2": null, "adm1_name3": null, "adm1_pcode": "BD30", "adm0_name": "Bangladesh", "adm0_name1": null, "adm0_name2": null, "adm0_name3": null, "adm0_pcode": "BD", "valid_on": "2023-05-21T00:00:00", "valid_to": null, "area_sqkm": 177.07302992000001, "version": "v03", "lang": "en", "lang1": null, "lang2": null, "lang3": null, "adm3_ref_name": null, "center_lat": 24.42594991, "center_lon": 90.78325593, "female_pop": 247137.0, "male_pop": 229263.0, "total_pop": 476400.0, "nearest_facility_min": 1.4485866362396849 }, "geometry": { "type": "Polygon", "coordinates": [ [ [ 90.804922427000179, 24.520182982999984 ], [ 90.804894115000138, 24.52018361100005 ], [ 90.804318479000131, 24.52019638500002 ], [ 90.804233941000064, 24.520229031999975 ], [ 90.803871675000096, 24.520368935000079 ], [ 90.803512252000132, 24.520507738000106 ], [ 90.802966658000059, 24.520959939000136 ], [ 90.802623714000106, 24.521361388000059 ], [ 90.802205227000059, 24.52249701500017 ], [ 90.802174581000031, 24.522661032000144 ], [ 90.801948057000118, 24.523873367000135 ], [ 90.801080237000065, 24.526734054000144 ], [ 90.800871173000189, 24.528013064000106 ], [ 90.800470947000065, 24.528450230000033 ], [ 90.800165465000021, 24.528221264000081 ], [ 90.799134545000186, 24.527452312000094 ], [ 90.798887470000068, 24.5274084670001 ], [ 90.79863778400005, 24.527048545000127 ], [ 90.798535309000158, 24.526552376000041 ], [ 90.798583810000196, 24.526416655999981 ], [ 90.798433695000085, 24.526191673000142 ], [ 90.798180585000125, 24.525289902000054 ], [ 90.798176449000152, 24.52524272200003 ], [ 90.798018348000085, 24.523439388000043 ], [ 90.797913870000173, 24.522624886000131 ], [ 90.797813114000178, 24.522399640000174 ], [ 90.797811938000109, 24.522213244 ], [ 90.797810548000143, 24.521993254000108 ], [ 90.797708083000089, 24.521497086000124 ], [ 90.797607902000095, 24.521362149000026 ], [ 90.797553653000136, 24.520685104000052 ], [ 90.797198955000056, 24.519422626000051 ], [ 90.796947247000048, 24.518836936000071 ], [ 90.796500451000043, 24.518523204000076 ], [ 90.795611180000094, 24.518482740000081 ], [ 90.795309527000086, 24.518539593000071 ], [ 90.795118210000112, 24.518575650000116 ], [ 90.794675446000099, 24.518803761000072 ], [ 90.793792481000139, 24.519668617999969 ], [ 90.793595063000168, 24.519669658000055 ], [ 90.793199094000158, 24.519491120000055 ], [ 90.79314855500013, 24.519401071000118 ], [ 90.793193321000103, 24.518768660000148 ], [ 90.793043560000058, 24.518498515999966 ], [ 90.792696048000096, 24.518274563000034 ], [ 90.792301785000063, 24.518366944000093 ], [ 90.792103470000086, 24.518322831000091 ], [ 90.791855285000054, 24.518098354000074 ], [ 90.791854970000145, 24.518056351000098 ], [ 90.791851554000061, 24.517601663000107 ], [ 90.792239521000056, 24.516603949000171 ], [ 90.792484871000113, 24.516376884000124 ], [ 90.792923046000055, 24.515516625000089 ], [ 90.793218028000126, 24.515334453000094 ], [ 90.793366370000115, 24.515378828000109 ], [ 90.793859031000125, 24.515238514000089 ], [ 90.794104374000085, 24.51501144600013 ], [ 90.794152875000123, 24.514875724000092 ], [ 90.794178559000102, 24.514677223000092 ], [ 90.794246421000196, 24.514152743000011 ], [ 90.794240078000144, 24.513339978000033 ], [ 90.794139671000096, 24.513069572 ], [ 90.794110463000152, 24.512750184000083 ], [ 90.794086013000083, 24.512482834000139 ], [ 90.794200380000063, 24.512022028000047 ], [ 90.794277344000193, 24.51171192400011 ], [ 90.79427535800005, 24.511395844000106 ], [ 90.793999929000051, 24.511064520000048 ], [ 90.793976365000049, 24.511036174000026 ], [ 90.794037432000039, 24.510626549000108 ], [ 90.794117841000059, 24.510087165000073 ], [ 90.793960847000051, 24.508959102000119 ], [ 90.793939260000116, 24.508888262000085 ], [ 90.79380904400017, 24.508460932000105 ], [ 90.793509494000091, 24.508010949000095 ], [ 90.793112994000126, 24.507742100000144 ], [ 90.791236770000125, 24.507799360000035 ], [ 90.791181523000091, 24.507795108000039 ], [ 90.790907190000041, 24.507773993000171 ], [ 90.790693022000085, 24.507757054000137 ], [ 90.790101109000091, 24.507805307000126 ], [ 90.790021257000035, 24.507830685999977 ], [ 90.789804972000184, 24.507899426000165 ], [ 90.789511182000183, 24.50817190000015 ], [ 90.789021350000155, 24.508761481000192 ], [ 90.788627957000017, 24.508989317000044 ], [ 90.788407583000094, 24.50904108900005 ], [ 90.785472811000091, 24.509730515000058 ], [ 90.785033243000157, 24.509775700000148 ], [ 90.784979602000078, 24.509780495000086 ], [ 90.784853293000197, 24.509827428000165 ], [ 90.78448660000015, 24.509963680000055 ], [ 90.784190217, 24.509920065000131 ], [ 90.784042445000068, 24.50996598800009 ], [ 90.783646462000092, 24.509877733000167 ], [ 90.783398590000161, 24.509698397000079 ], [ 90.782707065000068, 24.509701983000184 ], [ 90.782313114000033, 24.509841752000114 ], [ 90.781254819000139, 24.509967033000066 ], [ 90.779500856000084, 24.510174649000021 ], [ 90.778823795999983, 24.509612266000147 ], [ 90.778258223000194, 24.509142481000083 ], [ 90.777514848000067, 24.508739911000191 ], [ 90.777069248000146, 24.508606738000083 ], [ 90.776822496000136, 24.508608009000113 ], [ 90.776329828000087, 24.508746012000074 ], [ 90.776231682000116, 24.508836827000039 ], [ 90.775884849000136, 24.508883010000034 ], [ 90.775687934000075, 24.508794467000087 ], [ 90.775240670000187, 24.508390363000046 ], [ 90.774400562000153, 24.508306621000031 ], [ 90.774130489000072, 24.508349217000159 ], [ 90.77262499800014, 24.508586655000101 ], [ 90.772229578000122, 24.508588678000024 ], [ 90.771463715000039, 24.508750466000038 ], [ 90.771342393000168, 24.508776095000144 ], [ 90.770798643000091, 24.508733716999984 ], [ 90.770404665000171, 24.508871196000086 ], [ 90.769910546000062, 24.508873716000153 ], [ 90.76946721600018, 24.509011446000159 ], [ 90.769117822, 24.509015001000023 ], [ 90.769023076000167, 24.509015964000184 ], [ 90.768678722000118, 24.509198342000161 ], [ 90.768629920000137, 24.509288902000037 ], [ 90.768234226000118, 24.509245761000102 ], [ 90.768037100000129, 24.509291922000102 ], [ 90.767545786000142, 24.509655666000185 ], [ 90.767446809000035, 24.509611013000097 ], [ 90.7671027250002, 24.509838540000032 ], [ 90.766560428000162, 24.509933865 ], [ 90.76577491900008, 24.510615189000077 ], [ 90.765281683000126, 24.510662846 ], [ 90.763799655000071, 24.510627454000087 ], [ 90.763255629000184, 24.510539894000146 ], [ 90.763058497000031, 24.510586047000174 ], [ 90.761725126000101, 24.510547627000165 ], [ 90.760885011000141, 24.510463810999966 ], [ 90.760230208000053, 24.510450007000088 ], [ 90.759156215000132, 24.510427360000051 ], [ 90.758910273000197, 24.510564065000096 ], [ 90.758763576000035, 24.510790580000105 ], [ 90.758618592000118, 24.511199970000064 ], [ 90.758620220000068, 24.511470896000105 ], [ 90.758376788000191, 24.511923678000073 ], [ 90.758131655000057, 24.512195843000143 ], [ 90.7578851680002, 24.512242239000045 ], [ 90.757536653000045, 24.511837584000034 ], [ 90.757481464000193, 24.511070213000039 ], [ 90.757342175000133, 24.510493352000026 ], [ 90.757329003000109, 24.510438798000109 ], [ 90.757343140000103, 24.510336538000047 ], [ 90.757423018000168, 24.509758729000112 ], [ 90.757116675000134, 24.508360437000022 ], [ 90.756867411000087, 24.508045595999988 ], [ 90.75661958000012, 24.507866214999979 ], [ 90.755432861000088, 24.507691536000038 ], [ 90.755285365000134, 24.507784842000092 ], [ 90.754887790000168, 24.507425587000114 ], [ 90.75478774000004, 24.507200307000119 ], [ 90.754786447000072, 24.507031752000159 ], [ 90.754784952000193, 24.506836815000099 ], [ 90.755022376000113, 24.505312931000105 ], [ 90.755115870000054, 24.504712836000124 ], [ 90.755049658000075, 24.504623027000036 ], [ 90.755016362000163, 24.504577866000147 ], [ 90.754444451000154, 24.504543391000027 ], [ 90.754324592000103, 24.504536166999969 ], [ 90.754243804000168, 24.504481526000177 ], [ 90.754125772000179, 24.504401694000137 ], [ 90.754174042999978, 24.504220831000168 ], [ 90.754663992000133, 24.503766264000149 ], [ 90.754711314000133, 24.50372236000004 ], [ 90.755008373000123, 24.503446752000173 ], [ 90.754957059000105, 24.503221229000076 ], [ 90.754659622000133, 24.502996938000081 ], [ 90.754614189000165, 24.502981774999967 ], [ 90.754412998000134, 24.502914631000124 ], [ 90.754138046000151, 24.502822737000145 ], [ 90.753867213000035, 24.502732219000109 ], [ 90.753075946000195, 24.502555544000131 ], [ 90.752582467000138, 24.502558005000083 ], [ 90.752286299000104, 24.502649793000046 ], [ 90.751795584000092, 24.503013483000132 ], [ 90.751770039000064, 24.503074570000081 ], [ 90.751664478000123, 24.503328263000071 ], [ 90.751455606000036, 24.503830241 ], [ 90.75062177500007, 24.504692351000131 ], [ 90.750424914000064, 24.504783641000017 ], [ 90.748616341000059, 24.50623923500001 ], [ 90.747822351000082, 24.506878242000028 ], [ 90.74664248900018, 24.507651732000113 ], [ 90.746100983000133, 24.507882448000032 ], [ 90.745609345000105, 24.508200968000097 ], [ 90.745443047000037, 24.508245332 ], [ 90.745264424000084, 24.508292984000036 ], [ 90.744920303000129, 24.508520461000103 ], [ 90.744180493000044, 24.508704735000094 ], [ 90.743488447000118, 24.508620092000115 ], [ 90.742993878000163, 24.508441902000129 ], [ 90.74259686500011, 24.508172921000153 ], [ 90.742397256000174, 24.50790296800011 ], [ 90.742494365000141, 24.507631554000056 ], [ 90.742291476000162, 24.506907797999986 ], [ 90.7421382980001, 24.506140902000141 ], [ 90.742082148000065, 24.505192903000136 ], [ 90.741929507000123, 24.504516314 ], [ 90.741966669000192, 24.503260232 ], [ 90.741969659000063, 24.503159180000182 ], [ 90.742132238000124, 24.501806366000153 ], [ 90.742203148000101, 24.50121632600019 ], [ 90.742136475, 24.500382908000176 ], [ 90.742094637000093, 24.499859923000145 ], [ 90.742142129000115, 24.499543595999967 ], [ 90.741884005000088, 24.497919252000031 ], [ 90.741869253000118, 24.497847642000181 ], [ 90.741781780000053, 24.497423037000146 ], [ 90.741671867000093, 24.497193281000136 ], [ 90.741631270000028, 24.497107686000049 ], [ 90.741630211000029, 24.496927067000115 ], [ 90.741279319000171, 24.496206294000103 ], [ 90.74127831900006, 24.496035668000161 ], [ 90.740877750000038, 24.495257731000038 ], [ 90.740379095000094, 24.494582835000131 ], [ 90.740278819000139, 24.494312391000165 ], [ 90.740029893000155, 24.494042675 ], [ 90.73993067400005, 24.493952848000163 ], [ 90.739878863000115, 24.493637011000033 ], [ 90.739826378000089, 24.493514409 ], [ 90.739628089000121, 24.493051212000125 ], [ 90.739627167000037, 24.492893169000126 ], [ 90.739625623000109, 24.492735131000188 ], [ 90.739249135000193, 24.492206189000115 ], [ 90.739212746000135, 24.492155064000087 ], [ 90.73917721100014, 24.492105140000035 ], [ 90.738926708000065, 24.491564495000148 ], [ 90.738328865000085, 24.490799768000045 ], [ 90.73817784400012, 24.490394102000039 ], [ 90.73802876000002, 24.490214204000097 ], [ 90.737977220000062, 24.489943521000157 ], [ 90.737678962000075, 24.489674040000125 ], [ 90.736542923000115, 24.489589275000128 ], [ 90.736198573000024, 24.489771576000066 ], [ 90.735901107000132, 24.489637559000073 ], [ 90.735653077000052, 24.489412985000115 ], [ 90.735453250000091, 24.489097866000066 ], [ 90.735448326000039, 24.488412043000096 ], [ 90.735446766000109, 24.488194777000047 ], [ 90.735494396000149, 24.48790521300009 ], [ 90.735650211000177, 24.486957932000109 ], [ 90.735743504000141, 24.486390749000179 ], [ 90.735826247000148, 24.48588770900011 ], [ 90.735773664000135, 24.485436405000087 ], [ 90.735474897000017, 24.485076611000181 ], [ 90.735227927000039, 24.485032656000158 ], [ 90.735128719000159, 24.48494282900009 ], [ 90.734238554000171, 24.484811689000082 ], [ 90.733594681000056, 24.484500982000043 ], [ 90.732900144000098, 24.483962480000059 ], [ 90.731856124000046, 24.482928951000076 ], [ 90.730696681000097, 24.481183576000035 ], [ 90.730509095000059, 24.480901186000096 ], [ 90.730508315000122, 24.480765721000182 ], [ 90.73025917300015, 24.480450831000041 ], [ 90.73020765300015, 24.48018014500002 ], [ 90.729858794000165, 24.479685111000094 ], [ 90.729556837000132, 24.47887375800002 ], [ 90.729555275000166, 24.47860283000017 ], [ 90.729413992000104, 24.477817397000138 ], [ 90.729401079000183, 24.477745607000031 ], [ 90.729301362, 24.477565464000122 ], [ 90.729321994000145, 24.477186052000036 ], [ 90.72934539900001, 24.476752439000109 ], [ 90.729293883000196, 24.476481751999984 ], [ 90.728847141000188, 24.476122657000019 ], [ 90.727760308000086, 24.475992429000087 ], [ 90.727602092000097, 24.47584914100014 ], [ 90.727465204000168, 24.475725169000043 ], [ 90.727362911000114, 24.475633093000056 ], [ 90.72666913200004, 24.475320335999982 ], [ 90.726372847000107, 24.475276604000101 ], [ 90.725632679000171, 24.475370474000044 ], [ 90.72518812200002, 24.475282296000046 ], [ 90.724250360000099, 24.475334208000106 ], [ 90.724003154000059, 24.475245079000103 ], [ 90.723807733000115, 24.475068528000122 ], [ 90.72375455800011, 24.475020489000144 ], [ 90.723457398, 24.474931600000161 ], [ 90.723308610000117, 24.474796842000046 ], [ 90.722959019000086, 24.474166328000081 ], [ 90.722956597000064, 24.47385024600004 ], [ 90.722857148000116, 24.473715254000069 ], [ 90.722705168000118, 24.473128948000067 ], [ 90.722751556000048, 24.472720063000054 ], [ 90.722448373000134, 24.471682920000148 ], [ 90.722497194000141, 24.471592373000192 ], [ 90.722445180000136, 24.471231372999966 ], [ 90.722343829000181, 24.470870606000062 ], [ 90.722300904000065, 24.47080533500008 ], [ 90.722040971000126, 24.470425211000077 ], [ 90.72195090200006, 24.469999711000071 ], [ 90.721899984000117, 24.468532375000166 ], [ 90.721532824000121, 24.467411995000191 ], [ 90.7213750800002, 24.467218574000071 ], [ 90.721100111000112, 24.467069741000103 ], [ 90.719795035000118, 24.466991295000184 ], [ 90.719584876000056, 24.466798124000093 ], [ 90.719480006000083, 24.466358351000054 ], [ 90.719660656000087, 24.466170104000184 ], [ 90.719954514999984, 24.465863886000079 ], [ 90.72032305800019, 24.465713113000106 ], [ 90.720955410000101, 24.465755255000033 ], [ 90.721429402000069, 24.465603976000068 ], [ 90.722114232000081, 24.465548778000084 ], [ 90.72295753800006, 24.46495094 ], [ 90.723853707000046, 24.464648621000151 ], [ 90.724591166000039, 24.464200296000058 ], [ 90.724749697999982, 24.464100194000139 ], [ 90.725013704000162, 24.463572855000109 ], [ 90.72511918400005, 24.463362375000145 ], [ 90.725593947000164, 24.462917564000179 ], [ 90.727121861000057, 24.462020641000151 ], [ 90.72733291000003, 24.46172385300008 ], [ 90.727333476000069, 24.461285833999966 ], [ 90.727649970000186, 24.460988536000059 ], [ 90.728756804000113, 24.460436814000104 ], [ 90.729073405000065, 24.459945341000036 ], [ 90.729114228000185, 24.459644855000192 ], [ 90.729285760000153, 24.458377394000024 ], [ 90.729655807000142, 24.457102200000065 ], [ 90.729656454000121, 24.45669610900012 ], [ 90.729723104000129, 24.456466428 ], [ 90.729723915000079, 24.455956282999978 ], [ 90.729724038000199, 24.455879390000121 ], [ 90.729566068000054, 24.455539224000063 ], [ 90.728934709000157, 24.454910081000151 ], [ 90.728724224000075, 24.45476659600007 ], [ 90.728145346000133, 24.454577469000128 ], [ 90.727671732000033, 24.454141734000075 ], [ 90.727628518000188, 24.453940347000184 ], [ 90.727598404000162, 24.45380001 ], [ 90.727567191000162, 24.453654549000134 ], [ 90.727567210000075, 24.453619971000137 ], [ 90.727567517000182, 24.453067514000168 ], [ 90.727726092000069, 24.452870321000091 ], [ 90.728114901000197, 24.452613620000079 ], [ 90.728253160000179, 24.452522337000119 ], [ 90.728253382000162, 24.45213173500008 ], [ 90.728096038000103, 24.45179156100005 ], [ 90.727622433000136, 24.451355825 ], [ 90.727412514000036, 24.45077205900003 ], [ 90.727307526000061, 24.450528721000182 ], [ 90.727044069000044, 24.450286141000163 ], [ 90.72657026100012, 24.450243263000175 ], [ 90.726326489000201, 24.450019405000148 ], [ 90.726609958000097, 24.449754128000109 ], [ 90.726566204000051, 24.449222292000172 ], [ 90.726677267000071, 24.449118356000099 ], [ 90.726624906000097, 24.448481903000072 ], [ 90.726467572000047, 24.448141727 ], [ 90.726309514000093, 24.447997986000132 ], [ 90.726098972000102, 24.447949325000081 ], [ 90.72606205500017, 24.447963051000158 ], [ 90.725994366000123, 24.447988566000049 ], [ 90.725976867000043, 24.448061547000123 ], [ 90.725994743000058, 24.448598822000065 ], [ 90.724556824000047, 24.449140821000071 ], [ 90.723818946999984, 24.449392716000034 ], [ 90.723239417000173, 24.449840279000057 ], [ 90.723094734000199, 24.45020855000007 ], [ 90.723093868000149, 24.451016297000024 ], [ 90.723027156000114, 24.451078484999982 ], [ 90.722777374000088, 24.451311326000166 ], [ 90.722198125000034, 24.451268938000055 ], [ 90.720196299000122, 24.451438791000157 ], [ 90.719722357000137, 24.451590064000129 ], [ 90.718985201000066, 24.451647759000025 ], [ 90.718036431000087, 24.451902886000084 ], [ 90.717614896000157, 24.452053902000159 ], [ 90.717035913000075, 24.452058907000094 ], [ 90.716825380000159, 24.452012491000175 ], [ 90.716404450000141, 24.45172548700009 ], [ 90.716211514000179, 24.45150280200005 ], [ 90.716194043000087, 24.451482637000026 ], [ 90.716150741000035, 24.451382250000165 ], [ 90.715984105000132, 24.450995939999984 ], [ 90.715984365000111, 24.450605337000127 ], [ 90.715941484000041, 24.450485248 ], [ 90.716339778000133, 24.450110194000104 ], [ 90.717077744000107, 24.449761248000186 ], [ 90.717762265000147, 24.449557053000035 ], [ 90.718973559000176, 24.449494855000069 ], [ 90.719500056000129, 24.449587179000048 ], [ 90.721290527000065, 24.449664445000053 ], [ 90.721817819000137, 24.449463243000139 ], [ 90.722079849000181, 24.449217686000111 ], [ 90.722239183000056, 24.449068367000109 ], [ 90.722450620000188, 24.448624827 ], [ 90.722450797000135, 24.448331309000082 ], [ 90.722396570000171, 24.448243680000189 ], [ 90.72251795000011, 24.447989056000097 ], [ 90.722518126000125, 24.447695538000119 ], [ 90.722307774000114, 24.447355612000081 ], [ 90.722044965000123, 24.447115279000172 ], [ 90.721887696000181, 24.446675756000161 ], [ 90.721887934, 24.446285152000144 ], [ 90.721731127000112, 24.445601781 ], [ 90.721731716000079, 24.444939039000076 ], [ 90.721732126000063, 24.444477382000116 ], [ 90.72199642400011, 24.443789742000092 ], [ 90.723103777000176, 24.442702954000026 ], [ 90.723861059000114, 24.44143128800016 ], [ 90.723895277000111, 24.441373828000053 ], [ 90.723914084000171, 24.44104525 ], [ 90.723948536000137, 24.440443350000123 ], [ 90.723925478000183, 24.44040056200015 ], [ 90.723686184000144, 24.439956914000049 ], [ 90.723476651999988, 24.438786108000158 ], [ 90.723491455000101, 24.43855755800007 ], [ 90.723516468000128, 24.438171356000112 ], [ 90.723530483000104, 24.437954970000135 ], [ 90.72374116800006, 24.437707861000035 ], [ 90.725058499000056, 24.437448675000098 ], [ 90.725637603, 24.437150084000166 ], [ 90.725743454000167, 24.436903515000097 ], [ 90.725743624000188, 24.436609996000072 ], [ 90.725586024000108, 24.436220149 ], [ 90.725473690000058, 24.435379716000057 ], [ 90.725468536000164, 24.435341152000035 ], [ 90.725441612000054, 24.435139710000101 ], [ 90.725430157000062, 24.435045458000104 ], [ 90.725482693000174, 24.434755317000167 ], [ 90.72579912600014, 24.434458025000083 ], [ 90.726114893000101, 24.434260079000012 ], [ 90.726904968000156, 24.434202098000128 ], [ 90.727431734000049, 24.434244722000074 ], [ 90.728431862000036, 24.434476981000046 ], [ 90.729537867000147, 24.434464879000132 ], [ 90.729695410000147, 24.434414446000119 ], [ 90.729959098999984, 24.434167072000093 ], [ 90.730042259000129, 24.434114545000057 ], [ 90.729472116000125, 24.433438888000012 ], [ 90.728981408000038, 24.432623023000133 ], [ 90.728946741000073, 24.432565383000167 ], [ 90.728790570000058, 24.431245310000065 ], [ 90.728360186000145, 24.429959555000039 ], [ 90.728318221000109, 24.429834186000051 ], [ 90.728371061000075, 24.42958783000006 ], [ 90.728318776000094, 24.429393908 ], [ 90.728386264000164, 24.429200654 ], [ 90.728438354000048, 24.428952057000117 ], [ 90.728497321000191, 24.428937902000143 ], [ 90.729109244000142, 24.428552451000144 ], [ 90.729793915000187, 24.42839787600002 ], [ 90.729899394000142, 24.428300280000144 ], [ 90.730847349000157, 24.428045086000168 ], [ 90.731847934000029, 24.427936389000138 ], [ 90.732901630000185, 24.427630999000087 ], [ 90.73316485700002, 24.427627466000047 ], [ 90.733294702000194, 24.427586197000096 ], [ 90.734113143000172, 24.427324836000082 ], [ 90.734481599000105, 24.427074687000072 ], [ 90.734111636000137, 24.426711021000187 ], [ 90.733745625000154, 24.426351238000166 ], [ 90.733244219000198, 24.425964155000031 ], [ 90.73174603700005, 24.424807539000085 ], [ 90.731724541000062, 24.424793802000067 ], [ 90.730806708000046, 24.424207224000043 ], [ 90.730694127000049, 24.42413527400015 ], [ 90.730360419000192, 24.423888525000052 ], [ 90.729063372000041, 24.422930687000189 ], [ 90.72874752700011, 24.422787706000179 ], [ 90.728496530000029, 24.422557258000097 ], [ 90.728814815000192, 24.422151931000087 ], [ 90.72837685200011, 24.421749823000027 ], [ 90.728113662000169, 24.421508176000032 ], [ 90.727745931000186, 24.421170546000155 ], [ 90.727379983000105, 24.420834549000119 ], [ 90.727236951000179, 24.420703222000043 ], [ 90.72586942200013, 24.41959216500004 ], [ 90.724827723000146, 24.418850457000133 ], [ 90.724448852000137, 24.418580690000056 ], [ 90.720819509000137, 24.415394157000151 ], [ 90.720770959000049, 24.415344745000141 ], [ 90.720225352000114, 24.414789431000031 ], [ 90.719943935000174, 24.414503004000039 ], [ 90.71981618000018, 24.414372974000116 ], [ 90.719137281000087, 24.413555253000027 ], [ 90.719137348000174, 24.413458166000055 ], [ 90.71866338000018, 24.412905522000187 ], [ 90.717349606000198, 24.411373637000167 ], [ 90.71716071000003, 24.411445814000047 ], [ 90.7166001880002, 24.410208629000067 ], [ 90.71657886100013, 24.410143254000047 ], [ 90.716180654000141, 24.408941713000047 ], [ 90.71618211200007, 24.407670546000134 ], [ 90.716249082000104, 24.407361559000037 ], [ 90.71624945700006, 24.40703477500017 ], [ 90.716408662000163, 24.406300226000042 ], [ 90.716831239000044, 24.405268651000085 ], [ 90.716778353000109, 24.405072469000174 ], [ 90.717147813000111, 24.404677857000024 ], [ 90.71757521100011, 24.403986207000173 ], [ 90.718265704000146, 24.402868780000176 ], [ 90.718730402000062, 24.402116744000125 ], [ 90.719346659000166, 24.401263967000034 ], [ 90.720048367000118, 24.400292927000123 ], [ 90.720364928000095, 24.399704381000106 ], [ 90.720616708000193, 24.39900267400003 ], [ 90.720629642000176, 24.398965338000153 ], [ 90.720694842000057, 24.398247904000129 ], [ 90.720789603000185, 24.397205196000186 ], [ 90.720686090000072, 24.395690680000087 ], [ 90.720056968000051, 24.393546469000057 ], [ 90.720023828000137, 24.393476719000148 ], [ 90.719962779000127, 24.393348226000114 ], [ 90.719624483000075, 24.392975021000041 ], [ 90.718614137000145, 24.391860397000187 ], [ 90.718536291000078, 24.391774515000179 ], [ 90.718218643000057, 24.391405737000014 ], [ 90.717943804000186, 24.391086426000186 ], [ 90.717724370000155, 24.390816556000061 ], [ 90.717395159000148, 24.39041167400012 ], [ 90.71707441500007, 24.389930014000072 ], [ 90.716876807000062, 24.38975257900006 ], [ 90.716723853000019, 24.38962460800019 ], [ 90.716315546000089, 24.389246555000113 ], [ 90.716062212000111, 24.389011990000142 ], [ 90.715915953000149, 24.388876566000135 ], [ 90.71540358600015, 24.388402585000051 ], [ 90.714392491000069, 24.387465835 ], [ 90.714248324000096, 24.387364911000191 ], [ 90.714024537000171, 24.38724404200002 ], [ 90.713755599000137, 24.387094034000086 ], [ 90.713680351000107, 24.387067764000051 ], [ 90.71367777100005, 24.386851554000089 ], [ 90.713525362000155, 24.385871684 ], [ 90.713480200000163, 24.385581321000075 ], [ 90.713503534000154, 24.384797741000057 ], [ 90.713332327999979, 24.382843254000079 ], [ 90.713336486000173, 24.381721155000037 ], [ 90.713337230000036, 24.38152013500013 ], [ 90.713402917000053, 24.38133297800016 ], [ 90.713476136000168, 24.381124359000069 ], [ 90.713968811000143, 24.380623056000047 ], [ 90.714367976000062, 24.380370555000013 ], [ 90.714563138000074, 24.380325626000115 ], [ 90.714778501000183, 24.38027604600012 ], [ 90.715076404000058, 24.380209163000188 ], [ 90.715207656000075, 24.380206287000135 ], [ 90.715484319000154, 24.380198206000046 ], [ 90.715950048000025, 24.380385666000109 ], [ 90.716108008000162, 24.380529421 ], [ 90.716483839000091, 24.38105823799998 ], [ 90.716747112000121, 24.381298583000103 ], [ 90.718964688000085, 24.381985751000116 ], [ 90.72021722900007, 24.382790365000062 ], [ 90.720788476000166, 24.38284592600013 ], [ 90.721036112000036, 24.382870010000147 ], [ 90.721728541000061, 24.383688568000025 ], [ 90.722192146000111, 24.383824089000143 ], [ 90.722870656000168, 24.384252099000037 ], [ 90.72371530300012, 24.385065404999978 ], [ 90.724940629000059, 24.385086641000157 ], [ 90.725550413000065, 24.385025019000011 ], [ 90.726473123000062, 24.385151552000082 ], [ 90.727028849000192, 24.385596477000036 ], [ 90.727390767000145, 24.385886234000168 ], [ 90.72745937000019, 24.385941158000094 ], [ 90.727785079000057, 24.386201923000044 ], [ 90.728191508, 24.386143525000023 ], [ 90.728398507000179, 24.386237359000177 ], [ 90.728614918000062, 24.386574994000114 ], [ 90.728730555000141, 24.386965044000078 ], [ 90.729045004000113, 24.387202861000105 ], [ 90.729554627000084, 24.387191375000043 ], [ 90.730211922000024, 24.387030162000087 ], [ 90.731333455000197, 24.387004431000037 ], [ 90.732258318000106, 24.387180590000128 ], [ 90.73267596900007, 24.387465314000053 ], [ 90.732977081000115, 24.387312584000028 ], [ 90.733488224000041, 24.387350751000099 ], [ 90.734043824000196, 24.387190013000122 ], [ 90.734366071000125, 24.387039382000182 ], [ 90.734989145000156, 24.386748129000125 ], [ 90.736352432000103, 24.386110856000073 ], [ 90.73689623100006, 24.385724909000032 ], [ 90.737587233, 24.385234484000023 ], [ 90.737845134000111, 24.38505144200019 ], [ 90.738446703000079, 24.38474370400013 ], [ 90.738771290000045, 24.384413296000105 ], [ 90.739037317999987, 24.384142497000028 ], [ 90.739083302000097, 24.383995514000048 ], [ 90.738974327000051, 24.383801872000163 ], [ 90.738968697000075, 24.383644995000054 ], [ 90.738965498000084, 24.383555811000122 ], [ 90.739070376000086, 24.383217317 ], [ 90.739041548000159, 24.383166092000124 ], [ 90.739032719000079, 24.38292003100014 ], [ 90.739170039000044, 24.382476827000062 ], [ 90.739615125000114, 24.382075017000034 ], [ 90.739966736000156, 24.381919769000149 ], [ 90.740073627000015, 24.381811367000068 ], [ 90.740075514000125, 24.381768962000024 ], [ 90.740012508000063, 24.381426079000164 ], [ 90.740107498999976, 24.381229185 ], [ 90.740139485000157, 24.381206066000175 ], [ 90.74014272900007, 24.381133181000052 ], [ 90.740079723000179, 24.380790298000022 ], [ 90.740174713000044, 24.380593404000081 ], [ 90.740476649000186, 24.380375176000143 ], [ 90.740523289000123, 24.380341081999973 ], [ 90.741578116000085, 24.379877581000073 ], [ 90.741757602000177, 24.379599536000114 ], [ 90.741776696000159, 24.379380888000128 ], [ 90.741795897000088, 24.37929481000009 ], [ 90.741843901000152, 24.37874510600011 ], [ 90.741961017000051, 24.378220070000168 ], [ 90.741992285000151, 24.376828481000075 ], [ 90.742047820000039, 24.376712026000121 ], [ 90.74208725800014, 24.376629325000124 ], [ 90.742152905000125, 24.37599680500017 ], [ 90.742162691000033, 24.375902515000178 ], [ 90.742179540000109, 24.37491291800012 ], [ 90.742118681000136, 24.374621956 ], [ 90.742230114000051, 24.374222865000092 ], [ 90.742185882000115, 24.373986174000152 ], [ 90.742502786000045, 24.372851187000151 ], [ 90.742525796000166, 24.372607702000153 ], [ 90.742480042000125, 24.372545739000088 ], [ 90.74245143100012, 24.372506993000059 ], [ 90.742439566000144, 24.372163859000125 ], [ 90.742272772000035, 24.371776329 ], [ 90.740988097000013, 24.370610243000158 ], [ 90.740323178000153, 24.370006689000149 ], [ 90.740161558000125, 24.369765887000142 ], [ 90.740132060000178, 24.368932890000053 ], [ 90.740214270000024, 24.368720718000077 ], [ 90.740199270000062, 24.368297107999979 ], [ 90.740619987000116, 24.36721129100016 ], [ 90.740690364000159, 24.367127407000112 ], [ 90.740913735999982, 24.366862148000109 ], [ 90.740858945000184, 24.366765327 ], [ 90.740903401000139, 24.366568680000171 ], [ 90.741372664000153, 24.365728843000056 ], [ 90.741286744000149, 24.365529201000072 ], [ 90.741266058, 24.36494000600004 ], [ 90.741345269000078, 24.364646276000087 ], [ 90.74133326000009, 24.364304224000023 ], [ 90.74146317400016, 24.363822477000042 ], [ 90.741558841000199, 24.363467721000177 ], [ 90.741552177000187, 24.363281987000107 ], [ 90.741319675000113, 24.363566980000144 ], [ 90.740806504000034, 24.363481432000185 ], [ 90.739279434000139, 24.363563396000188 ], [ 90.738948878000144, 24.363521310000067 ], [ 90.737978836000195, 24.363397801000076 ], [ 90.737639758000171, 24.363354627000092 ], [ 90.737180759000125, 24.363365891000115 ], [ 90.736817350000194, 24.363178001 ], [ 90.737075055999981, 24.362640704000057 ], [ 90.737404096000034, 24.361954676000153 ], [ 90.737577174000137, 24.361593817000028 ], [ 90.737945232000072, 24.360458591000054 ], [ 90.738444090000144, 24.359791142000176 ], [ 90.738578674000053, 24.359611074000043 ], [ 90.738877575, 24.359408668000185 ], [ 90.739291915000194, 24.359288238000147 ], [ 90.73978613200012, 24.359144588000163 ], [ 90.741258979000065, 24.358965798000099 ], [ 90.742320307000114, 24.35869644100012 ], [ 90.743072408000103, 24.358338277000144 ], [ 90.743314673000157, 24.358090502000152 ], [ 90.743420903000072, 24.358083689000068 ], [ 90.743596846000116, 24.35729709800006 ], [ 90.743586635000099, 24.35700734500017 ], [ 90.743560651000053, 24.356269958000155 ], [ 90.743645095000147, 24.356123859999968 ], [ 90.743704611000112, 24.35602088800016 ], [ 90.743638327000099, 24.355931805000182 ], [ 90.743490352000038, 24.355732936000152 ], [ 90.743466957000123, 24.353626487000042 ], [ 90.743536186000085, 24.353174484000192 ], [ 90.74353414400008, 24.352990702999989 ], [ 90.743648691000089, 24.352242794 ], [ 90.743699727000035, 24.351908385000172 ], [ 90.744035736000058, 24.35131292300008 ], [ 90.744232965000094, 24.351113266000027 ], [ 90.744354429000055, 24.35109766100004 ], [ 90.744689792000145, 24.351054577000014 ], [ 90.745155441000065, 24.351239692000149 ], [ 90.745575140000028, 24.351574047000042 ], [ 90.746195101000069, 24.351805813 ], [ 90.746808364000117, 24.351841178000029 ], [ 90.747010763000105, 24.351788251000187 ], [ 90.747360142000105, 24.351583323000057 ], [ 90.747606365000138, 24.351333748000116 ], [ 90.747970650000184, 24.350101431000041 ], [ 90.74811521100014, 24.349852355000053 ], [ 90.748804230000076, 24.34915128300014 ], [ 90.749453088999985, 24.348746180999967 ], [ 90.749556258000098, 24.348793085000125 ], [ 90.750052318000144, 24.348388737999983 ], [ 90.750807990000112, 24.348127606000048 ], [ 90.751366450000148, 24.348066137000046 ], [ 90.751499606000152, 24.348079025000061 ], [ 90.752236260000188, 24.348145365 ], [ 90.753369333000194, 24.348462614000084 ], [ 90.755131840000104, 24.349257638000097 ], [ 90.755457076000198, 24.34937061200003 ], [ 90.756061025000179, 24.349580397000068 ], [ 90.756675809000058, 24.349665386000083 ], [ 90.756757393000044, 24.349623713000142 ], [ 90.757105758000193, 24.349823938999975 ], [ 90.757824332000155, 24.34995582199997 ], [ 90.758232156000133, 24.34994701100004 ], [ 90.759004995000055, 24.349632844999974 ], [ 90.759891060000086, 24.349272647000021 ], [ 90.760500651000143, 24.349210886000151 ], [ 90.761064916, 24.349296112000104 ], [ 90.761162082000055, 24.349327802000062 ], [ 90.762621455000101, 24.349801112000137 ], [ 90.763068172000033, 24.349813424000104 ], [ 90.763582504000169, 24.349827597000115 ], [ 90.764141592000044, 24.349768336000125 ], [ 90.765207153000176, 24.349841387000026 ], [ 90.765778977000082, 24.349927157000025 ], [ 90.766362513000047, 24.350551887 ], [ 90.766724396000029, 24.350690045000078 ], [ 90.767896118000181, 24.350663798000141 ], [ 90.767927924000162, 24.350655831000097 ], [ 90.768908123000188, 24.350410308000107 ], [ 90.769614994000108, 24.350235127000076 ], [ 90.769920544000172, 24.350226804000044 ], [ 90.770129666000059, 24.350370243999976 ], [ 90.770433693000086, 24.3503145090001 ], [ 90.770641279000017, 24.350408285000015 ], [ 90.771062559000086, 24.350789975000168 ], [ 90.771119346000091, 24.351194473000078 ], [ 90.771135466000146, 24.351309289000142 ], [ 90.771338922000098, 24.351493624000057 ], [ 90.771476080000127, 24.352470566000022 ], [ 90.771386358000143, 24.352814213000158 ], [ 90.770796956000027, 24.353465208999978 ], [ 90.770147243, 24.353822988000047 ], [ 90.769700821000015, 24.354175220000059 ], [ 90.769313785000179, 24.354770993000045 ], [ 90.769349710000199, 24.355063981000114 ], [ 90.769458443000076, 24.355171521000159 ], [ 90.769908167000153, 24.355616311000176 ], [ 90.770075025000097, 24.356003810000175 ], [ 90.770067427000185, 24.356204139000113 ], [ 90.770048988000156, 24.356690322000134 ], [ 90.769920066000168, 24.357379616000117 ], [ 90.769640488000107, 24.35811934600008 ], [ 90.769717632000095, 24.358852749999983 ], [ 90.769943886000135, 24.359483795000074 ], [ 90.769993716000045, 24.359553631000153 ], [ 90.770220264000102, 24.360187444000132 ], [ 90.77043460200008, 24.36047761400016 ], [ 90.770696399000144, 24.360668198000099 ], [ 90.771459437000033, 24.360601099000121 ], [ 90.77186595, 24.36078499100006 ], [ 90.772084691000089, 24.360979491000023 ], [ 90.772185666000041, 24.361158843000112 ], [ 90.772370477000095, 24.361733797000056 ], [ 90.772508586000072, 24.362007231000121 ], [ 90.772646873000099, 24.3624374420001 ], [ 90.772866411000109, 24.362872085000106 ], [ 90.773651831000109, 24.363443824000058 ], [ 90.77467240500016, 24.363470223000036 ], [ 90.774985342000036, 24.363658279000163 ], [ 90.775110523000194, 24.363816412000176 ], [ 90.775148820000027, 24.363864791000026 ], [ 90.775201705000086, 24.363931598000136 ], [ 90.775105199000109, 24.36549267200013 ], [ 90.775275774000079, 24.365979488999983 ], [ 90.775388675999977, 24.366082163000158 ], [ 90.7753816190002, 24.366196310000078 ], [ 90.775460201000158, 24.366420579000078 ], [ 90.775552196000035, 24.366683127000158 ], [ 90.775868213000138, 24.366970513000126 ], [ 90.776126961000045, 24.367061760000126 ], [ 90.777144506000127, 24.366991068000118 ], [ 90.777297420000195, 24.367109708000157 ], [ 90.777511659000083, 24.36727592900013 ], [ 90.777602640000055, 24.368062049000173 ], [ 90.777609799000174, 24.368123907000154 ], [ 90.777658688000088, 24.368546330000186 ], [ 90.777620134000074, 24.368891977000089 ], [ 90.777707737000128, 24.369916580000051 ], [ 90.777825045000043, 24.370356253000125 ], [ 90.777684581000187, 24.370548859000053 ], [ 90.777719806000164, 24.370601248000071 ], [ 90.777744051000127, 24.370628724000028 ], [ 90.777905445000158, 24.370885494000106 ], [ 90.777958587000114, 24.371233862000167 ], [ 90.778445219000048, 24.372008054000105 ], [ 90.779706921000184, 24.373058229000037 ], [ 90.780643693000059, 24.373574963000181 ], [ 90.781728079000061, 24.373944174000087 ], [ 90.782186493000154, 24.373932777000107 ], [ 90.782291848000057, 24.374029319000101 ], [ 90.7830423690001, 24.373619037000083 ], [ 90.783583741000143, 24.373069844000042 ], [ 90.784118338000042, 24.372322001000043 ], [ 90.784366062000117, 24.372122029000025 ], [ 90.784362985000087, 24.372022704000074 ], [ 90.785041478000039, 24.371028006000188 ], [ 90.785058494, 24.370847298000172 ], [ 90.785078489000171, 24.370634955000071 ], [ 90.785308397000165, 24.369945127000051 ], [ 90.785696924000092, 24.369396719000122 ], [ 90.786192960000108, 24.368994513000075 ], [ 90.787045111000168, 24.3685836840001 ], [ 90.787133793000066, 24.368482144000041 ], [ 90.787437324, 24.368134599000143 ], [ 90.787713120000092, 24.367295514000091 ], [ 90.787794506000068, 24.36670580100008 ], [ 90.787890940000068, 24.366556283000136 ], [ 90.787778838, 24.366265606000127 ], [ 90.787749031000146, 24.365432625000039 ], [ 90.787543400000118, 24.363968367000041 ], [ 90.787325593000105, 24.363251855000101 ], [ 90.786907490000033, 24.361876408000057 ], [ 90.786771178000151, 24.361633897000161 ], [ 90.786631017, 24.361172791 ], [ 90.786530614000128, 24.360994163000157 ], [ 90.786515757000075, 24.360905317000118 ], [ 90.786294637000083, 24.360421032999966 ], [ 90.786338385000136, 24.360101627 ], [ 90.786375408000083, 24.359831321000058 ], [ 90.786683781000136, 24.359516712000016 ], [ 90.786769123000056, 24.359429645000034 ], [ 90.787225958000136, 24.359370829000113 ], [ 90.787533683000106, 24.359412129000191 ], [ 90.788466714000094, 24.35983400900011 ], [ 90.789874390000023, 24.360682398000051 ], [ 90.790389134000179, 24.360819698 ], [ 90.790516638000099, 24.360911606000172 ], [ 90.790650946000198, 24.361007992000168 ], [ 90.790800054000101, 24.360907870000062 ], [ 90.792798638000079, 24.361157082000034 ], [ 90.794504570000186, 24.361805177000122 ], [ 90.795894469000132, 24.362165914000059 ], [ 90.796811834000096, 24.362145290000115 ], [ 90.797723967000195, 24.361977933000048 ], [ 90.798233477000053, 24.36196621800002 ], [ 90.79863868100017, 24.361835687000166 ], [ 90.798889001000134, 24.361755048000134 ], [ 90.799785847000066, 24.361698409000155 ], [ 90.800059280000028, 24.361681140000087 ], [ 90.800472371000012, 24.361818945000039 ], [ 90.801048731000094, 24.362247145000083 ], [ 90.801307487000031, 24.362338349000026 ], [ 90.802987277000113, 24.362252696000098 ], [ 90.803602147000163, 24.362337492 ], [ 90.803809762000014, 24.362428964000117 ], [ 90.804098428000088, 24.36269146799998 ], [ 90.804389845000173, 24.362956473000168 ], [ 90.804567107000082, 24.363217438000163 ], [ 90.805304798000122, 24.364306307000106 ], [ 90.805384713000024, 24.36439835900012 ], [ 90.805890140000031, 24.364980541000136 ], [ 90.806522905000065, 24.365552919000038 ], [ 90.806933851000167, 24.365641043000039 ], [ 90.807132548000141, 24.365490971000099 ], [ 90.807690116000117, 24.365379625000116 ], [ 90.80909758700011, 24.364809923000053 ], [ 90.809912697000073, 24.364792025000156 ], [ 90.810224153000092, 24.364932605000092 ], [ 90.810893250000106, 24.365111909000177 ], [ 90.811610409000195, 24.365193867000187 ], [ 90.811766922000118, 24.365290116000097 ], [ 90.812016739000057, 24.365137506000053 ], [ 90.812371294000172, 24.365079161000097 ], [ 90.814075979000108, 24.364257202000033 ], [ 90.815508261000105, 24.36295126300007 ], [ 90.816213864000133, 24.361617615000057 ], [ 90.816320402000088, 24.361416095000095 ], [ 90.818187794000039, 24.359462056000154 ], [ 90.818573057000037, 24.358816498000181 ], [ 90.81891554200007, 24.358417274000033 ], [ 90.818296418000159, 24.358112944000084 ], [ 90.818638902000089, 24.357713721000152 ], [ 90.818626232000099, 24.357372860000112 ], [ 90.818934365000075, 24.356614783 ], [ 90.819048393000116, 24.356334243000049 ], [ 90.819209628000067, 24.355154793000168 ], [ 90.819451991000108, 24.354805780000163 ], [ 90.81980342200012, 24.354650349 ], [ 90.820162282000183, 24.35469130600012 ], [ 90.8204278030002, 24.354800502000103 ], [ 90.820731261999981, 24.354925299 ], [ 90.821981056000197, 24.355631999000025 ], [ 90.822515973000122, 24.355789206000168 ], [ 90.822599612000033, 24.355813786000056 ], [ 90.82320918500011, 24.355749518000096 ], [ 90.823705045000111, 24.355347194000046 ], [ 90.824043794000147, 24.354850889999966 ], [ 90.824458469000092, 24.353615872000148 ], [ 90.824760348000098, 24.352090207000117 ], [ 90.82482798, 24.351884681000172 ], [ 90.825036483000133, 24.351251055000148 ], [ 90.825275111000167, 24.350804971000173 ], [ 90.825357677000056, 24.350751502000094 ], [ 90.825748091000037, 24.350498678000122 ], [ 90.825823624000179, 24.350449765000064 ], [ 90.826076503000024, 24.350396459000137 ], [ 90.826528673000155, 24.350433901000031 ], [ 90.827158626000141, 24.350713429000052 ], [ 90.827317288000131, 24.350857063000035 ], [ 90.827433190000136, 24.351247031000128 ], [ 90.827695262000134, 24.351513786999988 ], [ 90.827856807999979, 24.351678220000053 ], [ 90.827867040000115, 24.351705639000102 ], [ 90.828061455000125, 24.352226564000091 ], [ 90.82811073300013, 24.352358599000127 ], [ 90.828364731000192, 24.35303916600003 ], [ 90.82861680200017, 24.353712872000131 ], [ 90.828872648000186, 24.354397850000169 ], [ 90.828944861000025, 24.354984485000102 ], [ 90.829188129000102, 24.355416518000084 ], [ 90.829326354999978, 24.355661999000063 ], [ 90.829905881000172, 24.35618715600009 ], [ 90.83132012700014, 24.357042390000117 ], [ 90.83210097000017, 24.357656250000105 ], [ 90.832565548000048, 24.358578163000118 ], [ 90.832760194000173, 24.358964416000163 ], [ 90.833078477000129, 24.359299081000074 ], [ 90.833412521000071, 24.35953579400001 ], [ 90.833549566000102, 24.359632907000162 ], [ 90.833787788999985, 24.359739635000096 ], [ 90.834171873000173, 24.35991170900013 ], [ 90.834788307, 24.360046042000135 ], [ 90.836169891000111, 24.360160351000104 ], [ 90.836452579000024, 24.360227590000079 ], [ 90.836735805000046, 24.360294956000132 ], [ 90.837410821000105, 24.360623126000121 ], [ 90.837874489000114, 24.360997098000155 ], [ 90.838407887000187, 24.361903916000017 ], [ 90.838644423000062, 24.362309661000097 ], [ 90.838813260000052, 24.362832913999966 ], [ 90.838947188000134, 24.363093765000144 ], [ 90.839093538000157, 24.363547320000123 ], [ 90.839182181000126, 24.363717218000147 ], [ 90.839303020999978, 24.36394882400009 ], [ 90.839661197000169, 24.365029203000063 ], [ 90.839744253999982, 24.365148414000089 ], [ 90.84019868300004, 24.365800653000122 ], [ 90.840513279000106, 24.366038235000076 ], [ 90.840873739000131, 24.366128805000073 ], [ 90.841485539000075, 24.366116378000072 ], [ 90.842258657000116, 24.365990787000044 ], [ 90.842550416, 24.365943390000098 ], [ 90.843716971000163, 24.365772081000046 ], [ 90.844878838000113, 24.365451775000054 ], [ 90.845103434000066, 24.365369943000189 ], [ 90.845885722000105, 24.365084914000136 ], [ 90.847540600000059, 24.364312533000088 ], [ 90.848347290000049, 24.364050631000111 ], [ 90.848654836000094, 24.364043460000119 ], [ 90.849621367, 24.36402092000003 ], [ 90.849867203000088, 24.364051209000138 ], [ 90.850287396000169, 24.364102980999974 ], [ 90.851111532000118, 24.364330911000025 ], [ 90.853967285000067, 24.365648664000048 ], [ 90.854727983000146, 24.365241088000118 ], [ 90.856016074000195, 24.364534157000151 ], [ 90.856167574000153, 24.364451009 ], [ 90.85737723900013, 24.364260623000064 ], [ 90.857850414000097, 24.364465371000108 ], [ 90.858339315000137, 24.364676923000047 ], [ 90.859798609999984, 24.36537282400019 ], [ 90.86089309200014, 24.365894739999987 ], [ 90.862461786000097, 24.366871505000063 ], [ 90.863454262000118, 24.367368423000187 ], [ 90.863809579000133, 24.36754632300017 ], [ 90.865573363000067, 24.368473266000024 ], [ 90.866323720000082, 24.36874454499997 ], [ 90.86743682600013, 24.369146961000069 ], [ 90.867815372000052, 24.369283812000106 ], [ 90.868768819000138, 24.369750123000074 ], [ 90.868976365000094, 24.369851629000095 ], [ 90.870293853000192, 24.370555499999966 ], [ 90.870325616000059, 24.370572470000127 ], [ 90.872161123000126, 24.371685334000063 ], [ 90.871720664, 24.372743871000125 ], [ 90.871557586000051, 24.372729616000129 ], [ 90.87165885700017, 24.37356550200019 ], [ 90.871567839000079, 24.373861797000075 ], [ 90.871274441000139, 24.374211183000057 ], [ 90.870957070000088, 24.374383970000054 ], [ 90.87052420100008, 24.37461963700008 ], [ 90.869610527000134, 24.374740031000101 ], [ 90.868724994000161, 24.375641451000092 ], [ 90.867811300000028, 24.375759575000075 ], [ 90.867212274000053, 24.376115219000042 ], [ 90.866771367000069, 24.376238089000083 ], [ 90.866252756000051, 24.376382611000111 ], [ 90.864827328000047, 24.376465259000042 ], [ 90.864366719000031, 24.376424990000146 ], [ 90.863952557000061, 24.376328008000144 ], [ 90.863029206000135, 24.37611426300009 ], [ 90.862468506000141, 24.376126484000167 ], [ 90.862172912000176, 24.376352393000104 ], [ 90.861873218000085, 24.376581432000137 ], [ 90.861265126000035, 24.376693262000174 ], [ 90.860748079000132, 24.37650880200016 ], [ 90.860659103000046, 24.376427835000129 ], [ 90.86032643600015, 24.37612511500015 ], [ 90.85999211900014, 24.375350332000039 ], [ 90.859622578000199, 24.375016017 ], [ 90.858851076000121, 24.374837508999974 ], [ 90.85808487800017, 24.374805724000112 ], [ 90.857884881000189, 24.37476181400001 ], [ 90.857673854000041, 24.374715482000113 ], [ 90.857464616000186, 24.374574424000173 ], [ 90.857263797000144, 24.374677162000125 ], [ 90.856549930000142, 24.374794844000121 ], [ 90.856007693000151, 24.375194522000129 ], [ 90.855865505000111, 24.375493356000163 ], [ 90.855854373000057, 24.375611547000062 ], [ 90.855828695000071, 24.375884160000169 ], [ 90.855863614000043, 24.376072630000124 ], [ 90.855955311000059, 24.376567557000158 ], [ 90.855981820000068, 24.377301191000072 ], [ 90.855706456000178, 24.378140385000052 ], [ 90.855135470000164, 24.379281537000168 ], [ 90.854675146000091, 24.379774143000077 ], [ 90.854508223000039, 24.379952771000092 ], [ 90.854153435, 24.380332433999968 ], [ 90.852363041000046, 24.381597849000173 ], [ 90.852268224000113, 24.381794809000098 ], [ 90.852275059000192, 24.381984110000019 ], [ 90.851692957000182, 24.382395516000145 ], [ 90.851661295000042, 24.382417894000071 ], [ 90.851566477, 24.382614854 ], [ 90.851577071000179, 24.382908309000015 ], [ 90.851686217000179, 24.383101863000093 ], [ 90.85177226400009, 24.384079007000082 ], [ 90.851593232000198, 24.384768639000129 ], [ 90.851566981000076, 24.384825683000031 ], [ 90.851545820000183, 24.384871667000141 ], [ 90.851110921000156, 24.38581670800005 ], [ 90.851062855000123, 24.385893903000181 ], [ 90.851505081000084, 24.386088906000055 ], [ 90.853093810000189, 24.386353162000034 ], [ 90.853403058000197, 24.386608810000041 ], [ 90.853572373000077, 24.386951040000156 ], [ 90.853573327000163, 24.387093274 ], [ 90.853534114000183, 24.387202341000034 ], [ 90.853398258000141, 24.387959052000042 ], [ 90.852617730000077, 24.388201494000043 ], [ 90.852239566000037, 24.388330059000111 ], [ 90.85181204800017, 24.388359554000147 ], [ 90.849857268000108, 24.38836617700008 ], [ 90.849786919000053, 24.388366414000188 ], [ 90.849529180000104, 24.388532678999979 ], [ 90.849294757000166, 24.388683005000189 ], [ 90.849177102000112, 24.388968147000128 ], [ 90.848999833000107, 24.390755053000191 ], [ 90.848999032000108, 24.391281125000035 ], [ 90.848998123000172, 24.392159411000023 ], [ 90.84930612900007, 24.392412815000057 ], [ 90.850745990000064, 24.392431829000031 ], [ 90.851807942, 24.392527459000121 ], [ 90.8521214820002, 24.392685999000093 ], [ 90.852478578999978, 24.39309039200009 ], [ 90.852534656000103, 24.393308408000166 ], [ 90.852617173999988, 24.393629224000051 ], [ 90.852579721000041, 24.394579952000015 ], [ 90.852571359000194, 24.394792245000133 ], [ 90.852683684000169, 24.396008561000031 ], [ 90.852974351000171, 24.396929740000132 ], [ 90.85353636800005, 24.398710846000085 ], [ 90.85375690800015, 24.399885908000101 ], [ 90.85374429500007, 24.400228712000057 ], [ 90.85383821400012, 24.400519890000169 ], [ 90.85404359000006, 24.400721932000181 ], [ 90.854295542000159, 24.400880518000179 ], [ 90.854459547000147, 24.400983747000112 ], [ 90.854776773000083, 24.401045174000103 ], [ 90.85503304000008, 24.401298859000065 ], [ 90.855318218000036, 24.402184555000133 ], [ 90.855409619000056, 24.402576896000028 ], [ 90.855382748000011, 24.403254382000114 ], [ 90.855488115000128, 24.404462546000047 ], [ 90.855492962000085, 24.404518121000137 ], [ 90.85549439100015, 24.405827628000054 ], [ 90.855437708000125, 24.405922774000089 ], [ 90.855671805000043, 24.407077095000147 ], [ 90.855973278000022, 24.408563613000013 ], [ 90.856121371000143, 24.408860803000096 ], [ 90.856225903000052, 24.408914399000082 ], [ 90.856111905000034, 24.409102440000083 ], [ 90.856157609000093, 24.409298607999972 ], [ 90.856775335000066, 24.409859559000154 ], [ 90.857109295000157, 24.410844319999967 ], [ 90.857364057000098, 24.411145421000128 ], [ 90.857628285000089, 24.411204885000075 ], [ 90.857884595000201, 24.41146082 ], [ 90.85822282800018, 24.412346210000067 ], [ 90.858232715000042, 24.412431143000106 ], [ 90.858262750000108, 24.412689168000043 ], [ 90.858194458000128, 24.413073378000036 ], [ 90.857960865000109, 24.413333150000028 ], [ 90.857859790000191, 24.413445551 ], [ 90.857686974999979, 24.413778425000032 ], [ 90.857611865000194, 24.414497245000177 ], [ 90.857366544000058, 24.414560394000148 ], [ 90.857198899000139, 24.414746482999988 ], [ 90.857201137000118, 24.415212256000075 ], [ 90.857148948000145, 24.415255803000036 ], [ 90.856664656000078, 24.415380463000076 ], [ 90.856497010000055, 24.415566550999984 ], [ 90.856497674000082, 24.415705029000094 ], [ 90.856503073999988, 24.416830423000135 ], [ 90.856599932000051, 24.417024495000192 ], [ 90.856806866000113, 24.417179111 ], [ 90.857654159000106, 24.417314294000107 ], [ 90.858612396000069, 24.417356276000191 ], [ 90.859721801000148, 24.417600593000088 ], [ 90.860296014000141, 24.417917935000048 ], [ 90.860730964000084, 24.41834721000015 ], [ 90.860757741000043, 24.418373638 ], [ 90.860847027000148, 24.418813397000065 ], [ 90.860828114000128, 24.419296669000062 ], [ 90.860352605000116, 24.42053663500019 ], [ 90.860208099000033, 24.421499272000176 ], [ 90.860242486000118, 24.42159632500011 ], [ 90.860592110000141, 24.422583080000152 ], [ 90.860671941000078, 24.423264474 ], [ 90.8607689050001, 24.423425638000026 ], [ 90.860476500000118, 24.423569350000037 ], [ 90.860362495000061, 24.423757393000017 ], [ 90.860302562000129, 24.42412994600005 ], [ 90.859774585000082, 24.424389433000101 ], [ 90.859660579000035, 24.424577476000138 ], [ 90.859645596000121, 24.424670603000095 ], [ 90.859469387000047, 24.424782984000046 ], [ 90.859409041, 24.424975237000069 ], [ 90.859499071000187, 24.425124154000059 ], [ 90.859478277000051, 24.425149730000044 ], [ 90.858767459000035, 24.425603063000153 ], [ 90.858707111, 24.425795315000073 ], [ 90.858734505000143, 24.425840627000071 ], [ 90.858572610000181, 24.425905675000138 ], [ 90.858187023000141, 24.426228467000044 ], [ 90.85790536900015, 24.426604854000175 ], [ 90.85783485900015, 24.426755729000149 ], [ 90.857485079000185, 24.427048540000101 ], [ 90.857203421000122, 24.427424926000185 ], [ 90.856737914000064, 24.428420984000184 ], [ 90.856521061000137, 24.429609818000131 ], [ 90.856466232000173, 24.429910398000118 ], [ 90.856334925000056, 24.430162385000074 ], [ 90.856292775000099, 24.430243273000031 ], [ 90.856127870000023, 24.430381932000046 ], [ 90.855645037000158, 24.430456913000114 ], [ 90.853351291000081, 24.43049921700009 ], [ 90.852492312000152, 24.430655332000129 ], [ 90.852273134000143, 24.430753784999979 ], [ 90.852190756000084, 24.430954021000048 ], [ 90.852034426000102, 24.433562634000168 ], [ 90.852007536000031, 24.434240119000151 ], [ 90.852104762000067, 24.434487927000077 ], [ 90.851878239000087, 24.434816581000064 ], [ 90.851743130000159, 24.435537572000158 ], [ 90.851519367000037, 24.435818797000024 ], [ 90.85125294300019, 24.43580675000004 ], [ 90.851135489000058, 24.435853904 ], [ 90.850819455000192, 24.435980780000023 ], [ 90.850500613000122, 24.435966769 ], [ 90.850247946000081, 24.435615976000065 ], [ 90.850286003000122, 24.43329250700009 ], [ 90.850240299000063, 24.433096337000052 ], [ 90.850037010000051, 24.432844608999972 ], [ 90.849772725000093, 24.432782874000111 ], [ 90.84896524200019, 24.432990609000171 ], [ 90.847999536000032, 24.433140523000134 ], [ 90.847627050000142, 24.433124548000137 ], [ 90.847355435000111, 24.433257020999974 ], [ 90.846611980000148, 24.433175387000176 ], [ 90.845715226000038, 24.432941078000056 ], [ 90.845395773000178, 24.432927059000065 ], [ 90.845189444000027, 24.43286499400017 ], [ 90.844448588000034, 24.432643676000168 ], [ 90.843422962000091, 24.432935813000086 ], [ 90.843105648000119, 24.432872107000151 ], [ 90.842796305000036, 24.43261644200004 ], [ 90.842702782000174, 24.432273781 ], [ 90.842784907000123, 24.431550833000074 ], [ 90.842579483000179, 24.431346520000091 ], [ 90.841726304000019, 24.431358041000067 ], [ 90.841397799000106, 24.431247844000097 ], [ 90.840726561000167, 24.431022675000065 ], [ 90.840458612000134, 24.431058031000134 ], [ 90.84035576600013, 24.431110913000055 ], [ 90.840023602000031, 24.431281707000153 ], [ 90.839863874000116, 24.431273563000047 ], [ 90.839187252000102, 24.430855113000064 ], [ 90.838922993000153, 24.430795619000094 ], [ 90.838452449000158, 24.430567136000093 ], [ 90.837070455000173, 24.429896066000026 ], [ 90.83683124800001, 24.429779909000047 ], [ 90.834410392000109, 24.429281059000175 ], [ 90.833235225000124, 24.429038883000032 ], [ 90.832557727, 24.428952153000125 ], [ 90.832068438000135, 24.428889516000027 ], [ 90.832012282000107, 24.42897562100012 ], [ 90.831671105, 24.429501302 ], [ 90.831475929000021, 24.429723507 ], [ 90.831057327000053, 24.430200073000037 ], [ 90.830829231000166, 24.430578376000142 ], [ 90.830823397000074, 24.430722907000131 ], [ 90.831323036000072, 24.431217156000059 ], [ 90.831586908000077, 24.431478179000067 ], [ 90.83194417600015, 24.432033039000146 ], [ 90.83206036100006, 24.432496578000041 ], [ 90.832128369000031, 24.432769071000109 ], [ 90.832105721000119, 24.433350697000094 ], [ 90.832080851000171, 24.433434388000023 ], [ 90.831743614000061, 24.43456925400011 ], [ 90.831551971000124, 24.435214158 ], [ 90.831408945000192, 24.435965133000082 ], [ 90.83045729100013, 24.435566600000072 ], [ 90.82964236700019, 24.435475491000034 ], [ 90.829121005000047, 24.435573929000043 ], [ 90.828829692, 24.435728455 ], [ 90.828371717000039, 24.435941241000023 ], [ 90.827159909000159, 24.436080994000179 ], [ 90.827326497000058, 24.436882924000088 ], [ 90.827540285000168, 24.437646399000073 ], [ 90.827611707000074, 24.437847729000055 ], [ 90.824887604000196, 24.441036223000083 ], [ 90.825101755000048, 24.441161623000141 ], [ 90.82522831700004, 24.441235733000042 ], [ 90.82605439200006, 24.4417666330001 ], [ 90.82558631500018, 24.441830537000101 ], [ 90.823617907000198, 24.44168548100015 ], [ 90.823510538000107, 24.441694979000033 ], [ 90.823028170000157, 24.441783327000053 ], [ 90.822705452000093, 24.441928453000173 ], [ 90.82257078300006, 24.442091672000117 ], [ 90.822672437000108, 24.442752718000065 ], [ 90.822812644000066, 24.443664450000028 ], [ 90.823084710000046, 24.445365498000058 ], [ 90.823244322999983, 24.446155673000192 ], [ 90.822880823000105, 24.446252955000034 ], [ 90.822753559000091, 24.446300095000026 ], [ 90.822086258000184, 24.446467474000144 ], [ 90.821745956000086, 24.446666822000111 ], [ 90.821688239000025, 24.446714462000159 ], [ 90.821331544000088, 24.446746714000142 ], [ 90.821193850999975, 24.446766578 ], [ 90.821022599000059, 24.446763685000064 ], [ 90.820867680999982, 24.446703354000135 ], [ 90.820724074000111, 24.44659764000005 ], [ 90.820687234000104, 24.446570521000069 ], [ 90.820582234000085, 24.446479333000127 ], [ 90.820490108000115, 24.44644160100006 ], [ 90.820427538999979, 24.446453410000061 ], [ 90.820261105999975, 24.44654989300011 ], [ 90.82017362800002, 24.446584777000169 ], [ 90.820031660000041, 24.446589370000083 ], [ 90.819848052000111, 24.446613305000028 ], [ 90.819131837999976, 24.446727422000151 ], [ 90.818969335000133, 24.446785649999981 ], [ 90.81896672, 24.446836319 ], [ 90.818906186000163, 24.44684102400015 ], [ 90.818848206000155, 24.446755316000122 ], [ 90.817543791000162, 24.446840886000132 ], [ 90.817394388000139, 24.447202704000063 ], [ 90.817337819000159, 24.447339699000111 ], [ 90.817241777000049, 24.44757228800006 ], [ 90.817153472000086, 24.447526952000032 ], [ 90.816805927000189, 24.447387370000058 ], [ 90.816508597000109, 24.447262810000041 ], [ 90.8162906660001, 24.447145466000109 ], [ 90.816018912000175, 24.447101054000143 ], [ 90.815242148000038, 24.44710906600011 ], [ 90.814733059000105, 24.447117045000141 ], [ 90.814673914000082, 24.447131715000125 ], [ 90.814145164000024, 24.447262865000141 ], [ 90.812951036000186, 24.447559046000038 ], [ 90.812915284000098, 24.447567914000047 ], [ 90.811243885000067, 24.447982453000179 ], [ 90.809693992000177, 24.448366839000187 ], [ 90.809405996000123, 24.448395143000027 ], [ 90.809009097000057, 24.448374327000067 ], [ 90.808687324000175, 24.448345462000077 ], [ 90.80859850000013, 24.448335947000089 ], [ 90.808358335000037, 24.448310218000188 ], [ 90.808177445000183, 24.448290840000027 ], [ 90.808100645000081, 24.448301975000106 ], [ 90.808093851000194, 24.448496964000185 ], [ 90.808077986000058, 24.448813142000063 ], [ 90.808133296000165, 24.448977666000189 ], [ 90.808188838000149, 24.449178314000051 ], [ 90.808300815000109, 24.449354867000011 ], [ 90.808335836000083, 24.449410083000146 ], [ 90.808500517000084, 24.449707233000026 ], [ 90.80866078300005, 24.449899756000093 ], [ 90.808734475999984, 24.449959626000066 ], [ 90.808929291000027, 24.450679961000048 ], [ 90.808947380000063, 24.451334586000144 ], [ 90.809086296000146, 24.452888558000097 ], [ 90.80908648000019, 24.452915910000058 ], [ 90.808750812000142, 24.454828343000088 ], [ 90.808543729000121, 24.456008153000028 ], [ 90.808523735000051, 24.456122066000148 ], [ 90.808407895000073, 24.456782026000042 ], [ 90.808350369000095, 24.457183871000154 ], [ 90.808264106000195, 24.457786436000163 ], [ 90.808146293000107, 24.458609385000159 ], [ 90.80790807, 24.460273390000054 ], [ 90.807838855000057, 24.460865522 ], [ 90.807888718000186, 24.460874532000048 ], [ 90.807603197000105, 24.462043430000165 ], [ 90.80705293300008, 24.463152449000177 ], [ 90.806934539000054, 24.463608761999978 ], [ 90.806714169000088, 24.464621061000173 ], [ 90.806690621000087, 24.465022626000064 ], [ 90.806687561000047, 24.465361953000183 ], [ 90.806667286000049, 24.465457642000047 ], [ 90.806599618000121, 24.465654421000067 ], [ 90.806519771000183, 24.465824501999975 ], [ 90.806467892000057, 24.465913467000178 ], [ 90.806109239000136, 24.466618114000141 ], [ 90.806003573000112, 24.466571156000157 ], [ 90.80594497900006, 24.466545116000134 ], [ 90.805640190000133, 24.466565356 ], [ 90.805506740000112, 24.46663039200007 ], [ 90.80517361700015, 24.466794654000182 ], [ 90.804746482999974, 24.466954637000185 ], [ 90.804272143, 24.467081416999974 ], [ 90.80289353500018, 24.467364257000099 ], [ 90.802077114000042, 24.467561426000032 ], [ 90.8017184630001, 24.467699556000071 ], [ 90.805631665000078, 24.467648807000046 ], [ 90.804945554000199, 24.469353535000039 ], [ 90.804601011000045, 24.470136306000086 ], [ 90.804245537000099, 24.47094389900019 ], [ 90.803816654000059, 24.472475469000074 ], [ 90.803662312000085, 24.474483482000039 ], [ 90.804061575000162, 24.474863679000123 ], [ 90.804338318000077, 24.475684198000067 ], [ 90.804342882000071, 24.475876772000049 ], [ 90.804366858000094, 24.476888360000089 ], [ 90.8040393550001, 24.477941489000102 ], [ 90.803812881, 24.478458828000157 ], [ 90.80334606200006, 24.478924883000104 ], [ 90.803198377000172, 24.479074681000043 ], [ 90.802542261000042, 24.479285885000138 ], [ 90.801942563000182, 24.479641284000138 ], [ 90.801435663000177, 24.479750090000039 ], [ 90.801031141000067, 24.479858350000143 ], [ 90.800521158000095, 24.479870086000062 ], [ 90.800107679000064, 24.479732292 ], [ 90.799580418000062, 24.479254175000165 ], [ 90.799077497999974, 24.478039891000037 ], [ 90.798784491000163, 24.477807239000185 ], [ 90.798646019999978, 24.477705971000148 ], [ 90.798197833000131, 24.477717162999966 ], [ 90.797953022000058, 24.478016482000157 ], [ 90.798022760000094, 24.478505186000064 ], [ 90.798187053000106, 24.47884385500015 ], [ 90.79819970300008, 24.47918697 ], [ 90.797956423000073, 24.479533697000193 ], [ 90.797822924000116, 24.48007627000004 ], [ 90.797724254000116, 24.480176133000043 ], [ 90.797996830000102, 24.48066011800006 ], [ 90.798406943000032, 24.482120995000059 ], [ 90.7993128600001, 24.483177363000038 ], [ 90.799639719000083, 24.483758141000123 ], [ 90.79992651200007, 24.484634900000117 ], [ 90.800085631000172, 24.484964533000095 ], [ 90.800698352000154, 24.486233838000089 ], [ 90.80128054, 24.486808740000015 ], [ 90.801841694000075, 24.487753795000174 ], [ 90.802313594000054, 24.48854852300019 ], [ 90.802893631000188, 24.489073760000053 ], [ 90.8038119160002, 24.489053070000125 ], [ 90.804150082000149, 24.489272535000055 ], [ 90.804177952000146, 24.489290449000123 ], [ 90.804192155000123, 24.489680967000083 ], [ 90.803954751000049, 24.490176685000051 ], [ 90.803966802000048, 24.490519805000019 ], [ 90.804188230000079, 24.49100404700016 ], [ 90.804297365000139, 24.491287218000025 ], [ 90.804670249000083, 24.491631401000177 ], [ 90.805133417000036, 24.491719241000169 ], [ 90.805643445000157, 24.49170749200016 ], [ 90.805905571000153, 24.49189800400012 ], [ 90.806848400000092, 24.493981414000189 ], [ 90.807027284000128, 24.494222788000116 ], [ 90.807170068000062, 24.494415447000165 ], [ 90.807326724000063, 24.494509435999987 ], [ 90.807634799000084, 24.494552944000077 ], [ 90.808802573000037, 24.494379618000096 ], [ 90.808958878000112, 24.494332875000055 ], [ 90.809070485000177, 24.494299499000135 ], [ 90.810570704000042, 24.493850850000058 ], [ 90.810876594000149, 24.493842433000168 ], [ 90.811601296000049, 24.494120763000069 ], [ 90.811785334000035, 24.494287532000101 ], [ 90.81191833600019, 24.494408054000132 ], [ 90.812002502000041, 24.494552332000183 ], [ 90.812679868000146, 24.495713466000154 ], [ 90.812706473000105, 24.495734614000128 ], [ 90.81310022800011, 24.49604761300003 ], [ 90.813616152000179, 24.496182558000044 ], [ 90.813774367000178, 24.496326202000034 ], [ 90.813841334000131, 24.496763851000139 ], [ 90.813644015000079, 24.496965854000052 ], [ 90.813341194000145, 24.497069088000046 ], [ 90.81319351500008, 24.497221152 ], [ 90.813262652000049, 24.497708459000137 ], [ 90.813296544000195, 24.497754391000171 ], [ 90.813476711000078, 24.497998559000109 ], [ 90.814208861000054, 24.498471003000134 ], [ 90.814631389000056, 24.498852548000173 ], [ 90.815111318000049, 24.499430201000109 ], [ 90.815612928000178, 24.500594761000173 ], [ 90.815855479000049, 24.501665894000098 ], [ 90.816015877000041, 24.501859195000179 ], [ 90.815967847000138, 24.501938167000162 ], [ 90.815774777000172, 24.502255610000191 ], [ 90.815373906000104, 24.502460974000144 ], [ 90.815028881000046, 24.502812790000121 ], [ 90.815041565000058, 24.503153646999976 ], [ 90.81537227400014, 24.503833707000126 ], [ 90.815375773000198, 24.503933535000044 ], [ 90.815135107000174, 24.503938707000088 ], [ 90.814781089000178, 24.504044476000047 ], [ 90.814524189000053, 24.504000707000102 ], [ 90.813815226000088, 24.504164830999969 ], [ 90.813154843000063, 24.50448112000015 ], [ 90.812663095000062, 24.504981915000087 ], [ 90.812524419000169, 24.505171977000032 ], [ 90.812482205000038, 24.505418303000113 ], [ 90.812617712000133, 24.506345517000113 ], [ 90.81272691200013, 24.50653909600004 ], [ 90.812682527000106, 24.506735762000176 ], [ 90.81289721800016, 24.507025861000102 ], [ 90.813071233000073, 24.507609683000112 ], [ 90.813110239000139, 24.50868643299998 ], [ 90.81329136800008, 24.509728665000068 ], [ 90.813432474000081, 24.510540583000136 ], [ 90.813460343000145, 24.511323877999985 ], [ 90.813283112000136, 24.512063125000168 ], [ 90.813313137000023, 24.512893822000024 ], [ 90.813170070000183, 24.51319036100017 ], [ 90.812823456000103, 24.513492509000116 ], [ 90.812417286000084, 24.513551144000076 ], [ 90.811977249000165, 24.514099890000182 ], [ 90.811903950000044, 24.51488598800006 ], [ 90.811973905000059, 24.516843099000027 ], [ 90.812102608000146, 24.517573922000054 ], [ 90.812132640000129, 24.518406878 ], [ 90.812125412000114, 24.518434010000135 ], [ 90.812042940000197, 24.518752800000073 ], [ 90.811951244000056, 24.51888424200007 ], [ 90.811800242000174, 24.519099544000142 ], [ 90.811502645000189, 24.519351759000131 ], [ 90.811280718000035, 24.519443043000081 ], [ 90.810735363999981, 24.519667358000049 ], [ 90.810684143000117, 24.519710767 ], [ 90.809677469000121, 24.520124826000085 ], [ 90.808968412000183, 24.520288933000074 ], [ 90.808153837000191, 24.520354257000122 ], [ 90.807385224000086, 24.52027483400002 ], [ 90.805427795000071, 24.520174546000078 ], [ 90.805389970000022, 24.520172607 ], [ 90.804922427000179, 24.520182982999984 ] ] ] } },
{ "type": "Feature", "properties": { "adm3_name": "Kuliarchar", "adm3_name1": null, "adm3_name2": null, "adm3_name3": null, "adm3_pcode": "BD30480054", "adm2_name": "Kishoreganj", "adm2_name1": null, "adm2_name2": null, "adm2_name3": null, "adm2_pcode": "BD3048", "adm1_name": "Dhaka", "adm1_name1": null, "adm1_name2": null, "adm1_name3": null, "adm1_pcode": "BD30", "adm0_name": "Bangladesh", "adm0_name1": null, "adm0_name2": null, "adm0_name3": null, "adm0_pcode": "BD", "valid_on": "2023-05-21T00:00:00", "valid_to": null, "area_sqkm": 105.01635128, "version": "v03", "lang": "en", "lang1": null, "lang2": null, "lang3": null, "adm3_ref_name": null, "center_lat": 24.15311063, "center_lon": 90.88661308, "female_pop": null, "male_pop": null, "total_pop": null, "nearest_facility_min": 13.942504499335412 }, "geometry": { "type": "Polygon", "coordinates": [ [ [ 90.841554199000086, 24.216539308000051 ], [ 90.841447438000046, 24.216776973000094 ], [ 90.841498565000109, 24.217158264000091 ], [ 90.841233303000195, 24.217534534000151 ], [ 90.840894622000121, 24.217705920000128 ], [ 90.840863399000114, 24.21772171900011 ], [ 90.839443785000071, 24.217957468000122 ], [ 90.83927572500005, 24.217888251000034 ], [ 90.83869833000017, 24.217313425000043 ], [ 90.838541960000157, 24.21702528100019 ], [ 90.83854286900015, 24.216788203000135 ], [ 90.838702866000176, 24.216408004000186 ], [ 90.838650852000114, 24.21626604700009 ], [ 90.838545591000013, 24.216169539000077 ], [ 90.838071641000056, 24.216070544000161 ], [ 90.83749213599998, 24.216112116000033 ], [ 90.837466156000175, 24.216037059000143 ], [ 90.837691059, 24.216005175000191 ], [ 90.838353933000178, 24.215818643000034 ], [ 90.838446715000032, 24.215737897000054 ], [ 90.83891267600012, 24.215332386 ], [ 90.838926521000133, 24.215308869000125 ], [ 90.839115371000105, 24.214988076000111 ], [ 90.83914195400007, 24.214886417000173 ], [ 90.83946421700017, 24.213654025000153 ], [ 90.839783465000153, 24.213032260000148 ], [ 90.840574479000054, 24.211491658 ], [ 90.840804748000153, 24.210904679 ], [ 90.840825687000063, 24.210851302000151 ], [ 90.840977965000036, 24.210703701000114 ], [ 90.841081136000128, 24.210365997000054 ], [ 90.841128593000064, 24.210210658000051 ], [ 90.841431204000116, 24.209619687000099 ], [ 90.841983066000125, 24.208092591000081 ], [ 90.84200736400004, 24.207083396000144 ], [ 90.842021383000031, 24.206501133000188 ], [ 90.842023680000125, 24.206405754 ], [ 90.841911734000121, 24.204916195000123 ], [ 90.841443493000156, 24.203618261000031 ], [ 90.841184801000111, 24.203116187999967 ], [ 90.841077708, 24.20298303900006 ], [ 90.840768706, 24.202598852000165 ], [ 90.840051210000183, 24.201706769000168 ], [ 90.839759660000198, 24.201437773000123 ], [ 90.839228986000194, 24.200948147000076 ], [ 90.83906989500008, 24.200791813000137 ], [ 90.838612078000097, 24.200341924000099 ], [ 90.837431683000034, 24.199578490000192 ], [ 90.837225725000053, 24.199326742000153 ], [ 90.836748104000094, 24.198972185000059 ], [ 90.836609811000073, 24.198869524000145 ], [ 90.83573721700003, 24.198307589000137 ], [ 90.835472455000115, 24.198067936000086 ], [ 90.835168689000056, 24.197792976000073 ], [ 90.833835547000035, 24.196586234000051 ], [ 90.832651634000058, 24.195177032000174 ], [ 90.831825981000065, 24.193971332000046 ], [ 90.83173273400007, 24.193755835000104 ], [ 90.831566716000168, 24.193372157000113 ], [ 90.831360782, 24.193120400000169 ], [ 90.831008405000091, 24.192437140000152 ], [ 90.830791808000185, 24.192017152 ], [ 90.830277466999974, 24.191462264000108 ], [ 90.829812614000161, 24.190660999000158 ], [ 90.829081935000033, 24.18988922799997 ], [ 90.82867013800012, 24.189454265000165 ], [ 90.828474939000046, 24.189248083000166 ], [ 90.828334281000139, 24.189167720000171 ], [ 90.828108096000165, 24.189038490000144 ], [ 90.82739842400008, 24.188633019000065 ], [ 90.826575423000122, 24.187824655000156 ], [ 90.826009407000186, 24.187170686000115 ], [ 90.825545218000059, 24.1864664900001 ], [ 90.825353657999983, 24.186050015000035 ], [ 90.825338031000058, 24.186016041000073 ], [ 90.825303455000039, 24.185965502000045 ], [ 90.824822460000121, 24.185262447000071 ], [ 90.824757657000191, 24.185137050000094 ], [ 90.823837025000046, 24.183353849000071 ], [ 90.82359705000016, 24.182706359000122 ], [ 90.822488027000134, 24.179713945000174 ], [ 90.822486450000099, 24.179467847000069 ], [ 90.822278010000105, 24.178818707000175 ], [ 90.82223211400003, 24.178694926000162 ], [ 90.822018173000174, 24.178117913000108 ], [ 90.821655250000049, 24.177268653000169 ], [ 90.821246519000113, 24.175471512000058 ], [ 90.821077229000139, 24.174727152000116 ], [ 90.820766040000194, 24.173979217000124 ], [ 90.820673252000176, 24.173455752000109 ], [ 90.820660083000064, 24.173381453000047 ], [ 90.820526337, 24.173248957000112 ], [ 90.820512091000069, 24.173226558000124 ], [ 90.820428267000068, 24.173021258 ], [ 90.820350153000163, 24.172829943000067 ], [ 90.820340525000063, 24.172717355000032 ], [ 90.820308833000126, 24.172346729000083 ], [ 90.820239770000171, 24.171539037000059 ], [ 90.820256863000111, 24.170276276000095 ], [ 90.820263824000051, 24.169762039000091 ], [ 90.820274462000043, 24.168976171000054 ], [ 90.820452016000161, 24.167877892000092 ], [ 90.820435896000049, 24.167809615000181 ], [ 90.819933488000061, 24.165681518000042 ], [ 90.819951877000108, 24.165537310000047 ], [ 90.819987425000193, 24.165258539000149 ], [ 90.82010808400014, 24.164312311 ], [ 90.820252467999978, 24.163704168000038 ], [ 90.820490930000176, 24.162702650000142 ], [ 90.821190592000164, 24.160899363000055 ], [ 90.821821004000128, 24.159785683000109 ], [ 90.822264903000132, 24.159001482000178 ], [ 90.822705832000111, 24.158398513000066 ], [ 90.823375498000132, 24.15748306800009 ], [ 90.8234022850001, 24.15744644900019 ], [ 90.823709935000181, 24.1569366 ], [ 90.823732832000189, 24.156898654000088 ], [ 90.824838858000021, 24.15506566900001 ], [ 90.82498556000013, 24.154919039000163 ], [ 90.825168514000154, 24.154736173000117 ], [ 90.825358078000193, 24.154546702000175 ], [ 90.825517962000106, 24.15438689299998 ], [ 90.826201695000123, 24.153854853000041 ], [ 90.827009863000171, 24.15347986900008 ], [ 90.827887232000194, 24.153072768000072 ], [ 90.828166230000193, 24.152943312 ], [ 90.828791484000078, 24.152580349000061 ], [ 90.830070427000123, 24.151837902000011 ], [ 90.831601663000129, 24.151091241000131 ], [ 90.832138846000078, 24.150828657000091 ], [ 90.833620072000087, 24.149962584000093 ], [ 90.835834429000045, 24.148417381000058 ], [ 90.83809761100008, 24.146727375000069 ], [ 90.838884879000034, 24.146050204000062 ], [ 90.839150606000089, 24.145953914000074 ], [ 90.839486920000184, 24.146399123000037 ], [ 90.840015098000038, 24.147870603000115 ], [ 90.840191435000122, 24.148117922000097 ], [ 90.840295719000039, 24.148264185000187 ], [ 90.840735038999981, 24.148562062000053 ], [ 90.841132588000107, 24.148700095000038 ], [ 90.84117803200013, 24.148656296000013 ], [ 90.841226460000087, 24.148609620000059 ], [ 90.844015714000079, 24.145446732000039 ], [ 90.844637986000066, 24.144847207999987 ], [ 90.845894191000184, 24.144020640000178 ], [ 90.846480526000107, 24.143757733000029 ], [ 90.847794490000126, 24.143391438000151 ], [ 90.847931917000039, 24.143375682000112 ], [ 90.849920935000114, 24.143147638000073 ], [ 90.850071201000105, 24.14313040900015 ], [ 90.85016373600007, 24.143170535000081 ], [ 90.850953249000099, 24.143125590000182 ], [ 90.85139475800014, 24.143100454000091 ], [ 90.851668449000101, 24.143094411 ], [ 90.851899022000111, 24.143172150000112 ], [ 90.852080794000017, 24.143125978000057 ], [ 90.852629677000039, 24.143154523000192 ], [ 90.855594836000193, 24.143171753 ], [ 90.857747542000141, 24.14324777600018 ], [ 90.858287753000127, 24.1432933050001 ], [ 90.859304691000091, 24.143379007000135 ], [ 90.860318941000173, 24.14373229600011 ], [ 90.860971502000041, 24.144177934000027 ], [ 90.862409543000126, 24.144982652000181 ], [ 90.863562471000137, 24.145373519000088 ], [ 90.864251831000161, 24.145525411000051 ], [ 90.865166073000125, 24.145547326000042 ], [ 90.866438406000157, 24.145307548000062 ], [ 90.867117228000154, 24.145082420999984 ], [ 90.867703521000124, 24.144819434 ], [ 90.868180132000191, 24.14454441800018 ], [ 90.868916753000121, 24.144119365000108 ], [ 90.869272440000145, 24.143776401000139 ], [ 90.870256591000157, 24.143041500000152 ], [ 90.871321828000077, 24.141929065000056 ], [ 90.871272394000073, 24.141805164000175 ], [ 90.871892452000054, 24.141308403000039 ], [ 90.872043877000067, 24.141018982000162 ], [ 90.872243445000038, 24.140637545000118 ], [ 90.872303757000054, 24.140522268999973 ], [ 90.872544648000201, 24.139182724000079 ], [ 90.872452504000194, 24.137883314000078 ], [ 90.872215975000074, 24.136795013000153 ], [ 90.872120938000137, 24.136478007000051 ], [ 90.872028393000164, 24.136105305000115 ], [ 90.871998890000157, 24.135986492000143 ], [ 90.872011140000097, 24.134618162000095 ], [ 90.871899419000158, 24.134469780000074 ], [ 90.871837221000192, 24.13426031900002 ], [ 90.871360617000164, 24.132655281000098 ], [ 90.870895979000124, 24.131526746000077 ], [ 90.870835266000142, 24.131280984000171 ], [ 90.870879374000083, 24.131048546000159 ], [ 90.870493270000111, 24.130641703000151 ], [ 90.869934895000142, 24.129633526000134 ], [ 90.869867491000093, 24.129511823000087 ], [ 90.869701657000064, 24.129363749000106 ], [ 90.86964033300012, 24.129117993000023 ], [ 90.869474500000194, 24.128969917000177 ], [ 90.869301482000083, 24.128578035000089 ], [ 90.868794617000162, 24.127840340999967 ], [ 90.867064668000069, 24.125768424000057 ], [ 90.865687046000119, 24.12468117700007 ], [ 90.864870044000043, 24.124242936000144 ], [ 90.864436775000172, 24.124010527 ], [ 90.863554428999976, 24.123537223000085 ], [ 90.862079502000086, 24.122789172000125 ], [ 90.860881156000062, 24.122287910000011 ], [ 90.860665321000056, 24.122233557000072 ], [ 90.860284812000089, 24.122137736000013 ], [ 90.860174062000169, 24.122039014000052 ], [ 90.859887178000065, 24.121962120999967 ], [ 90.859414997000158, 24.121835563000161 ], [ 90.858978224000168, 24.121634813000071 ], [ 90.858715121000159, 24.121498117000158 ], [ 90.858636513000022, 24.121457276000058 ], [ 90.858595588000128, 24.121436013000164 ], [ 90.858381869000141, 24.12148237100007 ], [ 90.85821917800007, 24.121433613000136 ], [ 90.856818146000137, 24.121023541000113 ], [ 90.856319376000101, 24.120877550000046 ], [ 90.855887277000136, 24.120823526000038 ], [ 90.85523431900009, 24.120574302000023 ], [ 90.854152369000133, 24.120368117000055 ], [ 90.852791988000092, 24.119916232999969 ], [ 90.852033294000194, 24.119664207000085 ], [ 90.851329317000136, 24.119510083000137 ], [ 90.849368306000144, 24.118710422000163 ], [ 90.849335737, 24.118688904000123 ], [ 90.847941432000198, 24.117767785000069 ], [ 90.84755322400008, 24.117372554000099 ], [ 90.847529236000184, 24.117340222000109 ], [ 90.846712445000037, 24.116239248000113 ], [ 90.846082290000197, 24.114962527000102 ], [ 90.846030477999989, 24.114754617000131 ], [ 90.845715937000193, 24.113492420000057 ], [ 90.845539126, 24.112398997000071 ], [ 90.845517861000133, 24.112267492000115 ], [ 90.845505235000132, 24.11184308300011 ], [ 90.847046216000194, 24.111336007999967 ], [ 90.847700550000184, 24.111074302000191 ], [ 90.847964576000152, 24.11084343400006 ], [ 90.848400986000058, 24.110697636000111 ], [ 90.848649389000059, 24.110466853000105 ], [ 90.848852257000146, 24.110437051000133 ], [ 90.849404527000047, 24.110332664000111 ], [ 90.8498401760001, 24.110072163000154 ], [ 90.850369729000136, 24.1098398150001 ], [ 90.851023669000028, 24.109520747000147 ], [ 90.851197263000188, 24.109427441999969 ], [ 90.853117128000179, 24.108395517000133 ], [ 90.853931059999979, 24.107865258000061 ], [ 90.854235587000062, 24.107380993000049 ], [ 90.854302025000038, 24.107275341 ], [ 90.854461100000151, 24.10712324900004 ], [ 90.855372996000142, 24.106251378000081 ], [ 90.855607845000122, 24.106005861000142 ], [ 90.855869380000172, 24.105732445000058 ], [ 90.85603775800007, 24.105215347000069 ], [ 90.855848138000169, 24.104886643000043 ], [ 90.856091647000142, 24.104599032000181 ], [ 90.856043885000133, 24.104463092000117 ], [ 90.855932667000161, 24.104343078000113 ], [ 90.856108412000196, 24.104056861000174 ], [ 90.856214871000077, 24.103883483 ], [ 90.856291591000172, 24.103758536999976 ], [ 90.856658300000049, 24.10342005900003 ], [ 90.857139170000039, 24.103327050000075 ], [ 90.857974599000158, 24.103306769000085 ], [ 90.858590790000108, 24.103291807000119 ], [ 90.858976786000028, 24.103224473000012 ], [ 90.859125773000187, 24.103198484000075 ], [ 90.859234942000114, 24.103247544000055 ], [ 90.860254530000077, 24.103160525000078 ], [ 90.860472257000083, 24.103258645000039 ], [ 90.860736948000181, 24.103114909 ], [ 90.861752335000119, 24.103085082000121 ], [ 90.861973327999976, 24.103078589000063 ], [ 90.862489422000067, 24.10301856500007 ], [ 90.863071427000193, 24.102950872000065 ], [ 90.865131363000103, 24.102711265000039 ], [ 90.866377187000126, 24.102566338000031 ], [ 90.86643240799998, 24.102559915000086 ], [ 90.866642364000143, 24.10253549000015 ], [ 90.867441301000099, 24.102442543000166 ], [ 90.868714711999985, 24.102475372000129 ], [ 90.870079888000191, 24.102510555000094 ], [ 90.870455579000065, 24.102520235000043 ], [ 90.871902498000168, 24.10233813200017 ], [ 90.872951129000171, 24.102072376000024 ], [ 90.873397271000101, 24.101959307000129 ], [ 90.873943272000076, 24.101740390000089 ], [ 90.87681920000017, 24.100587252000025 ], [ 90.877808973000072, 24.10019096100001 ], [ 90.880102374000046, 24.099527508000108 ], [ 90.880898841000146, 24.099191014000155 ], [ 90.881432849000078, 24.099050207000175 ], [ 90.881649030000119, 24.099100890000159 ], [ 90.882056461000161, 24.098809508000045 ], [ 90.882123262000107, 24.09876173300006 ], [ 90.883347670000148, 24.098332441000082 ], [ 90.883433833000083, 24.098308189000022 ], [ 90.885534343000188, 24.097716938000076 ], [ 90.8865450670001, 24.09733401799997 ], [ 90.887025891000121, 24.097240913 ], [ 90.887606638000136, 24.097014013999967 ], [ 90.888620960000196, 24.096619768000039 ], [ 90.890047856000137, 24.09598843700013 ], [ 90.891222001000187, 24.095468922000066 ], [ 90.892206575000159, 24.09492153500014 ], [ 90.89230932300012, 24.094864410000127 ], [ 90.893936758000052, 24.097220173000096 ], [ 90.895256169000049, 24.097548312000129 ], [ 90.895405356000197, 24.097553197000082 ], [ 90.897388631000069, 24.097618125000167 ], [ 90.898390693000067, 24.097777632000088 ], [ 90.899017380000089, 24.097877383000082 ], [ 90.900451535, 24.098227380000026 ], [ 90.90189652000015, 24.098279833 ], [ 90.902737022000053, 24.098310336000111 ], [ 90.903283140000099, 24.098330153000063 ], [ 90.907013642000038, 24.098335241000143 ], [ 90.907141116000105, 24.098335412999973 ], [ 90.907383082000024, 24.098335740000095 ], [ 90.910569646999988, 24.098018093 ], [ 90.910945803000061, 24.097928678000187 ], [ 90.911228253000161, 24.097861537000028 ], [ 90.914565174000131, 24.097068277000119 ], [ 90.915298257000074, 24.096977536000168 ], [ 90.915246015000037, 24.096496272000138 ], [ 90.915551698, 24.096507988000042 ], [ 90.91581274300006, 24.096468044000119 ], [ 90.916048262000061, 24.096431722000148 ], [ 90.916117397, 24.096421060000125 ], [ 90.917519092000077, 24.096364844000107 ], [ 90.918235707000122, 24.096336099000098 ], [ 90.921601880000196, 24.096608957000115 ], [ 90.921858429000054, 24.096629749000101 ], [ 90.923545703, 24.096766486000092 ], [ 90.924178098000198, 24.096817730999987 ], [ 90.924329130999979, 24.096829969000112 ], [ 90.925203408000129, 24.096899832000133 ], [ 90.925980420000144, 24.096961919000023 ], [ 90.926139189000196, 24.096974604000081 ], [ 90.926377903000059, 24.096993677000171 ], [ 90.926806379000141, 24.097126231000118 ], [ 90.927029296000057, 24.097195192000072 ], [ 90.927304340000035, 24.097392214000024 ], [ 90.927070021000134, 24.098037387000034 ], [ 90.926971294000055, 24.098331505000033 ], [ 90.926966209000057, 24.098451486999977 ], [ 90.926940281000043, 24.099063237000166 ], [ 90.927077453000038, 24.10180342700005 ], [ 90.926919255000087, 24.103734717000123 ], [ 90.926881311000159, 24.10419793 ], [ 90.926567332, 24.104488840000101 ], [ 90.925381958000173, 24.104479442000013 ], [ 90.925275907000184, 24.104478601000039 ], [ 90.925199232000125, 24.104549501000065 ], [ 90.92506698700015, 24.104671781000036 ], [ 90.92507111700013, 24.104818517000126 ], [ 90.925193946000036, 24.105309981000119 ], [ 90.92524505300014, 24.105423693000091 ], [ 90.925632880000137, 24.106286589000092 ], [ 90.925943864000089, 24.106978502000061 ], [ 90.926065111000128, 24.107420304000186 ], [ 90.926405726000155, 24.108009794000111 ], [ 90.927024591000077, 24.108895631000109 ], [ 90.927141097000117, 24.109190701000045 ], [ 90.927475387000072, 24.109583796000152 ], [ 90.927593467000065, 24.109926270000074 ], [ 90.927934728000196, 24.110518010000135 ], [ 90.928161395000188, 24.110909497000137 ], [ 90.929002840000066, 24.112042335000069 ], [ 90.929123468000114, 24.112283568000066 ], [ 90.929175058000112, 24.112386737000122 ], [ 90.92939602600012, 24.112584083000115 ], [ 90.929683171000136, 24.113173889999985 ], [ 90.930353994000143, 24.114009724000027 ], [ 90.930566005000173, 24.114347652000106 ], [ 90.931032757000082, 24.115091607000124 ], [ 90.931298626000171, 24.115237033000085 ], [ 90.93259623300014, 24.115203996000105 ], [ 90.933343905000186, 24.115014286000019 ], [ 90.933643354000196, 24.114695119000032 ], [ 90.933708229000104, 24.114625972000056 ], [ 90.933805378000102, 24.11428444400002 ], [ 90.933793987000115, 24.114139129000023 ], [ 90.933942542000068, 24.113980789000038 ], [ 90.934039690000077, 24.113639262000106 ], [ 90.93395158800007, 24.112515397000152 ], [ 90.933779975, 24.112170996000145 ], [ 90.933772908000037, 24.111935105999976 ], [ 90.933479783000053, 24.111140999000099 ], [ 90.933409456000163, 24.110601804000169 ], [ 90.933346027000198, 24.110382286000117 ], [ 90.933168497000054, 24.109767877000024 ], [ 90.932998480000094, 24.109473137000123 ], [ 90.932701025000085, 24.107896671000049 ], [ 90.93261873900002, 24.107460561000039 ], [ 90.932769750000034, 24.107270883000183 ], [ 90.933655094000073, 24.107167193000123 ], [ 90.933766339000158, 24.107154164000178 ], [ 90.934757892, 24.107190999000125 ], [ 90.934973314000104, 24.107210904999988 ], [ 90.936304186000086, 24.10733387700003 ], [ 90.936833359000047, 24.107382769000026 ], [ 90.938264185000151, 24.107514959000127 ], [ 90.938612016000036, 24.107517976999986 ], [ 90.939178663000121, 24.107522891000031 ], [ 90.939719946000082, 24.107625679000023 ], [ 90.940851254000052, 24.107684195000104 ], [ 90.941652974000135, 24.107691364000061 ], [ 90.9421968380002, 24.107696224999984 ], [ 90.942794793000189, 24.107895742000096 ], [ 90.94285147700009, 24.10799473600008 ], [ 90.94281104300012, 24.108435266000129 ], [ 90.942119091000052, 24.110433200000045 ], [ 90.941972291000184, 24.110984465000115 ], [ 90.941526998000199, 24.112656605000097 ], [ 90.941443364000179, 24.112970656000073 ], [ 90.94125961300017, 24.113996844000042 ], [ 90.940977911000118, 24.114831721000144 ], [ 90.940864742000088, 24.115166577000139 ], [ 90.940715407000084, 24.115865509000059 ], [ 90.940676836000193, 24.116046032000156 ], [ 90.940623456000196, 24.116231890000051 ], [ 90.940286414000013, 24.117405395999981 ], [ 90.940171256000099, 24.117635816000075 ], [ 90.939577843000109, 24.118823157000122 ], [ 90.939506159000075, 24.119013224000128 ], [ 90.939127189000146, 24.120018025999968 ], [ 90.938794934999976, 24.120898953000108 ], [ 90.938731980000057, 24.121065870000166 ], [ 90.938725888000079, 24.12110600200009 ], [ 90.938497680000182, 24.121711058000074 ], [ 90.93845741500013, 24.12197630999998 ], [ 90.938310145000059, 24.122371203000057 ], [ 90.937742138000033, 24.123894240000084 ], [ 90.937724296000169, 24.123959007 ], [ 90.937560852000104, 24.124397254000144 ], [ 90.937525199000106, 24.124492851000127 ], [ 90.93750782799998, 24.124539427000059 ], [ 90.937355382000192, 24.125092773 ], [ 90.937143854000055, 24.12586056400005 ], [ 90.937129568000159, 24.125886722000075 ], [ 90.936646818000156, 24.126770669000109 ], [ 90.935812411000143, 24.127642792000074 ], [ 90.934818940000071, 24.128925085000049 ], [ 90.934329321000178, 24.129557033000083 ], [ 90.933741909000048, 24.130315193000115 ], [ 90.932958418000169, 24.131089901999985 ], [ 90.932131893000076, 24.132208061000085 ], [ 90.931866127000092, 24.132454659000018 ], [ 90.931704183000022, 24.132599020000157 ], [ 90.931534081000166, 24.13289131800019 ], [ 90.93139593300009, 24.133009568000034 ], [ 90.931452174000071, 24.13327453300019 ], [ 90.931469163000145, 24.133354569000062 ], [ 90.931530636000161, 24.133626520000121 ], [ 90.931567020000159, 24.133787477000169 ], [ 90.931498506000139, 24.134178499000029 ], [ 90.931495360000099, 24.134211258000164 ], [ 90.931432960000052, 24.134894631000122 ], [ 90.931322257000033, 24.13542035 ], [ 90.931273005000094, 24.135654239000075 ], [ 90.931316139999979, 24.136089739000056 ], [ 90.93127365600003, 24.136353967000105 ], [ 90.931232564000197, 24.136609550000173 ], [ 90.931215635000115, 24.137499238000089 ], [ 90.931221130000154, 24.138257835000047 ], [ 90.931207931000188, 24.138620849000063 ], [ 90.931181635000144, 24.139344094000137 ], [ 90.9312510580001, 24.140011989000072 ], [ 90.931282807000173, 24.140318859000047 ], [ 90.931289104000086, 24.14118808500001 ], [ 90.931303096000136, 24.141506354000171 ], [ 90.931316058000164, 24.141798815000129 ], [ 90.931317802000137, 24.14183816600007 ], [ 90.93129617000011, 24.142163425999968 ], [ 90.931227006000086, 24.142380597999988 ], [ 90.931228592000195, 24.142599599000107 ], [ 90.931271455000115, 24.142933669000058 ], [ 90.931303564000189, 24.143183918000034 ], [ 90.931400806000056, 24.143531032000169 ], [ 90.931476558000099, 24.144137925 ], [ 90.931389422, 24.144506484000033 ], [ 90.931613025000161, 24.144719613000177 ], [ 90.931647288000022, 24.144863905000022 ], [ 90.931659096000146, 24.144965435000074 ], [ 90.931685438000159, 24.145187325000165 ], [ 90.931698103000087, 24.145339997000178 ], [ 90.931769396, 24.145416329000113 ], [ 90.931817690000116, 24.145544729000051 ], [ 90.931819343000143, 24.145772761000103 ], [ 90.931848993000131, 24.145874181000124 ], [ 90.931871691000026, 24.14595080800018 ], [ 90.931928441000139, 24.146142378000036 ], [ 90.932049604000099, 24.146563852000099 ], [ 90.932094235000136, 24.146718918000147 ], [ 90.932211779000113, 24.147127319000106 ], [ 90.932543680000151, 24.148276782999972 ], [ 90.932608505000076, 24.148445233000075 ], [ 90.932643367000139, 24.148535824000191 ], [ 90.93288397900011, 24.149141709000162 ], [ 90.93329886700019, 24.149942960000089 ], [ 90.933414921000178, 24.150168032000067 ], [ 90.933466698000132, 24.150267058999987 ], [ 90.933633248000035, 24.150584395000124 ], [ 90.933771174000071, 24.150856748000024 ], [ 90.933963610000035, 24.151180698000189 ], [ 90.934154948000071, 24.151353378000067 ], [ 90.934212045000038, 24.151439844000151 ], [ 90.934319779000077, 24.151602989000025 ], [ 90.934540243000015, 24.151974180000138 ], [ 90.934593205000169, 24.152061907000189 ], [ 90.934870254000089, 24.152520810000055 ], [ 90.935144868000066, 24.152893926 ], [ 90.935236713000108, 24.152999404000013 ], [ 90.93553732100014, 24.153344631999971 ], [ 90.935555538000131, 24.153365552000139 ], [ 90.935912623000092, 24.15391201400007 ], [ 90.936074798000107, 24.154117381000049 ], [ 90.936324275000061, 24.154433303000076 ], [ 90.936482456000078, 24.154587859000117 ], [ 90.936652654000113, 24.154754157000184 ], [ 90.936784698000054, 24.154927942000086 ], [ 90.93714272800014, 24.155399143000068 ], [ 90.937301737999974, 24.155579714 ], [ 90.937405741000191, 24.155697819000125 ], [ 90.937611049999987, 24.155929111000034 ], [ 90.937768616000085, 24.15610877000006 ], [ 90.938229561000128, 24.156638783000176 ], [ 90.939046363000045, 24.157290784 ], [ 90.939217593000137, 24.157571958000176 ], [ 90.939309514000058, 24.157607517000031 ], [ 90.939442212000188, 24.157658275000131 ], [ 90.939627343000154, 24.157745545000068 ], [ 90.939971985000057, 24.158016617000101 ], [ 90.940293299000189, 24.158294609 ], [ 90.940745159000073, 24.158673395999983 ], [ 90.941003445000149, 24.158848817000035 ], [ 90.941099032000125, 24.158913738000024 ], [ 90.941206382000132, 24.158986646000187 ], [ 90.941695726000091, 24.159274885000116 ], [ 90.941992196000115, 24.159435617000099 ], [ 90.942739147000054, 24.159701942000027 ], [ 90.94343303900007, 24.159969333000049 ], [ 90.94356954400007, 24.160021935000145 ], [ 90.943783271000086, 24.160140277000153 ], [ 90.943925158000184, 24.160193587000094 ], [ 90.944292511000128, 24.16028840000007 ], [ 90.944660511, 24.160471260000065 ], [ 90.944979486000193, 24.160684759000048 ], [ 90.945267979, 24.160591679 ], [ 90.946681337000086, 24.161043510000184 ], [ 90.946791571000119, 24.161142170000176 ], [ 90.948473805000049, 24.161596831000054 ], [ 90.949076797000032, 24.161943043000065 ], [ 90.949343097000053, 24.161848814 ], [ 90.949949015000072, 24.162007606000032 ], [ 90.950689002000104, 24.162201685000184 ], [ 90.951551945000176, 24.162301292000166 ], [ 90.953623711000034, 24.162269164000179 ], [ 90.954357625000171, 24.162183291000076 ], [ 90.954393254000195, 24.162176296000098 ], [ 90.957025820000013, 24.161572772000113 ], [ 90.957189670000105, 24.161476915000094 ], [ 90.957406808000144, 24.161473295000121 ], [ 90.957459494000034, 24.161443612000085 ], [ 90.957562388000042, 24.16138200600011 ], [ 90.957747571000141, 24.161383101000126 ], [ 90.957782020000082, 24.161382884000034 ], [ 90.958580684000083, 24.160947755000166 ], [ 90.959278024000071, 24.160702915000172 ], [ 90.959529601000156, 24.160615536000137 ], [ 90.959561538000059, 24.160608560000071 ], [ 90.959923913000125, 24.160529515 ], [ 90.960385773000155, 24.160427264000191 ], [ 90.960880246000102, 24.1604083470001 ], [ 90.960962097000049, 24.16041234700009 ], [ 90.961049026000012, 24.160435315000029 ], [ 90.960792309, 24.160738534000188 ], [ 90.960526018999985, 24.160832781000067 ], [ 90.960126229000139, 24.160844329000156 ], [ 90.959990886000071, 24.160926460999974 ], [ 90.959806365000134, 24.161148894 ], [ 90.959627501999989, 24.161364505 ], [ 90.95957973700007, 24.16155898 ], [ 90.959317636000151, 24.16180221400009 ], [ 90.959223712000153, 24.162240821000012 ], [ 90.958909670000139, 24.162531794000017 ], [ 90.958483784000066, 24.162674456000104 ], [ 90.958222291000197, 24.162917683999979 ], [ 90.958023274000141, 24.163454035000029 ], [ 90.957884163000074, 24.164186439000105 ], [ 90.957516578000138, 24.164475490000086 ], [ 90.95719517100008, 24.164522664000117 ], [ 90.95693047400016, 24.164666566000108 ], [ 90.956565471000033, 24.165054941000164 ], [ 90.956522486000154, 24.165396140999974 ], [ 90.956921380000097, 24.16566690600007 ], [ 90.957181642000137, 24.16584356900006 ], [ 90.957130689999985, 24.165940973000147 ], [ 90.957188012000131, 24.166037699000128 ], [ 90.956933864000064, 24.166524724 ], [ 90.956936331000179, 24.166611555000031 ], [ 90.956877563000091, 24.166620180000109 ], [ 90.956612861000053, 24.1667640820001 ], [ 90.956247851000057, 24.16715245600011 ], [ 90.956204865000075, 24.16749365600009 ], [ 90.956864030000133, 24.16794108400012 ], [ 90.956813078000039, 24.168038489000139 ], [ 90.956870400000128, 24.16813521500012 ], [ 90.95661624700017, 24.168622239000115 ], [ 90.956620417000181, 24.168768972000066 ], [ 90.956680326000026, 24.168965026000137 ], [ 90.957013898000127, 24.169310635000045 ], [ 90.957016298000156, 24.169387517000189 ], [ 90.957027637000124, 24.169750821000036 ], [ 90.956668388000139, 24.170335591000139 ], [ 90.956674761000045, 24.170529722000083 ], [ 90.957226265000031, 24.170975566000038 ], [ 90.957176911000033, 24.171122635000017 ], [ 90.957287775000111, 24.171221281000044 ], [ 90.956920167000078, 24.171510332000082 ], [ 90.956002054000066, 24.171405457000162 ], [ 90.955364960000111, 24.171693932000153 ], [ 90.954948975000036, 24.172179710000023 ], [ 90.954687383000078, 24.172661702000084 ], [ 90.954924450000078, 24.172963051000067 ], [ 90.954929232000097, 24.173109779000129 ], [ 90.954793297000151, 24.17394150400014 ], [ 90.954780187000154, 24.175215249000075 ], [ 90.954779725000094, 24.175260151000089 ], [ 90.954735152000069, 24.175553945000047 ], [ 90.954578111000103, 24.17569942900019 ], [ 90.954527376000101, 24.175722422000035 ], [ 90.954365944000074, 24.175795583000138 ], [ 90.954096436000157, 24.175792755000089 ], [ 90.953940993000174, 24.175987899000063 ], [ 90.954072940000117, 24.176770536000106 ], [ 90.953647410000087, 24.177060246000053 ], [ 90.95263109800004, 24.177149830000189 ], [ 90.950815861000194, 24.177624012000024 ], [ 90.950556888, 24.177964297000187 ], [ 90.9505461870001, 24.178278539000075 ], [ 90.950528590000147, 24.178795350000087 ], [ 90.950424084000019, 24.178890829000125 ], [ 90.949947186000031, 24.17913312800016 ], [ 90.948702493000155, 24.179179762000103 ], [ 90.948554670000078, 24.179365323000127 ], [ 90.94846229400008, 24.179853584000114 ], [ 90.948095626000111, 24.180192277000117 ], [ 90.947560400000043, 24.180285918000152 ], [ 90.947281947000192, 24.17998961800015 ], [ 90.947110201000044, 24.179645238999967 ], [ 90.94694837000003, 24.179643986000144 ], [ 90.946683630000166, 24.179787873000066 ], [ 90.946520833000136, 24.179739212000015 ], [ 90.946414744000151, 24.179787284000099 ], [ 90.946302283000136, 24.179638967000187 ], [ 90.946236629000055, 24.179246514000113 ], [ 90.945583210000052, 24.178997694000145 ], [ 90.945321644000103, 24.179238643000076 ], [ 90.945221306000121, 24.17948310800017 ], [ 90.94518084900011, 24.179921377000085 ], [ 90.945237571000177, 24.180020367000111 ], [ 90.946775120000098, 24.18101329700005 ], [ 90.947055154000168, 24.181357002000141 ], [ 90.947117616000185, 24.181650130000037 ], [ 90.94733935000005, 24.181847441000116 ], [ 90.947825215000194, 24.181900865000102 ], [ 90.948161693000145, 24.181860281000127 ], [ 90.948200211000142, 24.18185563500009 ], [ 90.948472912000057, 24.181955540000104 ], [ 90.948695628, 24.182202514000096 ], [ 90.948445704000108, 24.182810974000176 ], [ 90.948294898000086, 24.183178124 ], [ 90.947722388000159, 24.183807097000113 ], [ 90.947401957000181, 24.183986767000022 ], [ 90.947034248000023, 24.184192944000131 ], [ 90.946499005000078, 24.184286581000151 ], [ 90.946223739000061, 24.184089601000039 ], [ 90.946240251000177, 24.183908874000053 ], [ 90.946264176999989, 24.183649077000155 ], [ 90.946082882000042, 24.183011241000145 ], [ 90.945749191000061, 24.182653510000137 ], [ 90.94502543800013, 24.181877605000125 ], [ 90.944972221000057, 24.181775830000163 ], [ 90.944898472000091, 24.181634787000121 ], [ 90.944511194000199, 24.180894129000137 ], [ 90.944179218000102, 24.180598153000119 ], [ 90.943196385000192, 24.180150415000071 ], [ 90.943020498000124, 24.180112271000098 ], [ 90.942304743000136, 24.179957043000059 ], [ 90.941791046, 24.17984563300007 ], [ 90.939679953000052, 24.179387764000069 ], [ 90.939641228000141, 24.179452494000145 ], [ 90.939567928000088, 24.179433687000085 ], [ 90.939351979000094, 24.179336023000189 ], [ 90.939305114000035, 24.179314608000084 ], [ 90.938471758000162, 24.17893381 ], [ 90.938324082, 24.178730668000071 ], [ 90.938078382000128, 24.178391836000117 ], [ 90.938013732000115, 24.178049043000101 ], [ 90.937880827000015, 24.17789227500009 ], [ 90.937846161000039, 24.177851384000178 ], [ 90.937706370000058, 24.177529524000192 ], [ 90.937529524000183, 24.177122349000172 ], [ 90.937441262000164, 24.176919130000101 ], [ 90.937138469000104, 24.176039750000029 ], [ 90.937086726000132, 24.175889477999988 ], [ 90.937081671000158, 24.175721042000134 ], [ 90.937079408000102, 24.175645676999977 ], [ 90.936907079000093, 24.175301287000082 ], [ 90.936907058000031, 24.175275732000046 ], [ 90.936906935000081, 24.175130780000131 ], [ 90.936906488000147, 24.174600365 ], [ 90.936905676000094, 24.173638900000128 ], [ 90.936905551000166, 24.173490511000011 ], [ 90.937055294000061, 24.173101243000133 ], [ 90.936448110000072, 24.172605991000012 ], [ 90.936352658000146, 24.172576845000094 ], [ 90.936121911000157, 24.172506391000127 ], [ 90.935653896000076, 24.17303985500007 ], [ 90.935348066000188, 24.173648461000141 ], [ 90.934943720000092, 24.174453101000097 ], [ 90.934635828000069, 24.174836516000084 ], [ 90.934596657999975, 24.174885293000159 ], [ 90.934511178000037, 24.174991739000063 ], [ 90.934477269000183, 24.175033967 ], [ 90.934266061000073, 24.175179762000084 ], [ 90.933729249000066, 24.175223691000099 ], [ 90.933404621000022, 24.175171491000015 ], [ 90.933083985000167, 24.175061909000192 ], [ 90.932969774000014, 24.175022876000071 ], [ 90.932845285000155, 24.175001939000026 ], [ 90.932318892000183, 24.174913409000169 ], [ 90.932050051000033, 24.174868194000055 ], [ 90.931672900000194, 24.174728716000061 ], [ 90.931233241000143, 24.174566118000143 ], [ 90.930856679999977, 24.174563902000102 ], [ 90.930584006000174, 24.174463963000107 ], [ 90.930362458000161, 24.174668734000079 ], [ 90.929745688000082, 24.175238795000098 ], [ 90.929642183000112, 24.175334460000101 ], [ 90.929429994000088, 24.17543058300015 ], [ 90.929256535000036, 24.175441219000163 ], [ 90.929238630000043, 24.17540890600003 ], [ 90.929003740000155, 24.175428398000065 ], [ 90.928511680000099, 24.175365596000177 ], [ 90.928193297000178, 24.175324961000115 ], [ 90.927595029000031, 24.175123139000107 ], [ 90.927317247000133, 24.174826796 ], [ 90.927214499000172, 24.17438202600016 ], [ 90.927192763000164, 24.174287932000027 ], [ 90.926642931000117, 24.173891638999976 ], [ 90.926158079000174, 24.173887815000057 ], [ 90.925839797000094, 24.174031987999967 ], [ 90.924252859000092, 24.174947003000113 ], [ 90.923665455000162, 24.175465852000116 ], [ 90.923099791000084, 24.175965492000103 ], [ 90.922740967000038, 24.176547923000044 ], [ 90.922583884000119, 24.176693374000081 ], [ 90.922209869000142, 24.176788210000097 ], [ 90.921895702000199, 24.177079109000147 ], [ 90.921795326000051, 24.177323564000176 ], [ 90.921376629000122, 24.177709921000087 ], [ 90.921276249000186, 24.177954373999967 ], [ 90.921464705000119, 24.178836044000093 ], [ 90.92157242899998, 24.179188891000081 ], [ 90.921823868000104, 24.180012458000078 ], [ 90.922112113000082, 24.180651936000061 ], [ 90.922306281000147, 24.181727743000181 ], [ 90.922255912000139, 24.181825135000054 ], [ 90.922327212000198, 24.182413995000104 ], [ 90.921847266999976, 24.183045085000117 ], [ 90.921809708000183, 24.183094472 ], [ 90.921899364000126, 24.184267997 ], [ 90.921743860000049, 24.184463109000035 ], [ 90.921111367000037, 24.184898179000129 ], [ 90.921007804000112, 24.185043302000167 ], [ 90.92101826600009, 24.185386429 ], [ 90.92141163600013, 24.185925929000064 ], [ 90.921557530000086, 24.1860564320001 ], [ 90.92224150200019, 24.186668249000036 ], [ 90.922356138000112, 24.186957690999975 ], [ 90.92241635400012, 24.187109725000141 ], [ 90.922697926000126, 24.187503139 ], [ 90.922702059000187, 24.187649873000055 ], [ 90.922744228000056, 24.187711278999984 ], [ 90.923884816999987, 24.189372199000104 ], [ 90.923944687000187, 24.189568264000059 ], [ 90.923907332000169, 24.190105853000091 ], [ 90.923754990000191, 24.190398038000183 ], [ 90.923493370000017, 24.190641205000134 ], [ 90.923333099, 24.190687331000049 ], [ 90.923002240000073, 24.190647836000039 ], [ 90.922933576000105, 24.190644979000069 ], [ 90.922183070000187, 24.19011551400007 ], [ 90.922157888000015, 24.190097498000171 ], [ 90.920963953000125, 24.190518964000034 ], [ 90.919680797000183, 24.191242261000127 ], [ 90.919389429000034, 24.191728964000163 ], [ 90.918777662000139, 24.192485821000162 ], [ 90.918436276000136, 24.193007482999974 ], [ 90.917283126000086, 24.192875078000156 ], [ 90.916254434000052, 24.19275695500005 ], [ 90.915270980000059, 24.19264250000009 ], [ 90.915056228000083, 24.192473552000138 ], [ 90.914922700000034, 24.192601965 ], [ 90.914796368000054, 24.192722486000093 ], [ 90.914525070000138, 24.1927262640001 ], [ 90.914133821, 24.192482633000054 ], [ 90.913856469000166, 24.19249163 ], [ 90.913505005000047, 24.192930899000032 ], [ 90.912955453000052, 24.19386847300018 ], [ 90.912388810000152, 24.194465401000173 ], [ 90.912225881000097, 24.194466761000115 ], [ 90.912016644000119, 24.194614655000066 ], [ 90.911851772000148, 24.194566041000144 ], [ 90.911398397000198, 24.194176006000134 ], [ 90.911122592000197, 24.194079844000157 ], [ 90.910272444000043, 24.194430720000071 ], [ 90.910109516000034, 24.19443207900008 ], [ 90.90984096, 24.194256923000182 ], [ 90.909798566000063, 24.194651978000081 ], [ 90.909738631000153, 24.195210496000072 ], [ 90.909422828000061, 24.195453967999981 ], [ 90.909111740000071, 24.195841913000038 ], [ 90.908909920999974, 24.196278876 ], [ 90.908342874000084, 24.197106362000113 ], [ 90.908260829000085, 24.197270443000093 ], [ 90.907738537000057, 24.198314958000083 ], [ 90.9072724090002, 24.198799335000103 ], [ 90.906887228000073, 24.198806144000059 ], [ 90.906297986000141, 24.198756251000134 ], [ 90.90559168600015, 24.198696442000028 ], [ 90.904078210000137, 24.198486420000052 ], [ 90.903481447000104, 24.198334169000191 ], [ 90.901810248000118, 24.198271819000183 ], [ 90.901627915000176, 24.198292348 ], [ 90.901665974000082, 24.198687279000069 ], [ 90.898713771000132, 24.198213564000071 ], [ 90.897273023000139, 24.197982356000125 ], [ 90.897043353000129, 24.197517991000154 ], [ 90.895904459, 24.195589147000078 ], [ 90.894136712000034, 24.193575023000051 ], [ 90.894146793000061, 24.193610319000129 ], [ 90.893836076000071, 24.193355105000137 ], [ 90.892763511000055, 24.19286899400015 ], [ 90.892163298000185, 24.192557233000059 ], [ 90.890987994000113, 24.192119650000166 ], [ 90.890269165000063, 24.191927230000033 ], [ 90.889338887000179, 24.191725444000042 ], [ 90.888567155000089, 24.191626442000029 ], [ 90.888578566000092, 24.191593089000037 ], [ 90.888661561999982, 24.191145051999968 ], [ 90.888672731000156, 24.191084757000056 ], [ 90.888766037000039, 24.190625879000095 ], [ 90.88882478, 24.190336980000097 ], [ 90.888850148000131, 24.190213482 ], [ 90.888653610000063, 24.190197175000151 ], [ 90.887695201000099, 24.190243896000027 ], [ 90.887020599000039, 24.190281945000095 ], [ 90.886226318000126, 24.19032674000016 ], [ 90.886041679000016, 24.19033715300003 ], [ 90.884927436000112, 24.190438671000095 ], [ 90.884863784000174, 24.191290691000063 ], [ 90.88482143400006, 24.191857562000166 ], [ 90.884717839000132, 24.192004922000081 ], [ 90.88450559000006, 24.192100984000035 ], [ 90.884124260000135, 24.191949663000059 ], [ 90.883323829000062, 24.191798527000117 ], [ 90.883104006000053, 24.192039119000128 ], [ 90.883124716000168, 24.192723123000064 ], [ 90.883113966000167, 24.192839966000065 ], [ 90.883003344000088, 24.194042402999969 ], [ 90.883063152000091, 24.194238487000064 ], [ 90.883561922000126, 24.194732319000082 ], [ 90.883638249000114, 24.196367839 ], [ 90.883643629000062, 24.19648310700012 ], [ 90.88370786500019, 24.197859472000061 ], [ 90.883714987000076, 24.198012065000171 ], [ 90.883629570000039, 24.19874409900018 ], [ 90.883348861000172, 24.200159132000124 ], [ 90.883247431000143, 24.200353893000113 ], [ 90.883090276000189, 24.200499305000108 ], [ 90.88271772700017, 24.200643706000051 ], [ 90.882031805000111, 24.200679290000153 ], [ 90.881373975000031, 24.200683096000091 ], [ 90.880451921000088, 24.200476189000142 ], [ 90.879571153000086, 24.200204056000075 ], [ 90.879341156000123, 24.200132993000182 ], [ 90.878658558000154, 24.199922084000036 ], [ 90.878554662000056, 24.19987437900005 ], [ 90.878496551000126, 24.199847697000166 ], [ 90.8782214860002, 24.199721398000122 ], [ 90.877840153000193, 24.199572320000016 ], [ 90.876847654000073, 24.198781019000023 ], [ 90.876028306000137, 24.198381579 ], [ 90.875539278000133, 24.198230857000169 ], [ 90.875374523000119, 24.198146048000183 ], [ 90.874281324000151, 24.197583306000126 ], [ 90.873848958999986, 24.197529339000027 ], [ 90.873639831000105, 24.197724714000117 ], [ 90.873207465000064, 24.197670746000085 ], [ 90.87021041200012, 24.196470914000088 ], [ 90.869377070000098, 24.196462568000129 ], [ 90.868517239000084, 24.197810088999972 ], [ 90.866803943000093, 24.200320919999967 ], [ 90.86674496500018, 24.200296485000024 ], [ 90.865231767000068, 24.199669559000029 ], [ 90.864939997000079, 24.199671215000137 ], [ 90.864908851000166, 24.19966730699997 ], [ 90.86427344000009, 24.199468948 ], [ 90.864280332000078, 24.199405610000099 ], [ 90.864233897000076, 24.199456436000048 ], [ 90.864150444000188, 24.199430552000024 ], [ 90.86332469000007, 24.199366414000053 ], [ 90.862341405000166, 24.199345143000187 ], [ 90.861674275000041, 24.199251378000156 ], [ 90.861468800000182, 24.1991920050001 ], [ 90.860629781000114, 24.197702531000118 ], [ 90.860351449000177, 24.19775290400014 ], [ 90.860190400000079, 24.19741287800008 ], [ 90.859987664000187, 24.197188238000138 ], [ 90.859908414000017, 24.197116435000169 ], [ 90.859752333000188, 24.197058611000159 ], [ 90.859340147000182, 24.197021198000186 ], [ 90.859153502000083, 24.197048442000096 ], [ 90.859022687000049, 24.197087562000149 ], [ 90.858891362000065, 24.197142490999966 ], [ 90.858863102000043, 24.197149424000145 ], [ 90.858750822000161, 24.197199730000023 ], [ 90.858596313000078, 24.197284138999976 ], [ 90.858398895000107, 24.1973936280001 ], [ 90.857181549000074, 24.198572302000059 ], [ 90.856863764000195, 24.198996308000176 ], [ 90.856694424000011, 24.199297977000185 ], [ 90.856531455000152, 24.199588293000033 ], [ 90.85585422500003, 24.200794710000082 ], [ 90.855712140000094, 24.201179297000067 ], [ 90.854734108000173, 24.203826509000066 ], [ 90.854558883000152, 24.204226043000062 ], [ 90.853882389000148, 24.205768514000056 ], [ 90.853300274000048, 24.206333979000021 ], [ 90.852982729000132, 24.206520900000157 ], [ 90.852402371000096, 24.206704775000162 ], [ 90.8520322130002, 24.206939406000117 ], [ 90.851272397, 24.208189204000178 ], [ 90.851088629000117, 24.208491475000017 ], [ 90.85080165800008, 24.208963494000102 ], [ 90.850652108000133, 24.209209478 ], [ 90.849487206000049, 24.210435214000029 ], [ 90.849464738000108, 24.210453746000098 ], [ 90.849293761000069, 24.210594778000086 ], [ 90.847824016000061, 24.211807094 ], [ 90.847414451000191, 24.21214491700016 ], [ 90.847374082000158, 24.212178214000176 ], [ 90.846524592000037, 24.212878891000116 ], [ 90.845995934000143, 24.213254371000119 ], [ 90.844358205000105, 24.214189178000083 ], [ 90.844240689000173, 24.214233622000052 ], [ 90.843988615000058, 24.214328953 ], [ 90.842931552000096, 24.215030225000135 ], [ 90.842349030000037, 24.215548235000028 ], [ 90.842342459000122, 24.215797612000131 ], [ 90.842241672000057, 24.215975562000096 ], [ 90.841554199000086, 24.216539308000051 ] ] ] } },
{ "type": "Feature", "properties": { "adm3_name": "Mithamain", "adm3_name1": null, "adm3_name2": null, "adm3_name3": null, "adm3_pcode": "BD30480059", "adm2_name": "Kishoreganj", "adm2_name1": null, "adm2_name2": null, "adm2_name3": null, "adm2_pcode": "BD3048", "adm1_name": "Dhaka", "adm1_name1": null, "adm1_name2": null, "adm1_name3": null, "adm1_pcode": "BD30", "adm0_name": "Bangladesh", "adm0_name1": null, "adm0_name2": null, "adm0_name3": null, "adm0_pcode": "BD", "valid_on": "2023-05-21T00:00:00", "valid_to": null, "area_sqkm": 221.86614947000001, "version": "v03", "lang": "en", "lang1": null, "lang2": null, "lang3": null, "adm3_ref_name": null, "center_lat": 24.43314857, "center_lon": 91.11090071, "female_pop": 58599.0, "male_pop": 56956.0, "total_pop": 115555.0, "nearest_facility_min": 15.980535637168366 }, "geometry": { "type": "Polygon", "coordinates": [ [ [ 91.090439822000121, 24.494762975000128 ], [ 91.090004005000196, 24.494922006000024 ], [ 91.089631894000092, 24.495057788999986 ], [ 91.08887736600019, 24.494963896000115 ], [ 91.088500087000114, 24.494772454000099 ], [ 91.087636915000132, 24.494094606000147 ], [ 91.086558911999987, 24.493465707000098 ], [ 91.084780061000174, 24.492742501000123 ], [ 91.084671939000089, 24.492792946000122 ], [ 91.083540144000153, 24.492505317 ], [ 91.082678102000045, 24.492459575000112 ], [ 91.080529793000039, 24.492567196000095 ], [ 91.080360762000169, 24.492665814000077 ], [ 91.07831290900009, 24.492867837000176 ], [ 91.078151532000163, 24.492966069000147 ], [ 91.076103497000076, 24.493219990000057 ], [ 91.075995773000045, 24.49331783700012 ], [ 91.075564646000032, 24.493318652000085 ], [ 91.075293898000155, 24.493176089000087 ], [ 91.075013841000157, 24.493026819000193 ], [ 91.074803910000128, 24.493145713000047 ], [ 91.074353330000122, 24.49332501400005 ], [ 91.073741257000052, 24.493444510000188 ], [ 91.07316176900008, 24.493624727999986 ], [ 91.072517492000145, 24.493656397000052 ], [ 91.071038544000146, 24.493451286000038 ], [ 91.07092842600008, 24.493412559000092 ], [ 91.070614796000086, 24.493304156000136 ], [ 91.070292078000193, 24.493069390000073 ], [ 91.069937153000069, 24.492891292000081 ], [ 91.069517617000145, 24.492803958000138 ], [ 91.069130896000047, 24.492804437000075 ], [ 91.068777256000089, 24.492924338000137 ], [ 91.068487142000095, 24.493043792000094 ], [ 91.067908640000155, 24.493341380000174 ], [ 91.067394304000061, 24.49378751900008 ], [ 91.067169586000148, 24.494055514000138 ], [ 91.066880727000125, 24.494323960000145 ], [ 91.066591471000152, 24.49447275000017 ], [ 91.065786215000173, 24.494652275000192 ], [ 91.065464145000135, 24.494713250000189 ], [ 91.065288283000143, 24.494731608000109 ], [ 91.064884251000137, 24.494773782000038 ], [ 91.064272407000146, 24.494922584999983 ], [ 91.063563730000055, 24.494925323000075 ], [ 91.063176632000136, 24.49480839000006 ], [ 91.062724489000118, 24.494511304000184 ], [ 91.062400407000155, 24.494039475000136 ], [ 91.062398009000106, 24.493387024000072 ], [ 91.062524364000183, 24.49300356800012 ], [ 91.062715403000084, 24.491962460000138 ], [ 91.062714011000139, 24.491429659000175 ], [ 91.062551418000112, 24.491164398000024 ], [ 91.062259748000145, 24.490830401000153 ], [ 91.06234785200013, 24.490348970000014 ], [ 91.062346461000118, 24.489816169000107 ], [ 91.062183871000173, 24.489550906999966 ], [ 91.061795892000134, 24.489106615000026 ], [ 91.061117683000077, 24.488693713000146 ], [ 91.060633639000173, 24.488487149000093 ], [ 91.059891537000055, 24.48825078800013 ], [ 91.059461938000084, 24.488105268000027 ], [ 91.059375691000184, 24.488076054000089 ], [ 91.059151497000073, 24.488039243000173 ], [ 91.058827262000193, 24.487987335000128 ], [ 91.058377164000035, 24.488225287000091 ], [ 91.058120123000037, 24.488464145000137 ], [ 91.057543124000176, 24.489384800000039 ], [ 91.057286676000047, 24.489621393000164 ], [ 91.056932308000057, 24.489802230000066 ], [ 91.056481819000169, 24.489920523000023 ], [ 91.05574108899998, 24.490070195000158 ], [ 91.055259046000174, 24.490398669000172 ], [ 91.054937225000117, 24.490488968000079 ], [ 91.05435671500004, 24.490400454000053 ], [ 91.05400183800009, 24.490224577000106 ], [ 91.053516683000169, 24.48981029100014 ], [ 91.05312886300004, 24.489307279000059 ], [ 91.052869461000057, 24.488893674000053 ], [ 91.052563495000186, 24.48810439500005 ], [ 91.052483818000042, 24.487898855000083 ], [ 91.052218538000147, 24.486938548000126 ], [ 91.052119370000071, 24.48628677 ], [ 91.052149223000185, 24.485575396000115 ], [ 91.052244951000091, 24.485220271000117 ], [ 91.052372123000112, 24.484715924000056 ], [ 91.052435144000128, 24.484358771000075 ], [ 91.052658290000124, 24.483677656000111 ], [ 91.053137979999974, 24.482549992000088 ], [ 91.053778864000094, 24.481450549000158 ], [ 91.054387932000054, 24.480678688000182 ], [ 91.055255512000031, 24.479846320000036 ], [ 91.055629906000149, 24.479535726000108 ], [ 91.055920942000057, 24.479294284 ], [ 91.056122787000163, 24.479126833000123 ], [ 91.056508643000086, 24.478805804000103 ], [ 91.056958467000186, 24.478538509000089 ], [ 91.057601926000018, 24.478269857000043 ], [ 91.058406077000029, 24.477821721000112 ], [ 91.059723175000158, 24.476692682000021 ], [ 91.060228681000069, 24.476358566000101 ], [ 91.061073070000191, 24.475800456000115 ], [ 91.0616518610002, 24.475471286000072 ], [ 91.062423930000023, 24.475025612000138 ], [ 91.063324633000036, 24.474549681000099 ], [ 91.06421966400012, 24.474123941000073 ], [ 91.064707287000033, 24.473891990000141 ], [ 91.065704930000095, 24.47350566700004 ], [ 91.066252270000064, 24.473325707000072 ], [ 91.066725345000066, 24.473204621000036 ], [ 91.06696654000001, 24.473142885000073 ], [ 91.067006018000086, 24.473132780000185 ], [ 91.067894059000139, 24.472905474000015 ], [ 91.068247268000107, 24.472668181000017 ], [ 91.067955890000178, 24.472193871000059 ], [ 91.067115674000092, 24.471574432000068 ], [ 91.066793641, 24.47148640000006 ], [ 91.066375044000097, 24.471575144000099 ], [ 91.065732546000049, 24.472171189000107 ], [ 91.065475651000042, 24.472349098 ], [ 91.064670676000162, 24.47261891900007 ], [ 91.063929546000111, 24.472560926000142 ], [ 91.063477503000115, 24.47226609500018 ], [ 91.063250911000182, 24.471940326000095 ], [ 91.062958811000158, 24.471377962000133 ], [ 91.062893429000098, 24.471082668 ], [ 91.062442969000131, 24.470187389000102 ], [ 91.062342172000058, 24.469987055000047 ], [ 91.062244215000192, 24.469631032 ], [ 91.062049449000085, 24.469275689000028 ], [ 91.061919185000136, 24.468890541000121 ], [ 91.061530396000194, 24.468121147000033 ], [ 91.061303200000054, 24.467795378000176 ], [ 91.060946624000053, 24.467116065000027 ], [ 91.060720167000056, 24.466878340000164 ], [ 91.060331777000044, 24.466228595000132 ], [ 91.059845704000054, 24.465547931000117 ], [ 91.059429004000037, 24.465028898000071 ], [ 91.059393299000192, 24.464984424000136 ], [ 91.059004060000063, 24.46430533299997 ], [ 91.058517238000093, 24.463238602999979 ], [ 91.058429662000151, 24.463079122000067 ], [ 91.058160321000173, 24.462588633000053 ], [ 91.057738504000156, 24.46155079600004 ], [ 91.057638418000067, 24.461189208000178 ], [ 91.057607525000037, 24.461077599000077 ], [ 91.057150192000165, 24.459182088000034 ], [ 91.056467815000076, 24.457434897000155 ], [ 91.056336710000153, 24.456871393000029 ], [ 91.055305257000157, 24.456666376000044 ], [ 91.05446854000013, 24.456965710000134 ], [ 91.054082912000183, 24.457232551000061 ], [ 91.053312533000167, 24.457946832000118 ], [ 91.052542132999974, 24.45880786000015 ], [ 91.051416933000155, 24.459492996000165 ], [ 91.049843038000063, 24.460948855000083 ], [ 91.049007999000139, 24.461604864000094 ], [ 91.047904920000065, 24.462568653000176 ], [ 91.047851534000131, 24.46261529800006 ], [ 91.047592792000046, 24.462794239000175 ], [ 91.047337114000186, 24.462971063000055 ], [ 91.046533609000051, 24.463565885000094 ], [ 91.045761812000023, 24.463894076000145 ], [ 91.044989041000122, 24.464104870000028 ], [ 91.044151267000132, 24.464135495000164 ], [ 91.043255017000035, 24.463879791000124 ], [ 91.043119663000198, 24.463842344000113 ], [ 91.042247557000167, 24.463222982000048 ], [ 91.041665882000075, 24.462601612000128 ], [ 91.041439467000089, 24.462363858 ], [ 91.041065198000126, 24.461850614000184 ], [ 91.040921820000165, 24.461653995000177 ], [ 91.040662998000073, 24.461299061000091 ], [ 91.039755508000098, 24.459670738000113 ], [ 91.039431844000148, 24.459228200000098 ], [ 91.039334087000157, 24.45896246500007 ], [ 91.039075632000163, 24.458575919000054 ], [ 91.038945574000081, 24.458281054000054 ], [ 91.038556821000157, 24.457570298000064 ], [ 91.038071032000175, 24.456830851000063 ], [ 91.037973261000161, 24.45656286000019 ], [ 91.037698203000161, 24.456094806000181 ], [ 91.037261014000137, 24.455350852000095 ], [ 91.036678181000127, 24.454580460000102 ], [ 91.036516686000198, 24.454285810999977 ], [ 91.036095989000103, 24.453812320000168 ], [ 91.035447999000155, 24.452687914000023 ], [ 91.035123409000107, 24.451976706000153 ], [ 91.034476981000068, 24.451267698000095 ], [ 91.034024122000176, 24.450704113000086 ], [ 91.033765583, 24.450378515000182 ], [ 91.033571183000106, 24.450054738000119 ], [ 91.03354384000005, 24.449963228000172 ], [ 91.033473565000179, 24.449728038000103 ], [ 91.032763698000167, 24.449403263000136 ], [ 91.032216087000052, 24.44931669500005 ], [ 91.03070215300005, 24.449439908000045 ], [ 91.029607707000082, 24.449589599000092 ], [ 91.02916526600012, 24.449733791000142 ], [ 91.028963851000071, 24.449799433000067 ], [ 91.028707162000103, 24.450155638000126 ], [ 91.028384829000117, 24.450096872000074 ], [ 91.027839073000109, 24.450543093000135 ], [ 91.027454447000082, 24.451166573000023 ], [ 91.027327750000154, 24.451966659000107 ], [ 91.027264175000141, 24.452262850000011 ], [ 91.027427113000101, 24.452738116000091 ], [ 91.027557237000053, 24.453121039000052 ], [ 91.027714735000131, 24.453494830000182 ], [ 91.027947097000151, 24.454129839000075 ], [ 91.028207487000032, 24.454988251000032 ], [ 91.028951991000156, 24.456082685000183 ], [ 91.029469410000104, 24.456851291000135 ], [ 91.030084372000147, 24.457709543000135 ], [ 91.030926289000092, 24.459101316000101 ], [ 91.031186850000097, 24.459901021000064 ], [ 91.031252986000027, 24.46037468600008 ], [ 91.031237009000051, 24.460621795 ], [ 91.031293336000033, 24.460714906000192 ], [ 91.031553904000077, 24.461514610000108 ], [ 91.031620042000043, 24.461988275000124 ], [ 91.03158937600017, 24.462462599000105 ], [ 91.031493964000106, 24.46293736500013 ], [ 91.030950236000024, 24.464243764000116 ], [ 91.030725966000148, 24.464570402000163 ], [ 91.030309947000092, 24.465431162000129 ], [ 91.029476460000126, 24.466825321000101 ], [ 91.029284486000051, 24.467181088000132 ], [ 91.028836142999978, 24.468012713000121 ], [ 91.028515387000084, 24.468457404000048 ], [ 91.028034495000099, 24.469230548000098 ], [ 91.027521651000143, 24.469942953000157 ], [ 91.026557373000117, 24.470805171000052 ], [ 91.02633248900014, 24.470982800000115 ], [ 91.025817778000089, 24.471162395000135 ], [ 91.025334542999985, 24.471192767000161 ], [ 91.025214590000132, 24.471170899000128 ], [ 91.025012156000059, 24.471133997000095 ], [ 91.024495788000138, 24.47095688200011 ], [ 91.023979565000161, 24.470721066000124 ], [ 91.023301621000201, 24.470161236000024 ], [ 91.022880948000136, 24.46953870100009 ], [ 91.022621332000142, 24.469005385 ], [ 91.022426488000178, 24.468473887000073 ], [ 91.022401619000163, 24.468372459000079 ], [ 91.022360804000073, 24.468205666000188 ], [ 91.022166405000064, 24.467881874000057 ], [ 91.021324079000181, 24.466282347000117 ], [ 91.020646703000068, 24.466018255000108 ], [ 91.019583456000134, 24.466079617000048 ], [ 91.019229019000193, 24.466021050000109 ], [ 91.018712681000125, 24.465843915000107 ], [ 91.0181963980001, 24.465520027000139 ], [ 91.017517435000173, 24.464750209000044 ], [ 91.01706599500011, 24.464513933000035 ], [ 91.016775258000109, 24.464247224000076 ], [ 91.016708613000048, 24.463626804000057 ], [ 91.016611024000042, 24.463300094000033 ], [ 91.016255584000135, 24.462884810000105 ], [ 91.015901267, 24.462916542000073 ], [ 91.014999898000156, 24.463245449000055 ], [ 91.014293042000077, 24.463839454000095 ], [ 91.013745359000154, 24.463750561999973 ], [ 91.013261783000132, 24.463812505000078 ], [ 91.012809885000195, 24.463517516000081 ], [ 91.01235901400014, 24.463427971000044 ], [ 91.011948223000161, 24.463441867000142 ], [ 91.011964793000118, 24.463243803000069 ], [ 91.010510818000171, 24.463100007999969 ], [ 91.009866100000067, 24.462982400000044 ], [ 91.009414634000052, 24.462895107000179 ], [ 91.008834043000036, 24.462777068000094 ], [ 91.008286388000101, 24.462690414 ], [ 91.006933581, 24.462782969000159 ], [ 91.006353795000166, 24.462843273000146 ], [ 91.005548458000078, 24.462844117000031 ], [ 91.005129442000054, 24.462727245000167 ], [ 91.004713858000116, 24.462420704000124 ], [ 91.004644140000039, 24.462105086000122 ], [ 91.004127259000143, 24.461544096000068 ], [ 91.0038171650001, 24.461476167 ], [ 91.003450255000132, 24.461397324000131 ], [ 91.003095607000091, 24.461309371000084 ], [ 91.002579790000141, 24.461193134000155 ], [ 91.002257205000149, 24.461104966000107 ], [ 91.001483221000058, 24.460780468999985 ], [ 91.001256732000058, 24.460601355000108 ], [ 91.000159535000137, 24.459951624999974 ], [ 90.999675075000198, 24.459510062000163 ], [ 90.999190504000183, 24.458975930000179 ], [ 90.998543943000072, 24.458386425000185 ], [ 90.99789829700012, 24.457912054000076 ], [ 90.997123308000198, 24.457142772000054 ], [ 90.996734501000105, 24.45655156000015 ], [ 90.99659540600004, 24.456212999000115 ], [ 90.996247923000169, 24.45536721000019 ], [ 90.996085022999978, 24.454803857000059 ], [ 90.995921805000194, 24.453886044000058 ], [ 90.995918744000164, 24.453025874000105 ], [ 90.996204764000026, 24.451603889000125 ], [ 90.996364331, 24.451038410000137 ], [ 90.99674817600004, 24.450060548000067 ], [ 90.997004339000057, 24.449704400000087 ], [ 90.99742123600015, 24.448931770000115 ], [ 90.998062549, 24.447922856000105 ], [ 90.998255142000062, 24.447716134000075 ], [ 90.999058537000167, 24.44708995700006 ], [ 90.999540264000132, 24.446644261000131 ], [ 90.999957558000062, 24.446081590000176 ], [ 91.00027757100014, 24.445458602000144 ], [ 91.00029486700015, 24.445388638000054 ], [ 91.000373169000056, 24.445071902000109 ], [ 91.000340065000159, 24.444627352000111 ], [ 91.000048870000114, 24.44421386 ], [ 90.999564068000154, 24.44379938700007 ], [ 90.999346970000147, 24.443782470000031 ], [ 90.999373774000048, 24.443674047 ], [ 90.999340674000166, 24.443229497000175 ], [ 90.999163236000072, 24.442977532000043 ], [ 90.999049485000114, 24.442816001999972 ], [ 90.998564692000059, 24.442401525999969 ], [ 90.998692506000168, 24.441955913000129 ], [ 90.998755354000025, 24.441481378000049 ], [ 90.998979361000181, 24.441037386000062 ], [ 90.999364970000045, 24.440680378000025 ], [ 91.000297508000131, 24.440175257000078 ], [ 91.000522512000089, 24.439936709000051 ], [ 91.000614504000055, 24.439651773000094 ], [ 91.000201257000072, 24.438408303000074 ], [ 91.000136526000119, 24.437726764000104 ], [ 90.999837046000039, 24.436825596000119 ], [ 90.999670977000051, 24.435076964000018 ], [ 90.999733743000093, 24.43451437900012 ], [ 90.999700356000062, 24.434189490000165 ], [ 90.999826811000162, 24.433416515000033 ], [ 90.999954477000074, 24.433031858000106 ], [ 91.000242866, 24.432467779999968 ], [ 91.00046716200012, 24.43214118700007 ], [ 91.001347764000116, 24.431109615000139 ], [ 91.001430469000127, 24.431012729000088 ], [ 91.001411235000148, 24.430976561000136 ], [ 91.001280909, 24.43073150400005 ], [ 91.001009710000062, 24.430220871000131 ], [ 91.000911690000123, 24.43003631300013 ], [ 91.00091072400005, 24.429679600000043 ], [ 91.001518993, 24.428404479000108 ], [ 91.002512653000167, 24.426831045000142 ], [ 91.00264220300005, 24.426523678000024 ], [ 91.001740783000059, 24.425303365000048 ], [ 91.001448607000043, 24.424682170000096 ], [ 91.00102628500008, 24.42334839800003 ], [ 91.00076688200005, 24.422817291000058 ], [ 91.000281586000199, 24.422016751000058 ], [ 90.999086227000134, 24.420834828000068 ], [ 90.998473539000088, 24.420450544000062 ], [ 90.998343290000037, 24.420035984000037 ], [ 90.998406593000084, 24.419620146000113 ], [ 90.998572478000199, 24.419158273000164 ], [ 90.99859841600005, 24.41908605600014 ], [ 90.998790488000111, 24.418818378000026 ], [ 90.999143843000127, 24.418522544000041 ], [ 90.999658307000061, 24.418254993000062 ], [ 90.999948166000138, 24.418194377000191 ], [ 91.000559960000146, 24.418075190000025 ], [ 91.001879859000042, 24.418012274000148 ], [ 91.002523684000096, 24.417890608 ], [ 91.003456512000184, 24.417444174000025 ], [ 91.004742103000069, 24.416552877000072 ], [ 91.005449628000065, 24.416225323000162 ], [ 91.006061157000147, 24.416074509000111 ], [ 91.00692998400018, 24.415955844000166 ], [ 91.008185752000145, 24.415893303000018 ], [ 91.009216855000091, 24.415949643999966 ], [ 91.01076219000015, 24.415946106000035 ], [ 91.011181203000092, 24.416004268000052 ], [ 91.011729145000118, 24.416151872 ], [ 91.01243828500003, 24.416415797000127 ], [ 91.013245027000153, 24.416859685000077 ], [ 91.013664557000027, 24.417213594000145 ], [ 91.014180541000087, 24.417449456000099 ], [ 91.014695114000119, 24.417123155000183 ], [ 91.014822935000154, 24.416765579000071 ], [ 91.014821803000075, 24.416469827000128 ], [ 91.014561825000044, 24.41564073100011 ], [ 91.014525184000092, 24.414218616000142 ], [ 91.014427559000126, 24.413803850000079 ], [ 91.014232675000187, 24.413328780000029 ], [ 91.014177183000186, 24.413268913000138 ], [ 91.014160877000108, 24.41263594100019 ], [ 91.014063255000167, 24.412221175000127 ], [ 91.013868375000015, 24.411746103999974 ], [ 91.013512731000105, 24.411362415000156 ], [ 91.013093542000149, 24.411125902000038 ], [ 91.012706597000033, 24.411067534000154 ], [ 91.012417373000062, 24.411128168 ], [ 91.01209499700002, 24.411128069000085 ], [ 91.011991689000183, 24.411112458000161 ], [ 91.011708668000153, 24.411069689999977 ], [ 91.01128770300005, 24.410300364000079 ], [ 91.011319013000161, 24.409975044000191 ], [ 91.011542758000076, 24.409587478999981 ], [ 91.012282104000178, 24.409083581000061 ], [ 91.01305437100018, 24.408843614000034 ], [ 91.013762724000117, 24.408782428999984 ], [ 91.014213997000013, 24.408869713000115 ], [ 91.014568847000078, 24.409077305999972 ], [ 91.01485906500011, 24.409373380000147 ], [ 91.015053602000137, 24.40972879300017 ], [ 91.015216035000151, 24.410231176000082 ], [ 91.015314469000145, 24.410824293000189 ], [ 91.015405200000089, 24.411288245000037 ], [ 91.01541791000011, 24.411311466000086 ], [ 91.015426618999982, 24.411338403000116 ], [ 91.015703173000134, 24.411564476000081 ], [ 91.016122085000177, 24.411534572000107 ], [ 91.016829207000058, 24.411087311000131 ], [ 91.017150389000165, 24.410938402000113 ], [ 91.017602250000152, 24.411174682000137 ], [ 91.017539485000043, 24.411649225000076 ], [ 91.01699312400001, 24.412005099 ], [ 91.016575690000138, 24.412450414000034 ], [ 91.016705431000105, 24.412718212000129 ], [ 91.017031933000112, 24.412772197999971 ], [ 91.017059716000063, 24.412776791000113 ], [ 91.017643621000104, 24.412588466000045 ], [ 91.017966595000189, 24.412757347000081 ], [ 91.01790383000008, 24.413231890000191 ], [ 91.017357464000156, 24.413587765000045 ], [ 91.0169400260001, 24.41403308200006 ], [ 91.017069770000148, 24.414300879999985 ], [ 91.017424059000064, 24.414359458000035 ], [ 91.018903929000146, 24.413882155000067 ], [ 91.020256436000011, 24.413818860999982 ], [ 91.020706823000069, 24.413639722000028 ], [ 91.02138220300003, 24.413461323999968 ], [ 91.021671223000112, 24.413222314000109 ], [ 91.021928097000057, 24.412895469000148 ], [ 91.022375976000092, 24.411946464000039 ], [ 91.022536169000091, 24.411708321000162 ], [ 91.022921497000198, 24.411412217000191 ], [ 91.02318189500005, 24.411445649000086 ], [ 91.023372551000193, 24.411470128000076 ], [ 91.02363101200018, 24.411646738000115 ], [ 91.023792797000169, 24.411912054000027 ], [ 91.02382611600018, 24.41229789800019 ], [ 91.023763277, 24.412684389999981 ], [ 91.023538696000173, 24.413040368000168 ], [ 91.022771104000071, 24.413859296000055 ], [ 91.023021042000153, 24.413858702000027 ], [ 91.023310026000104, 24.41376869700008 ], [ 91.023632409000015, 24.413768775000108 ], [ 91.024277075999976, 24.414062432000151 ], [ 91.024599459000115, 24.414062511000054 ], [ 91.02543526300019, 24.413675297 ], [ 91.025981725000065, 24.413258432000077 ], [ 91.026303281000025, 24.413080151000145 ], [ 91.02710688000019, 24.412751848000084 ], [ 91.02716319600006, 24.412706234000041 ], [ 91.026789193000127, 24.412379425999973 ], [ 91.026530421000189, 24.411936410000123 ], [ 91.026753103000146, 24.411194371000079 ], [ 91.026805570000136, 24.411129564000134 ], [ 91.027234624000073, 24.410599584000181 ], [ 91.026943071000062, 24.410066485000016 ], [ 91.026588555000046, 24.409978582000122 ], [ 91.026269067000044, 24.410010234000083 ], [ 91.025976971000034, 24.410039171000051 ], [ 91.025300193000191, 24.410041497000066 ], [ 91.024687927000173, 24.40986502700008 ], [ 91.024074160000055, 24.409273143000121 ], [ 91.023879742000133, 24.408859040000038 ], [ 91.02365235700006, 24.408178749000172 ], [ 91.023650599000121, 24.407564500000035 ], [ 91.02365032199998, 24.407467583000084 ], [ 91.024002999000118, 24.407022683999969 ], [ 91.024421494000023, 24.407019854000112 ], [ 91.02493827800015, 24.407434032000083 ], [ 91.025422257000173, 24.407907133000037 ], [ 91.025872282000194, 24.407610582000132 ], [ 91.025806817000159, 24.407136906 ], [ 91.025610635000135, 24.406275791000098 ], [ 91.025931727000057, 24.405889804000026 ], [ 91.026252996000039, 24.405831184000135 ], [ 91.027348709000194, 24.406035977000158 ], [ 91.028186327000071, 24.406032550000134 ], [ 91.02863655200008, 24.405914350000103 ], [ 91.029279121000059, 24.405496822000032 ], [ 91.029760372000169, 24.404872680000096 ], [ 91.029821613000195, 24.403835973000184 ], [ 91.029949019000071, 24.403509995000036 ], [ 91.030141478000075, 24.403300978000061 ], [ 91.030656050000061, 24.403062674000068 ], [ 91.031107075000136, 24.403120561000151 ], [ 91.031430459000092, 24.403475076000063 ], [ 91.031528131000186, 24.403889830000139 ], [ 91.031786705000059, 24.404156736000175 ], [ 91.032076518000167, 24.404096060000143 ], [ 91.03239746100013, 24.403771020000079 ], [ 91.032524646000127, 24.403266684000073 ], [ 91.03252276000012, 24.402731620000054 ], [ 91.032326598000054, 24.401726018000147 ], [ 91.032163379000167, 24.401133353000034 ], [ 91.032130521000113, 24.400806210000042 ], [ 91.032015863000197, 24.400418943999966 ], [ 91.031902375000016, 24.40003562600009 ], [ 91.031856494000067, 24.399759869999968 ], [ 91.031798896999987, 24.399550724000107 ], [ 91.031766041000139, 24.399223581000115 ], [ 91.031537901000092, 24.39845299600006 ], [ 91.031448626000042, 24.397916406000036 ], [ 91.031340921000151, 24.39726904000014 ], [ 91.030982724000069, 24.395964262000177 ], [ 91.030559604000075, 24.394632835000039 ], [ 91.03026890700005, 24.394278095 ], [ 91.029879252000057, 24.39327154700004 ], [ 91.029522572000019, 24.392531183000074 ], [ 91.028842338000061, 24.39125793900007 ], [ 91.028033322000113, 24.389985565000131 ], [ 91.027159547, 24.388476565000133 ], [ 91.027061857000092, 24.388208560000066 ], [ 91.026414210000098, 24.38699603800012 ], [ 91.026053128000058, 24.386500439000088 ], [ 91.025638351000111, 24.385931135000021 ], [ 91.025153842000066, 24.38545803500017 ], [ 91.024992071000099, 24.385190463000015 ], [ 91.023990313000184, 24.384156427000107 ], [ 91.023359836000111, 24.383438844000125 ], [ 91.023477608000121, 24.383279581000011 ], [ 91.023926967000079, 24.382834033000108 ], [ 91.024569727000141, 24.382299123000109 ], [ 91.025019759000088, 24.382090626000149 ], [ 91.02550159700013, 24.381852562000176 ], [ 91.026144884000189, 24.381613405 ], [ 91.02685298200015, 24.381464115000085 ], [ 91.026943587000062, 24.381463956000175 ], [ 91.027303454000105, 24.381463319000034 ], [ 91.028753044000155, 24.381636360000073 ], [ 91.029429519000075, 24.381843991000096 ], [ 91.031334015000084, 24.383321132 ], [ 91.031720741000129, 24.383438158000104 ], [ 91.03213917700009, 24.383437565000122 ], [ 91.032524975000058, 24.383288184000094 ], [ 91.032846087000166, 24.382990235000079 ], [ 91.033327242000098, 24.382366082000033 ], [ 91.033744639000076, 24.382011033000026 ], [ 91.03448463400008, 24.381920190000073 ], [ 91.035226144000148, 24.382242494000081 ], [ 91.035581049000143, 24.382538087000114 ], [ 91.036034036000046, 24.383072326000047 ], [ 91.036260635000019, 24.383427495000035 ], [ 91.036518678000164, 24.383633438000061 ], [ 91.036970097000108, 24.383899017000147 ], [ 91.037388772000043, 24.38392776000012 ], [ 91.037871312000163, 24.383777702000145 ], [ 91.03809602900003, 24.383600065000053 ], [ 91.038417028000197, 24.383214050000049 ], [ 91.039377607000176, 24.381611263000025 ], [ 91.03960195500008, 24.381313964000185 ], [ 91.040178626000113, 24.380393375000153 ], [ 91.040530704000105, 24.379740736000031 ], [ 91.040497111000093, 24.379325548000168 ], [ 91.040174351000019, 24.379117797000106 ], [ 91.039649987000189, 24.379072779000126 ], [ 91.039175960000136, 24.379032081000105 ], [ 91.038628995000067, 24.379062923 ], [ 91.038241434000042, 24.378767560000028 ], [ 91.038047260000155, 24.378382821000059 ], [ 91.03743453300018, 24.37805739300012 ], [ 91.037047799000163, 24.378089389000138 ], [ 91.036888151000085, 24.378386241000157 ], [ 91.03672802400007, 24.378624397000124 ], [ 91.036405836000085, 24.37871239500015 ], [ 91.035825088000138, 24.37815193800003 ], [ 91.035918179000134, 24.377173710000136 ], [ 91.035979978000171, 24.377070515000185 ], [ 91.035460639000121, 24.376569312000186 ], [ 91.035553732000096, 24.375591085000167 ], [ 91.035874121000063, 24.375056074000042 ], [ 91.035872945000108, 24.374760321000167 ], [ 91.035968745000048, 24.374493255000118 ], [ 91.036257412000055, 24.374224873000117 ], [ 91.036901936000106, 24.374371730000064 ], [ 91.03735300000011, 24.374370899000098 ], [ 91.037868846000151, 24.374606687999972 ], [ 91.038383753, 24.374576068000124 ], [ 91.038607954000042, 24.374337472000093 ], [ 91.038606549000178, 24.37386335900004 ], [ 91.038669703000039, 24.373447509000073 ], [ 91.039245639000114, 24.372289869000042 ], [ 91.040272470000048, 24.371339099000068 ], [ 91.040818589000025, 24.370983145000139 ], [ 91.04113965300013, 24.370685182000045 ], [ 91.041524815000059, 24.370389032000048 ], [ 91.041781433000153, 24.369971849000081 ], [ 91.042262847000188, 24.369616334999989 ], [ 91.043003138000074, 24.369496100000106 ], [ 91.043261403000031, 24.369731382 ], [ 91.043265639000197, 24.371095276000062 ], [ 91.04326628400014, 24.371302716000173 ], [ 91.043396256000051, 24.371597584000085 ], [ 91.043626843000084, 24.371609023000019 ], [ 91.043630812000117, 24.372885321000126 ], [ 91.043760786000064, 24.373180188000106 ], [ 91.044919730000174, 24.373237676000031 ], [ 91.045201777000159, 24.373202745000071 ], [ 91.045119765000152, 24.373392514000045 ], [ 91.045314068000152, 24.373716285000114 ], [ 91.045381285000076, 24.37454665700011 ], [ 91.045609325000157, 24.375375922000046 ], [ 91.046030128000041, 24.37611580500004 ], [ 91.046450700000037, 24.376677329000188 ], [ 91.047064161000094, 24.37723977700017 ], [ 91.047901712000169, 24.377326554000149 ], [ 91.048768765000091, 24.376731295000184 ], [ 91.049187064000137, 24.376642606000019 ], [ 91.049606556000185, 24.376847410000096 ], [ 91.049704504000147, 24.377291500000069 ], [ 91.049676087000194, 24.378476995000028 ], [ 91.04983862500012, 24.378981595000027 ], [ 91.050130197000101, 24.379365642000096 ], [ 91.050517654000089, 24.379719675 ], [ 91.05113017900004, 24.38001570299997 ], [ 91.051902318000089, 24.379865851000034 ], [ 91.053122839000082, 24.378943002000142 ], [ 91.053828804000148, 24.378319481000119 ], [ 91.053924572000085, 24.378052406000165 ], [ 91.054420622000066, 24.377256984999974 ], [ 91.054628797000134, 24.376923169000065 ], [ 91.055335980000166, 24.37644864300006 ], [ 91.055848667000191, 24.375853554000116 ], [ 91.057391768000059, 24.375197091000075 ], [ 91.058387794000055, 24.37448347600008 ], [ 91.060505243000193, 24.372432225000125 ], [ 91.061211753, 24.371808669000018 ], [ 91.061532036000131, 24.371422615000085 ], [ 91.06214202200016, 24.370826822000083 ], [ 91.063489811000068, 24.369668202000128 ], [ 91.065158819000089, 24.368240901000036 ], [ 91.066795607000188, 24.366723503000117 ], [ 91.067469011000128, 24.365980492000176 ], [ 91.06794943500006, 24.365297541000075 ], [ 91.068430491000072, 24.364763591000099 ], [ 91.07016370000008, 24.363218386000085 ], [ 91.070677147000197, 24.362801601000115 ], [ 91.070919036000191, 24.362543257000084 ], [ 91.070789191000017, 24.361330409000118 ], [ 91.070594827000093, 24.361004416000014 ], [ 91.071011904000102, 24.360558959000059 ], [ 91.072166768000045, 24.359487420000107 ], [ 91.072873421000168, 24.359042169000134 ], [ 91.073227183000142, 24.358980965000057 ], [ 91.073742902000106, 24.359128580000061 ], [ 91.074356492000049, 24.359629957999971 ], [ 91.074678493000135, 24.359747334000133 ], [ 91.075032771000167, 24.359747080000091 ], [ 91.075322854000092, 24.359805982000182 ], [ 91.075903029000187, 24.360070531000133 ], [ 91.076611842000148, 24.360246117000088 ], [ 91.076934612, 24.360453790000122 ], [ 91.077548102000151, 24.361013856999989 ], [ 91.078021055000136, 24.361301886000149 ], [ 91.078446039000141, 24.361402570000109 ], [ 91.07854729100012, 24.361426684000151 ], [ 91.079191144000049, 24.361424360000115 ], [ 91.079673543000069, 24.361274176000165 ], [ 91.080027976000167, 24.36136421600014 ], [ 91.080480812000189, 24.362013464000029 ], [ 91.080516741000054, 24.363051748000146 ], [ 91.080616065000072, 24.363791567000135 ], [ 91.080616526000199, 24.363845749 ], [ 91.080619308000053, 24.364681075000021 ], [ 91.081017202000112, 24.365129613000192 ], [ 91.080868397000188, 24.365348214000107 ], [ 91.08086594700012, 24.365494982000143 ], [ 91.080698990000087, 24.365642923000053 ], [ 91.080701774000147, 24.366478249000068 ], [ 91.081121712000083, 24.366951628000038 ], [ 91.081479143000081, 24.367899570000134 ], [ 91.081577692000167, 24.368402334 ], [ 91.081643856000142, 24.368936934000033 ], [ 91.082037341000103, 24.370862198000168 ], [ 91.082264459000044, 24.371483702000035 ], [ 91.082395711000061, 24.372135236000133 ], [ 91.082527208000045, 24.372816122000188 ], [ 91.082722697000122, 24.373557506000054 ], [ 91.082852511, 24.373822987000096 ], [ 91.083274174000167, 24.374711762000175 ], [ 91.083435783000141, 24.374947665000036 ], [ 91.083630856000013, 24.375422643000093 ], [ 91.083987639000156, 24.376072565000015 ], [ 91.084408528000097, 24.376724285000137 ], [ 91.085086236, 24.377286113000082 ], [ 91.085408656000027, 24.377374111000108 ], [ 91.086117828999988, 24.377578996000068 ], [ 91.086505262000173, 24.377991634000125 ], [ 91.087054703000092, 24.378613073999986 ], [ 91.087378289000014, 24.378908766000166 ], [ 91.088407983000138, 24.378905890000055 ], [ 91.089115572000139, 24.378636657000072 ], [ 91.089405704000171, 24.378695528000094 ], [ 91.08963168400004, 24.378962569000066 ], [ 91.090117591000194, 24.37978990300013 ], [ 91.090343938, 24.380027588000189 ], [ 91.090505817000178, 24.380292832000066 ], [ 91.090619153000148, 24.380407206000143 ], [ 91.090943778000053, 24.379916526000045 ], [ 91.091360589000033, 24.379441666 ], [ 91.091650726000125, 24.379500534000101 ], [ 91.092068064000046, 24.379231120000156 ], [ 91.092324182000084, 24.378845468000065 ], [ 91.0928818430001, 24.378530116000093 ], [ 91.092879189000087, 24.37776640300001 ], [ 91.092875278000179, 24.376640884000096 ], [ 91.092873808000093, 24.376254829 ], [ 91.092999969000118, 24.375662406000117 ], [ 91.09309388000014, 24.374830899000131 ], [ 91.093122193000113, 24.373823766000044 ], [ 91.093087485000069, 24.37308349400007 ], [ 91.093021823000129, 24.372756602000038 ], [ 91.093021476000047, 24.372669230000099 ], [ 91.093018651000079, 24.37195740400017 ], [ 91.09303273800009, 24.371881446000089 ], [ 91.093004836000091, 24.371286334000047 ], [ 91.092939176000129, 24.370959442000185 ], [ 91.092936005000183, 24.370160245000079 ], [ 91.093062615000179, 24.369477508000159 ], [ 91.093287068000166, 24.369209483000077 ], [ 91.093640703, 24.369060182000055 ], [ 91.093736129000092, 24.368763737000165 ], [ 91.093734817000154, 24.368467988000134 ], [ 91.093732539000143, 24.367844883000146 ], [ 91.093828212000176, 24.367577784000162 ], [ 91.094372024000052, 24.366686587000061 ], [ 91.094852825000146, 24.366064508000022 ], [ 91.095783090999987, 24.365260822000153 ], [ 91.096168862000013, 24.365052584000125 ], [ 91.097036408000065, 24.364694109000027 ], [ 91.097582315000182, 24.36433570000014 ], [ 91.097774453999989, 24.364038552000068 ], [ 91.097837684000069, 24.363654286999974 ], [ 91.09786742600005, 24.363030948000187 ], [ 91.09789769200006, 24.362468565000142 ], [ 91.098250525000083, 24.362228953 ], [ 91.098798012000145, 24.36219789200004 ], [ 91.100762193000037, 24.362400382000089 ], [ 91.101728292000132, 24.362397881000106 ], [ 91.102628258000152, 24.362158795000084 ], [ 91.103239820000113, 24.362127254000029 ], [ 91.103884603000097, 24.362303176000012 ], [ 91.104594034000115, 24.362686331000191 ], [ 91.105174681999983, 24.36306816299998 ], [ 91.105465295000158, 24.36318570200001 ], [ 91.105979619000095, 24.363096160000111 ], [ 91.106911405000062, 24.36261975900004 ], [ 91.107209204000128, 24.362385612000082 ], [ 91.107328765000148, 24.362291605000053 ], [ 91.107327527000052, 24.361937157 ], [ 91.107067955000048, 24.361492032000058 ], [ 91.107099011000173, 24.361166699000023 ], [ 91.10729127500008, 24.360957587000144 ], [ 91.107450158000177, 24.360877409000068 ], [ 91.107709051000199, 24.360749086000055 ], [ 91.108287901000097, 24.360571015000119 ], [ 91.108964144000197, 24.360538977000147 ], [ 91.109414533000063, 24.360537939000096 ], [ 91.109800740000139, 24.360596071000089 ], [ 91.110574953000139, 24.360917766000171 ], [ 91.110864437000146, 24.36097660400003 ], [ 91.111476674000073, 24.361094030000174 ], [ 91.112281339000106, 24.361092645000156 ], [ 91.113021657000104, 24.361060119000115 ], [ 91.1140834200001, 24.360937179000075 ], [ 91.114125116000196, 24.360937067000066 ], [ 91.115049504000126, 24.360934592000092 ], [ 91.11537207300006, 24.361112834000096 ], [ 91.115759547000152, 24.361525397000037 ], [ 91.116018027000052, 24.361701851000078 ], [ 91.116469110000139, 24.361849793999966 ], [ 91.11759590000014, 24.361904708000111 ], [ 91.11795033900006, 24.361992402000055 ], [ 91.118304617000035, 24.361992046000012 ], [ 91.11869109200012, 24.362079501000096 ], [ 91.119271204000199, 24.362255834 ], [ 91.119754586, 24.362432878999982 ], [ 91.120077148000064, 24.362608852999983 ], [ 91.120303239, 24.362814888000059 ], [ 91.120467784000084, 24.363518068000189 ], [ 91.120532436000076, 24.363793029000078 ], [ 91.120612201000199, 24.36529207600006 ], [ 91.120550810000168, 24.3653152 ], [ 91.120615464000196, 24.365590161000114 ], [ 91.120788997000091, 24.36885122000001 ], [ 91.12111263200012, 24.369146839000052 ], [ 91.121370678000176, 24.369411335999985 ], [ 91.121470083000133, 24.370063069000025 ], [ 91.121503420000124, 24.370419535 ], [ 91.121570280000128, 24.370741017000171 ], [ 91.121700323000141, 24.371366300000091 ], [ 91.121896211000035, 24.371987969000145 ], [ 91.121929807000129, 24.372373782000182 ], [ 91.121479881000027, 24.372641261000183 ], [ 91.121223187000112, 24.372880216000112 ], [ 91.121260132000089, 24.374065222000127 ], [ 91.120778514, 24.374303582000152 ], [ 91.120489159000158, 24.374542778000034 ], [ 91.120331425000074, 24.375313811000126 ], [ 91.120350441000198, 24.376492078000012 ], [ 91.120373504000099, 24.37792111300007 ], [ 91.120551391000163, 24.379012821000117 ], [ 91.120399751000036, 24.379295207000041 ], [ 91.120338417000085, 24.380097134000039 ], [ 91.120661367000196, 24.380451457000163 ], [ 91.120757686000047, 24.380626451000069 ], [ 91.120642250000117, 24.380795402000103 ], [ 91.120482796000033, 24.381092336000165 ], [ 91.120421463000071, 24.38189426200006 ], [ 91.120744417000139, 24.382248585000184 ], [ 91.121003676000157, 24.38271959900004 ], [ 91.121281790000069, 24.382672934000027 ], [ 91.12163568700015, 24.382552915000133 ], [ 91.121988805000058, 24.382344852000074 ], [ 91.122277496000038, 24.381958910000094 ], [ 91.12253436900005, 24.381808001000138 ], [ 91.122888444000125, 24.381778285000166 ], [ 91.123371207000048, 24.381806314000073 ], [ 91.123674253000047, 24.381781935000106 ], [ 91.124144035000199, 24.38174414000008 ], [ 91.124611698000081, 24.381752872999982 ], [ 91.125489323000124, 24.381769259000123 ], [ 91.125528338000095, 24.381769986999984 ], [ 91.126913323, 24.381942562000177 ], [ 91.127234128000168, 24.381705379000152 ], [ 91.127490240000043, 24.381260971000188 ], [ 91.127843771000073, 24.381170290000057 ], [ 91.128263133000132, 24.38134552300005 ], [ 91.128393070000129, 24.381613218000098 ], [ 91.129327242000159, 24.381816221000122 ], [ 91.129682971000193, 24.382111583000039 ], [ 91.130104016000132, 24.382821864999983 ], [ 91.130233957000144, 24.383089559000098 ], [ 91.12978585400009, 24.383772458000067 ], [ 91.129743678000182, 24.383890041000086 ], [ 91.129658372000051, 24.38412786300006 ], [ 91.130045838000115, 24.384380511000188 ], [ 91.130110236000121, 24.384422502000177 ], [ 91.130561322000119, 24.384421396000107 ], [ 91.131431450000036, 24.38462712200004 ], [ 91.131850402000055, 24.384684950000064 ], [ 91.132398325000167, 24.38483211700003 ], [ 91.133235519000152, 24.385006471000111 ], [ 91.134008984000104, 24.385151948000157 ], [ 91.134748998000077, 24.385001915000089 ], [ 91.134972952000112, 24.384616436000044 ], [ 91.1350357930001, 24.384200555 ], [ 91.135033670000155, 24.383755810000082 ], [ 91.135129268000071, 24.383488691000082 ], [ 91.135417999000083, 24.383249473000035 ], [ 91.135932903000025, 24.383218521000117 ], [ 91.136449216000074, 24.383483310000088 ], [ 91.13709532200005, 24.383927737000192 ], [ 91.137321477000171, 24.384133744999986 ], [ 91.137937317000137, 24.385257952000018 ], [ 91.138875277000125, 24.386291686000106 ], [ 91.139230685000086, 24.386616376000177 ], [ 91.139617794, 24.38676472700007 ], [ 91.140100404000179, 24.386704654000027 ], [ 91.140421438000089, 24.386494533000132 ], [ 91.140742037000052, 24.386167015000183 ], [ 91.140966432000084, 24.385901180000133 ], [ 91.141318171000137, 24.385336372000097 ], [ 91.141607177000026, 24.385128749000103 ], [ 91.142154287000039, 24.384977876000107 ], [ 91.143377240000063, 24.384943819000057 ], [ 91.144117414000164, 24.384881787999973 ], [ 91.144632673000103, 24.384821456000168 ], [ 91.14468786600014, 24.384808641000063 ], [ 91.145275926000124, 24.384672103000128 ], [ 91.145532333000119, 24.384403761000158 ], [ 91.14556274500012, 24.384017473000142 ], [ 91.145432788000107, 24.383752050000112 ], [ 91.145076203000031, 24.383160981000174 ], [ 91.145654636000188, 24.382863113000042 ], [ 91.146364104999975, 24.383155757000111 ], [ 91.14668522400018, 24.382889182000156 ], [ 91.146618428000181, 24.382383971000024 ], [ 91.14629496200007, 24.381912311000065 ], [ 91.147354050000104, 24.381136690000119 ], [ 91.147963978000121, 24.380779876000076 ], [ 91.148320476000151, 24.381224191000115 ], [ 91.148495540000056, 24.381543904000011 ], [ 91.148515266000061, 24.381503792999979 ], [ 91.148534750000124, 24.381477683000128 ], [ 91.149285450000036, 24.380128683000066 ], [ 91.149318457, 24.379409213000088 ], [ 91.149358049000114, 24.378546206000181 ], [ 91.149384316000067, 24.378518857000131 ], [ 91.149484451000092, 24.378416502999983 ], [ 91.149763790000179, 24.378301501000067 ], [ 91.150244489000102, 24.378306884000096 ], [ 91.150587234999989, 24.378116896000165 ], [ 91.15061352500004, 24.378094121000174 ], [ 91.150631942000075, 24.377405394000107 ], [ 91.150748303, 24.377257764000149 ], [ 91.151120026000115, 24.377069813000105 ], [ 91.151145656000097, 24.377110255000105 ], [ 91.151440803000128, 24.377584379000098 ], [ 91.151541885000142, 24.377859045000037 ], [ 91.152487628000131, 24.381105138000123 ], [ 91.15280817900009, 24.382204436000166 ], [ 91.153336328000194, 24.383392670000035 ], [ 91.153905306000183, 24.384672731000023 ], [ 91.153919764000136, 24.384704227000157 ], [ 91.154101699000194, 24.385046613000043 ], [ 91.154994257000169, 24.386726298000042 ], [ 91.155567462000079, 24.387804973000186 ], [ 91.156217444, 24.388788208000108 ], [ 91.156589121000138, 24.389350439000168 ], [ 91.157122921000052, 24.390034074000141 ], [ 91.157559817000163, 24.390593596000087 ], [ 91.157771990000185, 24.390865318000181 ], [ 91.158301210000104, 24.391454282000041 ], [ 91.158782336000115, 24.391989717000058 ], [ 91.159169151000071, 24.392420191000156 ], [ 91.159351610000158, 24.392623241000081 ], [ 91.159693392000179, 24.393003595000096 ], [ 91.15985833700006, 24.39318715200011 ], [ 91.160242341000071, 24.393781075000106 ], [ 91.160379060000082, 24.393992531000038 ], [ 91.160410650000017, 24.394032977000165 ], [ 91.160720357000173, 24.394429512000045 ], [ 91.16137546200008, 24.39526826600013 ], [ 91.161574488000042, 24.395523084000104 ], [ 91.161597559000086, 24.39555225600003 ], [ 91.161686878000125, 24.395639616000153 ], [ 91.161907740000117, 24.395855634999975 ], [ 91.162554567000029, 24.396488270000191 ], [ 91.163087828000016, 24.397009825000112 ], [ 91.163237430000152, 24.397156142000028 ], [ 91.163426970000046, 24.397300008000059 ], [ 91.163814174000095, 24.397593904000189 ], [ 91.164420201000041, 24.398053886000071 ], [ 91.165145553, 24.398604430000148 ], [ 91.165565502000049, 24.398757877000151 ], [ 91.165996194000172, 24.399121653 ], [ 91.166822885000101, 24.399815157000035 ], [ 91.167726806000189, 24.400427913000101 ], [ 91.167857643000048, 24.400547685000049 ], [ 91.168104363000054, 24.400769290000028 ], [ 91.168738529000109, 24.401100786000086 ], [ 91.169460546000096, 24.401467723000167 ], [ 91.170387223000091, 24.402106249000042 ], [ 91.170820623000111, 24.402319631000125 ], [ 91.171266294000134, 24.402465196000037 ], [ 91.17186722800011, 24.402661470000112 ], [ 91.171950677000154, 24.402687913000079 ], [ 91.171990387000051, 24.402716957000166 ], [ 91.172249627000042, 24.402918137000086 ], [ 91.172082989000103, 24.403133903000025 ], [ 91.172036467000169, 24.403198918000157 ], [ 91.171364970000127, 24.404137335000087 ], [ 91.171337513000026, 24.404367827000158 ], [ 91.171646853000084, 24.404663967000147 ], [ 91.171701285000154, 24.404716076000113 ], [ 91.172431225000139, 24.405203720000088 ], [ 91.172960019000186, 24.405400554000039 ], [ 91.173053540000183, 24.40544949700012 ], [ 91.174173963000101, 24.406039085000032 ], [ 91.176804372000049, 24.407948942000075 ], [ 91.178151916000161, 24.409164358000055 ], [ 91.178182368000193, 24.409191213000099 ], [ 91.179952582999988, 24.410784859000159 ], [ 91.181101090000084, 24.412198212000078 ], [ 91.181828377000159, 24.413319093000041 ], [ 91.182547871000168, 24.414925421000078 ], [ 91.182710113999974, 24.415666915000145 ], [ 91.182828256000164, 24.41637262900008 ], [ 91.182859590000135, 24.416559768000013 ], [ 91.182890651000093, 24.416916230000027 ], [ 91.182956574000116, 24.417673677000096 ], [ 91.183000415000151, 24.418177388000117 ], [ 91.183004556000185, 24.418224766000094 ], [ 91.183299671000043, 24.419597354000189 ], [ 91.183309317000123, 24.419640173000062 ], [ 91.183606483000176, 24.420240636000131 ], [ 91.184370469000157, 24.42178565200004 ], [ 91.184804918000111, 24.422497917000101 ], [ 91.184937202000071, 24.422650401999988 ], [ 91.185108387000128, 24.422847729000068 ], [ 91.185704449000013, 24.423504546000174 ], [ 91.185763875000134, 24.423531170000047 ], [ 91.187946969000109, 24.423498246000179 ], [ 91.189689293000072, 24.424383092000028 ], [ 91.190358213000138, 24.424786457000096 ], [ 91.191393056000095, 24.425491724000096 ], [ 91.191491302000031, 24.425554132000116 ], [ 91.191600181000069, 24.425623294000161 ], [ 91.19251988000002, 24.426209803000063 ], [ 91.192647109000177, 24.426283036000029 ], [ 91.193572304000099, 24.426815576000024 ], [ 91.194068123000136, 24.426836499000046 ], [ 91.194133100000101, 24.426797607000026 ], [ 91.194236530000126, 24.42671777400011 ], [ 91.194295276000048, 24.426541215000157 ], [ 91.194327201000078, 24.426331002999973 ], [ 91.194245625000121, 24.425916246000043 ], [ 91.193929413000035, 24.425525916000083 ], [ 91.193774650000137, 24.425036116000058 ], [ 91.193983979000109, 24.425039462000143 ], [ 91.194048955000198, 24.425000570000122 ], [ 91.194152383000187, 24.424920737000036 ], [ 91.194211129000109, 24.424744178000083 ], [ 91.19424305400014, 24.42453396600007 ], [ 91.194161480000162, 24.424119208000036 ], [ 91.194534629000032, 24.423879214000067 ], [ 91.195010525000157, 24.424076383000113 ], [ 91.19533051600007, 24.424377507000031 ], [ 91.195748988000048, 24.42485846000011 ], [ 91.196235670000192, 24.425610915000107 ], [ 91.196401089000119, 24.426417835000052 ], [ 91.196362355000076, 24.427615304000142 ], [ 91.196337613000196, 24.428380208000192 ], [ 91.196474902000091, 24.428535366000062 ], [ 91.196462422000138, 24.428921190000153 ], [ 91.196421795000049, 24.430177242000184 ], [ 91.19657228300008, 24.430347314000016 ], [ 91.197666862000119, 24.428986022 ], [ 91.198662081000123, 24.429273889000115 ], [ 91.199011585000108, 24.429271119000077 ], [ 91.199156463000179, 24.429206757000088 ], [ 91.199242226000081, 24.429149638000069 ], [ 91.199392598000088, 24.428884305000054 ], [ 91.199658388000046, 24.428633859000115 ], [ 91.199939125000071, 24.428530042000148 ], [ 91.200262572000099, 24.428574885000046 ], [ 91.20069664500005, 24.428979083000058 ], [ 91.200872445000073, 24.429142783000088 ], [ 91.20110156800007, 24.429356134000102 ], [ 91.201308305000055, 24.429843794000135 ], [ 91.201723255000104, 24.43042807900008 ], [ 91.201927723000153, 24.43060255 ], [ 91.202489354000136, 24.431060898000112 ], [ 91.202683334000028, 24.431157885000061 ], [ 91.203298296000128, 24.431465353000078 ], [ 91.203748339000128, 24.431626701000084 ], [ 91.205103301000179, 24.432112465000159 ], [ 91.20536308800007, 24.432146210000042 ], [ 91.205627333000166, 24.432180533000121 ], [ 91.206152618000033, 24.432250848000137 ], [ 91.206277310000075, 24.432267914000136 ], [ 91.207391441000141, 24.432414802000039 ], [ 91.20758266200005, 24.432426822000139 ], [ 91.20932067200016, 24.432534798 ], [ 91.209756221000021, 24.432561853000038 ], [ 91.209997583000131, 24.432576846000131 ], [ 91.210806873000081, 24.432626810000158 ], [ 91.211208597000109, 24.432668746000104 ], [ 91.211622271000067, 24.432735421000189 ], [ 91.21191707600002, 24.432763326000099 ], [ 91.212106024000036, 24.432781213000055 ], [ 91.212860647000014, 24.432851922000168 ], [ 91.213238353, 24.432896306000089 ], [ 91.213849750000065, 24.43294558000008 ], [ 91.214099003000172, 24.43296615800017 ], [ 91.214746748000039, 24.433012882000128 ], [ 91.215684251000084, 24.433101829000123 ], [ 91.216172720000088, 24.433148170000152 ], [ 91.216240580000033, 24.433154398000113 ], [ 91.217358858000182, 24.433247467000115 ], [ 91.217459235000035, 24.433255821000103 ], [ 91.21757631600002, 24.433265564000067 ], [ 91.218007358000193, 24.433214682000141 ], [ 91.218330352000066, 24.433017932000041 ], [ 91.21865387400004, 24.433261405 ], [ 91.219570103000081, 24.433597175999978 ], [ 91.219688863000101, 24.433668287000103 ], [ 91.219893768000134, 24.433790978000047 ], [ 91.221079247000034, 24.434174236000104 ], [ 91.222318637000114, 24.434457717000043 ], [ 91.22269299300018, 24.434501750000038 ], [ 91.224312131000033, 24.43469218700011 ], [ 91.225198507000187, 24.434656431000121 ], [ 91.225432435000187, 24.434646994000161 ], [ 91.227112943000122, 24.434579188000043 ], [ 91.228067199000066, 24.434446724000111 ], [ 91.228943892000188, 24.434325020000188 ], [ 91.229320852000114, 24.434229300000084 ], [ 91.230092141000057, 24.434033445000125 ], [ 91.230505282000081, 24.433928534000074 ], [ 91.231419986000049, 24.433532785000068 ], [ 91.231742209000174, 24.433385674000078 ], [ 91.231850854000186, 24.433337380000182 ], [ 91.23214226000016, 24.433109463000051 ], [ 91.232227127000158, 24.433043086000168 ], [ 91.232567108000126, 24.432733435000046 ], [ 91.232989129000146, 24.432349058000113 ], [ 91.233110373000045, 24.43223862800005 ], [ 91.233136174000151, 24.432215129000099 ], [ 91.233840316000112, 24.431573788000094 ], [ 91.234141029000057, 24.431326188000014 ], [ 91.234197714000061, 24.431279514999972 ], [ 91.235507424000048, 24.430201109000109 ], [ 91.237013373000025, 24.429120959999977 ], [ 91.237658986000099, 24.42882445000015 ], [ 91.238466202000097, 24.428285052000092 ], [ 91.239757100000134, 24.427597203000118 ], [ 91.240241539000181, 24.427399079000054 ], [ 91.241533955000136, 24.427246251000042 ], [ 91.242234535000193, 24.427339833000133 ], [ 91.242611354000019, 24.427483482000071 ], [ 91.243312811000067, 24.427917949 ], [ 91.243367109000133, 24.428111658000148 ], [ 91.243368991000125, 24.429183998000042 ], [ 91.243347144000154, 24.429293799000163 ], [ 91.243155725000065, 24.430255850000094 ], [ 91.242673496, 24.431623398999989 ], [ 91.242297975000156, 24.43230601700003 ], [ 91.242226834000178, 24.432469148999985 ], [ 91.241787111000122, 24.43347951200019 ], [ 91.241270332999989, 24.434666903000107 ], [ 91.241171743000052, 24.434893432000138 ], [ 91.240235114000086, 24.437289477000036 ], [ 91.240046464999978, 24.437772061000032 ], [ 91.239868394000098, 24.43834620399997 ], [ 91.23935079600011, 24.440015036000034 ], [ 91.239305398000056, 24.440258195000183 ], [ 91.239017589000127, 24.441799732000106 ], [ 91.238977620000128, 24.442013805000158 ], [ 91.238953921000189, 24.442420373 ], [ 91.238909418000162, 24.44318383600006 ], [ 91.238875383000106, 24.443767697000112 ], [ 91.23887205200009, 24.443824850000169 ], [ 91.238837099000136, 24.444424466000044 ], [ 91.238821337000047, 24.444694845000129 ], [ 91.23888226400004, 24.445527397000092 ], [ 91.238931633000107, 24.446202014 ], [ 91.239093890000163, 24.446591247000185 ], [ 91.239149259000044, 24.447272584000132 ], [ 91.239180791000138, 24.448033517000113 ], [ 91.239205746000152, 24.448635706000118 ], [ 91.239044890000173, 24.448831177000045 ], [ 91.239046495000025, 24.449625840000181 ], [ 91.239046543000029, 24.449756775000083 ], [ 91.238939189000064, 24.450001474000146 ], [ 91.238940376000073, 24.45005322999998 ], [ 91.238966265000158, 24.451182628000026 ], [ 91.238998331000118, 24.452581413000189 ], [ 91.238783543000125, 24.452874399999985 ], [ 91.238945480000098, 24.453166563000082 ], [ 91.238892809000106, 24.453896195000084 ], [ 91.238785784000072, 24.454237967000097 ], [ 91.238842073000171, 24.455454346000124 ], [ 91.238735001, 24.455601967000177 ], [ 91.238681815000064, 24.456090042000142 ], [ 91.238736652000057, 24.456527564000112 ], [ 91.238683397000045, 24.4568192320001 ], [ 91.238575832000095, 24.456917185000123 ], [ 91.238576417000047, 24.45735515500013 ], [ 91.238362694000045, 24.458135773000038 ], [ 91.238416665000159, 24.458232407000025 ], [ 91.238042038000174, 24.459646471000156 ], [ 91.237880699000016, 24.459794532000046 ], [ 91.237828126000068, 24.460282601000017 ], [ 91.237323153000091, 24.461409034000042 ], [ 91.237237950000065, 24.461599092000142 ], [ 91.237131781000073, 24.462281752000138 ], [ 91.236863120000123, 24.46286866600002 ], [ 91.236863781000125, 24.463062813000192 ], [ 91.236702488000162, 24.463405028000182 ], [ 91.236649428000021, 24.463843437000151 ], [ 91.236542471000178, 24.463941385000055 ], [ 91.236596161000136, 24.464135099000089 ], [ 91.236489322000125, 24.464623611000036 ], [ 91.236275223000064, 24.465304896000191 ], [ 91.236114210000153, 24.465550033000113 ], [ 91.235953726000048, 24.466038984000136 ], [ 91.23600769900014, 24.466135619000056 ], [ 91.23568536300013, 24.466720712000097 ], [ 91.235309908000033, 24.467550059000018 ], [ 91.23514975300003, 24.46813608400015 ], [ 91.235042173000181, 24.468234036000069 ], [ 91.234720686000173, 24.469160018000139 ], [ 91.23445228800017, 24.469649850000167 ], [ 91.234291684000198, 24.470380362000185 ], [ 91.234077259000117, 24.470966829000133 ], [ 91.233969678000165, 24.471064783000088 ], [ 91.233620318000078, 24.472098268000025 ], [ 91.233541126000091, 24.472332532000053 ], [ 91.233379765000109, 24.472480589000156 ], [ 91.233106358000157, 24.473047072000043 ], [ 91.23241382700013, 24.474481920000073 ], [ 91.23155455, 24.475850252000157 ], [ 91.231286145000126, 24.476531972000089 ], [ 91.230587381000191, 24.477413609999985 ], [ 91.230372866000096, 24.477803662000156 ], [ 91.230426841000053, 24.477900299000055 ], [ 91.229889299000149, 24.478683542999988 ], [ 91.229835689000197, 24.478878132000034 ], [ 91.229621168000108, 24.479268183000045 ], [ 91.229191147000108, 24.479757064000125 ], [ 91.229191338000078, 24.479903805999982 ], [ 91.228600302000189, 24.480831965000164 ], [ 91.228008569000167, 24.481371823000018 ], [ 91.22773996900014, 24.481909059000088 ], [ 91.22704061200011, 24.482544604000168 ], [ 91.226140464000025, 24.483117272000129 ], [ 91.225264932000073, 24.483674268000016 ], [ 91.224510753000118, 24.48387228200005 ], [ 91.224125511000068, 24.484040791999973 ], [ 91.223962436000136, 24.484112123000102 ], [ 91.223380148000103, 24.484366821000037 ], [ 91.223290714000143, 24.484382262000167 ], [ 91.221925877000103, 24.484617900000103 ], [ 91.221818096000163, 24.484569104000173 ], [ 91.221171500000139, 24.484669152000095 ], [ 91.220470954000064, 24.484674817000155 ], [ 91.220255392000183, 24.484577224000134 ], [ 91.219177238000157, 24.484436931000175 ], [ 91.218961860000093, 24.48448607500012 ], [ 91.218411483000125, 24.48430831200011 ], [ 91.218368576000046, 24.484294455000111 ], [ 91.217613903000199, 24.484250874000111 ], [ 91.216983881000147, 24.483766051000089 ], [ 91.216481237000096, 24.483379535999973 ], [ 91.216426790000128, 24.483233231000042 ], [ 91.216324855000153, 24.48314199400005 ], [ 91.216156812000179, 24.48299158500015 ], [ 91.216048246000071, 24.482604154000114 ], [ 91.215938640000047, 24.481338524000023 ], [ 91.216039414000079, 24.481246802999976 ], [ 91.216099536000058, 24.480946668000115 ], [ 91.216421837000155, 24.48040902200006 ], [ 91.216744176000134, 24.480067789000145 ], [ 91.216755346000127, 24.480017052000107 ], [ 91.216797949000011, 24.479823535000037 ], [ 91.217443349000121, 24.479089133000173 ], [ 91.217873737000048, 24.47869735900008 ], [ 91.218088628000146, 24.478598547000104 ], [ 91.218680413000186, 24.478060984000081 ], [ 91.218850462000148, 24.477867825000033 ], [ 91.219541144000061, 24.477083274000051 ], [ 91.220078811000064, 24.476690625000117 ], [ 91.22064564600015, 24.476031546000058 ], [ 91.221046634000118, 24.475565298000049 ], [ 91.221045357000094, 24.475222001000134 ], [ 91.220938015000115, 24.474981460000038 ], [ 91.220452480000176, 24.474448076000158 ], [ 91.220236660000069, 24.474449821000178 ], [ 91.21996701300003, 24.474305255000104 ], [ 91.219427740000128, 24.474210273999972 ], [ 91.218727688000115, 24.474261073000037 ], [ 91.217704084000104, 24.474461225000084 ], [ 91.217443090000188, 24.474581030000138 ], [ 91.216627801000186, 24.47495527500007 ], [ 91.216358347000096, 24.475151596999979 ], [ 91.216035550000072, 24.475251274000129 ], [ 91.215658639000083, 24.475495867000063 ], [ 91.215281577000155, 24.475595982000073 ], [ 91.21458201500019, 24.476084730000025 ], [ 91.213666791000151, 24.476527800000099 ], [ 91.212267846000088, 24.477462391000074 ], [ 91.211029807000102, 24.478393418000053 ], [ 91.210599398000056, 24.478591022000103 ], [ 91.209361640000168, 24.479619111000147 ], [ 91.208715703999985, 24.479915508999966 ], [ 91.208069991000116, 24.479848436000054 ], [ 91.20779961500017, 24.479821244999982 ], [ 91.206828499000096, 24.479388777999986 ], [ 91.206019403000141, 24.478808262000143 ], [ 91.20591148800014, 24.478809124000179 ], [ 91.205156378000197, 24.47832750800012 ], [ 91.204801587000077, 24.478008922000072 ], [ 91.2035914020002, 24.476922212000034 ], [ 91.203591097000128, 24.476825136000173 ], [ 91.203159744, 24.476340931000152 ], [ 91.202240910000057, 24.474785985000096 ], [ 91.202186183000038, 24.474348445000146 ], [ 91.201970514000038, 24.474106341000038 ], [ 91.201970352000046, 24.473959597000146 ], [ 91.201753763000113, 24.473620423000114 ], [ 91.201807421000126, 24.473231690000034 ], [ 91.201591283000198, 24.472939918000066 ], [ 91.201434454000093, 24.472517641000024 ], [ 91.201320425000176, 24.472210608000125 ], [ 91.201212830000031, 24.472114387000033 ], [ 91.20121220599998, 24.471723827000062 ], [ 91.201103531000172, 24.471383792000097 ], [ 91.201048967000077, 24.470702430000188 ], [ 91.201102314000138, 24.470410774000015 ], [ 91.20088525500006, 24.469631369000126 ], [ 91.200890161000075, 24.46947183400016 ], [ 91.200910833000194, 24.468799502000138 ], [ 91.200936150000075, 24.467976139000143 ], [ 91.200988871999982, 24.467736630000104 ], [ 91.201096950000078, 24.46724565400018 ], [ 91.201000890000103, 24.466815184999973 ], [ 91.200934011000186, 24.466515486000162 ], [ 91.200556182000071, 24.466078254000024 ], [ 91.199261788000115, 24.465354809000132 ], [ 91.198938531000067, 24.4654047840001 ], [ 91.197645212999987, 24.46511929400009 ], [ 91.197214049000024, 24.465170119000106 ], [ 91.196621657000037, 24.465125145000115 ], [ 91.196459809000146, 24.465029344000129 ], [ 91.195435934000102, 24.464935859000093 ], [ 91.195274238000195, 24.464986803000045 ], [ 91.195166485000072, 24.464937989000077 ], [ 91.194948406000094, 24.46503653700006 ], [ 91.193388352000113, 24.464897859000132 ], [ 91.193280769000012, 24.46480162600011 ], [ 91.192526198000053, 24.464755658 ], [ 91.191825137000194, 24.464564778000067 ], [ 91.191555540000195, 24.464420158000166 ], [ 91.191421836000131, 24.464421214000083 ], [ 91.191393996000158, 24.464421434000087 ], [ 91.190800699000192, 24.464082952000126 ], [ 91.190370298000175, 24.464280493000047 ], [ 91.19020872800013, 24.464475923000066 ], [ 91.189994844000182, 24.465206819000116 ], [ 91.189887231000114, 24.465304738000157 ], [ 91.189511326000172, 24.466183654000076 ], [ 91.189511620000189, 24.466477141000098 ], [ 91.189350661000105, 24.466672561000109 ], [ 91.188975044000188, 24.467648549000046 ], [ 91.188598511000066, 24.468331050000074 ], [ 91.188168067000106, 24.468722745999969 ], [ 91.187953308000033, 24.468968253000128 ], [ 91.18746845600009, 24.469213630000127 ], [ 91.186498801000198, 24.469316071000151 ], [ 91.186175817000162, 24.469463089000044 ], [ 91.185798895000062, 24.469513458000051 ], [ 91.185152222000113, 24.469468869000025 ], [ 91.184829235000109, 24.46961588500011 ], [ 91.184830240999986, 24.470250266000107 ], [ 91.184937824000087, 24.470346500000062 ], [ 91.18493872, 24.470639982000023 ], [ 91.185155187000078, 24.471563906000085 ], [ 91.185196594000047, 24.471665907000045 ], [ 91.185303519000058, 24.471929306000106 ], [ 91.185371700000132, 24.472097263000023 ], [ 91.185533861000124, 24.47229240300004 ], [ 91.185479891000114, 24.472389902000032 ], [ 91.185588063000182, 24.472680285000138 ], [ 91.185788022000111, 24.473170206000077 ], [ 91.186183251000045, 24.474138547 ], [ 91.187154662000012, 24.475205540000104 ], [ 91.187802069000043, 24.475785172000087 ], [ 91.189204886000198, 24.47675394200013 ], [ 91.189312181000105, 24.47675309400006 ], [ 91.189851868000119, 24.477089745000114 ], [ 91.190768079000122, 24.477134449000118 ], [ 91.191953019000152, 24.476836135000099 ], [ 91.19268198900005, 24.476754874000051 ], [ 91.192868461000046, 24.476734086000079 ], [ 91.193137805000106, 24.476587478000056 ], [ 91.193676305000054, 24.476535813000112 ], [ 91.195185104000132, 24.476575805000039 ], [ 91.19529331800004, 24.476672032000124 ], [ 91.195670409000058, 24.476768379000191 ], [ 91.195993986000076, 24.477009639000073 ], [ 91.196318487000042, 24.477544379999983 ], [ 91.196265130000143, 24.478032445000167 ], [ 91.196319228000164, 24.478079426000022 ], [ 91.196152592000033, 24.478426905999981 ], [ 91.195297511000092, 24.479205029000184 ], [ 91.193844109000111, 24.480137623000076 ], [ 91.193398095000134, 24.480254028 ], [ 91.193089893000035, 24.480335480000178 ], [ 91.192659440000057, 24.480533031999983 ], [ 91.192066658000044, 24.480585124000072 ], [ 91.19174365300006, 24.480732155000055 ], [ 91.190181573000132, 24.481130521000125 ], [ 91.188619339000184, 24.481382133000182 ], [ 91.188511713000139, 24.481480052000052 ], [ 91.187973018000093, 24.481579111000144 ], [ 91.187272482000196, 24.481584622000128 ], [ 91.186249205000195, 24.481831963000104 ], [ 91.185941719000141, 24.481812594000189 ], [ 91.185548201000074, 24.481787804000078 ], [ 91.18511742000004, 24.481886 ], [ 91.184578451000107, 24.481890228000054 ], [ 91.184362766000163, 24.481842257000039 ], [ 91.184185295000134, 24.481923802000154 ], [ 91.184147837000012, 24.481941013000039 ], [ 91.183177620000151, 24.481993769000155 ], [ 91.182315643000152, 24.481948597000155 ], [ 91.18199217900019, 24.482048200000122 ], [ 91.181399709, 24.482003173000066 ], [ 91.181303592000177, 24.482012953000151 ], [ 91.180870789000153, 24.482058837000068 ], [ 91.180429950000189, 24.482105570999977 ], [ 91.178598479000073, 24.482456256000148 ], [ 91.177789824000058, 24.482507721000047 ], [ 91.177682185000094, 24.482605631000183 ], [ 91.177197767000166, 24.482706486999973 ], [ 91.176874452000163, 24.482756417000019 ], [ 91.176766689000033, 24.482707589000086 ], [ 91.176389393000079, 24.482855014000108 ], [ 91.175689134000152, 24.482957545000147 ], [ 91.17558149600012, 24.483055455000056 ], [ 91.175204066000163, 24.483056141000134 ], [ 91.17396537500008, 24.483354743000177 ], [ 91.173749694000037, 24.483306759000072 ], [ 91.173695882000061, 24.483356839000123 ], [ 91.173372850000135, 24.483503836000125 ], [ 91.172564643000158, 24.483604935000074 ], [ 91.172349084000189, 24.483703682000169 ], [ 91.17207975000008, 24.483656111000016 ], [ 91.171864195000126, 24.483754854000154 ], [ 91.171594704000086, 24.483756949000053 ], [ 91.170894694000083, 24.483954271000187 ], [ 91.170571090000124, 24.483907116000125 ], [ 91.169925086000148, 24.484009195000112 ], [ 91.169224511000039, 24.484012364000137 ], [ 91.169116751000161, 24.483963531000086 ], [ 91.168954839000094, 24.484061857000029 ], [ 91.168673926, 24.484056597000119 ], [ 91.166907560000084, 24.484023508000178 ], [ 91.166098884000121, 24.484074907000036 ], [ 91.165883382000061, 24.483979490000081 ], [ 91.165452321000032, 24.48398281600015 ], [ 91.164913197000146, 24.483837974999972 ], [ 91.164590054000143, 24.483840468000096 ], [ 91.16308026300004, 24.483165781000139 ], [ 91.162648517000036, 24.482825945000116 ], [ 91.1623250990001, 24.482731358000024 ], [ 91.160707097000113, 24.481619505000083 ], [ 91.159526603000188, 24.480449860000078 ], [ 91.159142463000194, 24.480069243000116 ], [ 91.158278230000178, 24.47856326200008 ], [ 91.157738831000017, 24.477980416000037 ], [ 91.157738742000106, 24.477835927000058 ], [ 91.157414597000013, 24.477592331000153 ], [ 91.156820853000113, 24.476865409000027 ], [ 91.156389778000062, 24.476527803000181 ], [ 91.155742969000073, 24.476336342000025 ], [ 91.154557001, 24.476194147000115 ], [ 91.154179694000163, 24.476002876000166 ], [ 91.154232099000126, 24.474783351999974 ], [ 91.154070270000148, 24.47468751200006 ], [ 91.153369579000184, 24.474740273000066 ], [ 91.152938711000047, 24.474693893000108 ], [ 91.151322525000126, 24.474846191000097 ], [ 91.150298608000185, 24.474754653 ], [ 91.150136782000118, 24.474658807000083 ], [ 91.148735991000137, 24.474762027000111 ], [ 91.148574595000127, 24.474713586000064 ], [ 91.147550784000032, 24.47510967900007 ], [ 91.147335555000097, 24.475109055000189 ], [ 91.147227905000079, 24.475206951000132 ], [ 91.147012266000047, 24.475161178000178 ], [ 91.146743220000189, 24.475210630000163 ], [ 91.145827481000197, 24.475556223000069 ], [ 91.145073110000055, 24.475607095000044 ], [ 91.144587619999982, 24.475317281 ], [ 91.14453361600016, 24.475073865000127 ], [ 91.144963963000123, 24.474585215000047 ], [ 91.144909695000081, 24.47424472199998 ], [ 91.144639867000137, 24.474002941000151 ], [ 91.144316749000041, 24.474005391 ], [ 91.143778301999987, 24.474201367000035 ], [ 91.142809265000039, 24.474791168000081 ], [ 91.142431690000137, 24.474841433999984 ], [ 91.141624024000123, 24.475136516000077 ], [ 91.141139336000151, 24.475140176000025 ], [ 91.140869323000118, 24.474945803000026 ], [ 91.14054575300014, 24.474898579000183 ], [ 91.140007664000109, 24.475340620999987 ], [ 91.138553875000184, 24.476272700000095 ], [ 91.138122813000052, 24.476273688 ], [ 91.137152646000175, 24.475987502000123 ], [ 91.136452701000053, 24.476331411999979 ], [ 91.136344957000063, 24.476282556000058 ], [ 91.13564467000009, 24.476382643000079 ], [ 91.135267615000089, 24.476629302000106 ], [ 91.134405823000179, 24.476875084000028 ], [ 91.134244341000112, 24.477023044000191 ], [ 91.132520924000119, 24.477810342000168 ], [ 91.1318210350002, 24.478300980000085 ], [ 91.131605203999982, 24.478302597000095 ], [ 91.131120447000114, 24.478644873000178 ], [ 91.130905036000172, 24.478693895000163 ], [ 91.130366650000042, 24.479038828 ], [ 91.129989475000173, 24.479136472000107 ], [ 91.130035284000144, 24.481093086000158 ], [ 91.129119508000031, 24.48158307 ], [ 91.129011782000191, 24.481536464000101 ], [ 91.128203617, 24.481784069000071 ], [ 91.126535134000051, 24.483349780000026 ], [ 91.125135048000061, 24.484378409000101 ], [ 91.124596669000198, 24.484867811000129 ], [ 91.124112432000175, 24.485550967000165 ], [ 91.123843685000054, 24.486331853000081 ], [ 91.123467559000176, 24.486966791000043 ], [ 91.123144779000143, 24.487845156000162 ], [ 91.123091490000093, 24.488233865999973 ], [ 91.122929804000194, 24.48843148200018 ], [ 91.122661221000101, 24.489162698000086 ], [ 91.1221770840001, 24.489651690000073 ], [ 91.121799386000077, 24.48955515900019 ], [ 91.121422188000167, 24.489167388000169 ], [ 91.121259878000046, 24.488877359000014 ], [ 91.121205842, 24.488487187000089 ], [ 91.121043220000047, 24.487953332000075 ], [ 91.120935648000057, 24.487854796000079 ], [ 91.120913905000123, 24.487303903000054 ], [ 91.12087997500015, 24.486444183000174 ], [ 91.12077191700007, 24.486151491000101 ], [ 91.120556156000077, 24.485957214999985 ], [ 91.120448630000055, 24.485860397000181 ], [ 91.120232849000047, 24.486008743000184 ], [ 91.119910116000085, 24.486546198000156 ], [ 91.11985761, 24.487860536000028 ], [ 91.119965846000071, 24.488103559000137 ], [ 91.120006395000189, 24.488343969000141 ], [ 91.120202682000127, 24.489507694000054 ], [ 91.120236636000129, 24.4897089910001 ], [ 91.120452867000154, 24.490097959000138 ], [ 91.120615870000051, 24.491510031000075 ], [ 91.120670435000022, 24.492238844999974 ], [ 91.120563258000118, 24.492533135000031 ], [ 91.120293857000149, 24.492826369000113 ], [ 91.119917319000081, 24.493070728000191 ], [ 91.119216811, 24.49336715700008 ], [ 91.118462077000117, 24.493320824000079 ], [ 91.118084701000157, 24.492982715999972 ], [ 91.11759846200016, 24.491911677000076 ], [ 91.1173286450001, 24.491669848000072 ], [ 91.116951414000084, 24.491137577000188 ], [ 91.115926215000059, 24.490215008000121 ], [ 91.11560270800004, 24.489829083000075 ], [ 91.115601986000172, 24.489047943000116 ], [ 91.115493958000116, 24.488757506000184 ], [ 91.114145293000149, 24.487448996000069 ], [ 91.113390261000063, 24.487014323000096 ], [ 91.112743490000071, 24.486967164000191 ], [ 91.112474366000185, 24.486872068000139 ], [ 91.112258641000039, 24.486677241000052 ], [ 91.112042461000101, 24.486290517000043 ], [ 91.111826737000172, 24.486095692 ], [ 91.111611069999981, 24.486047610000128 ], [ 91.109348899000167, 24.487179520000154 ], [ 91.108594903000096, 24.487424367000074 ], [ 91.107947768000145, 24.487476526000023 ], [ 91.107624692000059, 24.48777013199998 ], [ 91.107625645000041, 24.488160700000151 ], [ 91.10751762100017, 24.488502396 ], [ 91.107087231000037, 24.488796788000059 ], [ 91.106548430000146, 24.488895558000024 ], [ 91.106386463000149, 24.488993823999976 ], [ 91.104231466000101, 24.489343727000062 ], [ 91.104069470000013, 24.489297501000181 ], [ 91.10390784100008, 24.489151937000031 ], [ 91.10385370400013, 24.488955917000169 ], [ 91.103584352000041, 24.488763727000048 ], [ 91.102399017000096, 24.488914615000112 ], [ 91.101913911000111, 24.489159724000046 ], [ 91.101698443000032, 24.489064218000124 ], [ 91.100620616000128, 24.489166896000086 ], [ 91.100135893000072, 24.48931491899998 ], [ 91.099812567000185, 24.489511433000075 ], [ 91.099281335000057, 24.489646377999975 ], [ 91.09884268400009, 24.489757805000067 ], [ 91.095958653000139, 24.489905858000157 ], [ 91.095717680000178, 24.4899182260001 ], [ 91.095555704000105, 24.490016480000065 ], [ 91.094101003000105, 24.489975099000105 ], [ 91.093453828000122, 24.490024940000069 ], [ 91.093346121000138, 24.490122798000129 ], [ 91.093023384, 24.490174803000116 ], [ 91.092430323000087, 24.490420664999988 ], [ 91.091945839000118, 24.490812484 ], [ 91.091838574000064, 24.491104497000094 ], [ 91.091785845, 24.492712329000085 ], [ 91.091624384000056, 24.493442719000143 ], [ 91.091409614000099, 24.49378517800011 ], [ 91.091355594000049, 24.494029394000108 ], [ 91.091194019000113, 24.494175054000038 ], [ 91.091086561000054, 24.494516735000161 ], [ 91.0908709200001, 24.494615372000055 ], [ 91.09076317500012, 24.494566482000096 ], [ 91.090439822000121, 24.494762975000128 ] ] ] } },
{ "type": "Feature", "properties": { "adm3_name": "Nikli", "adm3_name1": null, "adm3_name2": null, "adm3_name3": null, "adm3_pcode": "BD30480076", "adm2_name": "Kishoreganj", "adm2_name1": null, "adm2_name2": null, "adm2_name3": null, "adm2_pcode": "BD3048", "adm1_name": "Dhaka", "adm1_name1": null, "adm1_name2": null, "adm1_name3": null, "adm1_pcode": "BD30", "adm0_name": "Bangladesh", "adm0_name1": null, "adm0_name2": null, "adm0_name3": null, "adm0_pcode": "BD", "valid_on": "2023-05-21T00:00:00", "valid_to": null, "area_sqkm": 201.31166627, "version": "v03", "lang": "en", "lang1": null, "lang2": null, "lang3": null, "adm3_ref_name": null, "center_lat": 24.33828073, "center_lon": 90.96093837, "female_pop": 73605.0, "male_pop": 69359.0, "total_pop": 142964.0, "nearest_facility_min": 10.245981281027763 }, "geometry": { "type": "Polygon", "coordinates": [ [ [ 90.997824799000057, 24.443804099000147 ], [ 90.997441682000044, 24.443953711000063 ], [ 90.997213204000161, 24.444042934000095 ], [ 90.99660276100019, 24.444428512000172 ], [ 90.996023680000178, 24.444725830000095 ], [ 90.995464326000047, 24.444871736000096 ], [ 90.994993666000198, 24.444994506000114 ], [ 90.994845959000145, 24.445052184000076 ], [ 90.994358491000128, 24.445179336000137 ], [ 90.994132960000059, 24.445267402000127 ], [ 90.993931218000057, 24.44529499500004 ], [ 90.99354557200013, 24.445414931000187 ], [ 90.993425244000093, 24.445462148999979 ], [ 90.993287146000057, 24.445482586000026 ], [ 90.992910392000113, 24.445599754999989 ], [ 90.992743406000159, 24.445665281000117 ], [ 90.9922258470001, 24.445773539000186 ], [ 90.992078005999986, 24.44585642200019 ], [ 90.991590663000125, 24.445958357 ], [ 90.990690105, 24.446463218000133 ], [ 90.989885807000064, 24.446820688000059 ], [ 90.98937104800001, 24.447146910000015 ], [ 90.988695759000052, 24.447444830000165 ], [ 90.986509711000167, 24.44899209700003 ], [ 90.985995097000057, 24.449259607000158 ], [ 90.985113997000155, 24.449619913000106 ], [ 90.984901052, 24.449706991000028 ], [ 90.984128009000074, 24.44988586900007 ], [ 90.983258711000133, 24.449977318000094 ], [ 90.982517592000193, 24.449979876000157 ], [ 90.982267089000118, 24.449924625000108 ], [ 90.981712184000116, 24.449802233000071 ], [ 90.981389187000161, 24.449655322000126 ], [ 90.98067824200001, 24.448856184000078 ], [ 90.980418866000093, 24.448085726000102 ], [ 90.980416983000168, 24.447523566000143 ], [ 90.980480128000181, 24.447078386000044 ], [ 90.980608320000101, 24.446752444000083 ], [ 90.981377560000169, 24.445447007000155 ], [ 90.982082730000059, 24.444230031000188 ], [ 90.982435799000086, 24.443724267999983 ], [ 90.982884143000035, 24.442863421000084 ], [ 90.983203951, 24.441886007000051 ], [ 90.983394649000161, 24.441114881000033 ], [ 90.983455802000151, 24.440017233000162 ], [ 90.983453311000062, 24.438980956000137 ], [ 90.983386971000073, 24.43829729600003 ], [ 90.983415089000061, 24.436994408000032 ], [ 90.983763208000198, 24.434741196000118 ], [ 90.983633216000101, 24.43435597000007 ], [ 90.98337891, 24.43416178700005 ], [ 90.983255039000142, 24.434067200000129 ], [ 90.982787691000055, 24.43392121100004 ], [ 90.981601799000146, 24.433558643000083 ], [ 90.980828409000139, 24.43344174200007 ], [ 90.979862371000138, 24.433445743000163 ], [ 90.979698129000042, 24.433475600000065 ], [ 90.979540391000114, 24.43350427300004 ], [ 90.978349831, 24.433893532000184 ], [ 90.977931123000189, 24.434040733000188 ], [ 90.97751304500008, 24.434190188 ], [ 90.977442511999982, 24.434215402000177 ], [ 90.977021662000197, 24.434303956 ], [ 90.976119956000161, 24.434336869000163 ], [ 90.975798050000037, 24.434485699000049 ], [ 90.975559047000047, 24.434518910000065 ], [ 90.975484803000143, 24.434521619000179 ], [ 90.975461279000115, 24.434532495000042 ], [ 90.974929077000127, 24.434606444 ], [ 90.973962091000089, 24.434488500000043 ], [ 90.973381993000032, 24.434252915000172 ], [ 90.972865032000186, 24.433809210000106 ], [ 90.972735768000121, 24.433514277000143 ], [ 90.97234832100014, 24.433039553000128 ], [ 90.9724747570001, 24.43264819500007 ], [ 90.972539553000161, 24.432447632999981 ], [ 90.972764204000157, 24.432238479000091 ], [ 90.972698755000181, 24.431823477000023 ], [ 90.972730390000038, 24.43152751100007 ], [ 90.972825467000177, 24.431143088000169 ], [ 90.972953002000168, 24.430489784000088 ], [ 90.973079692000169, 24.429807133 ], [ 90.973400723000168, 24.429303854000011 ], [ 90.974332519000143, 24.428618279000034 ], [ 90.975104349000105, 24.428055648000111 ], [ 90.975130235000108, 24.428034675000106 ], [ 90.975618375000181, 24.427639170000134 ], [ 90.976292925, 24.42701394300019 ], [ 90.976549946000034, 24.426687172000072 ], [ 90.976774007000188, 24.426243213000191 ], [ 90.976965628000187, 24.425589491000096 ], [ 90.976994633000174, 24.424553005000121 ], [ 90.976831862000097, 24.423989624000171 ], [ 90.976411738000138, 24.423308244999987 ], [ 90.97563684500011, 24.42274655000017 ], [ 90.974443208000196, 24.421921140000052 ], [ 90.974110531000122, 24.421825733000105 ], [ 90.973927334000109, 24.421773194000082 ], [ 90.973443982000106, 24.42168599300004 ], [ 90.973057469000196, 24.421686221000073 ], [ 90.972156134000102, 24.421836508000183 ], [ 90.971609240000191, 24.421984517000055 ], [ 90.971529280000141, 24.422019866000085 ], [ 90.970974141000113, 24.422169247000056 ], [ 90.969461903000024, 24.422885611000027 ], [ 90.969076579000159, 24.423122883000133 ], [ 90.968691216000138, 24.423597217000122 ], [ 90.968660611000189, 24.424191196000152 ], [ 90.968725523000046, 24.424457193000023 ], [ 90.968726902000071, 24.424960658000032 ], [ 90.968631499000082, 24.425464743000077 ], [ 90.968471184000066, 24.425702833000059 ], [ 90.968252128000074, 24.425904283000023 ], [ 90.96821407200008, 24.425939280000023 ], [ 90.967860735999977, 24.42608829500017 ], [ 90.967216536000137, 24.426090155000111 ], [ 90.966603941000187, 24.426033111000038 ], [ 90.966121177000048, 24.425943628000027 ], [ 90.965765981000118, 24.425767533000112 ], [ 90.96550773700011, 24.425532120000071 ], [ 90.965469965000182, 24.425417224000171 ], [ 90.965401082000028, 24.425207686000022 ], [ 90.965118355000186, 24.424347035000153 ], [ 90.965149269000108, 24.423872714000083 ], [ 90.965148182000064, 24.42348664900004 ], [ 90.965306788000078, 24.422537389000183 ], [ 90.9653374250002, 24.421945667000045 ], [ 90.965400443000078, 24.421559193000064 ], [ 90.965432096000143, 24.421263228000157 ], [ 90.965719357000182, 24.420371847000069 ], [ 90.965750509000088, 24.419929132999982 ], [ 90.965878421000184, 24.419483541000091 ], [ 90.965925711000011, 24.419060647000094 ], [ 90.965941330000192, 24.418920965999973 ], [ 90.965906651000068, 24.418090338000184 ], [ 90.965678298000057, 24.417082589000017 ], [ 90.96548376100003, 24.416548744000181 ], [ 90.965322087000175, 24.416283364000094 ], [ 90.964676058000123, 24.415632739000159 ], [ 90.964417765000121, 24.415307012000085 ], [ 90.96428830200017, 24.414980466000088 ], [ 90.964287233000164, 24.414596658000107 ], [ 90.964415267000106, 24.414329429000134 ], [ 90.964704178000147, 24.414061175000143 ], [ 90.965058101000182, 24.413912167000092 ], [ 90.965382069000157, 24.41385844399997 ], [ 90.965693169000133, 24.413727463000043 ], [ 90.965798618000065, 24.413709976000121 ], [ 90.966055661000098, 24.413614555000152 ], [ 90.966859252000063, 24.413020156000073 ], [ 90.967469668000149, 24.412395377000166 ], [ 90.967661741000143, 24.412039685000025 ], [ 90.966596909000145, 24.411272084000018 ], [ 90.965823319000094, 24.410947391999969 ], [ 90.964920518999975, 24.410652870000149 ], [ 90.964372873000173, 24.410534441000038 ], [ 90.963983807000091, 24.41037725100017 ], [ 90.963619172000051, 24.410229930000128 ], [ 90.963276640000117, 24.410092132000102 ], [ 90.962792553000156, 24.40973848800013 ], [ 90.962662926000178, 24.409470642000031 ], [ 90.962682992000055, 24.409147879000045 ], [ 90.962694240000076, 24.408966966000094 ], [ 90.962660891000098, 24.408551753000097 ], [ 90.962530719000142, 24.408049105000089 ], [ 90.962369047000095, 24.407781464000038 ], [ 90.961852183000133, 24.407249662000083 ], [ 90.961400878000177, 24.407071910000127 ], [ 90.960917250000136, 24.40677695800008 ], [ 90.960077576000117, 24.405858869000042 ], [ 90.959735699000191, 24.405546146 ], [ 90.958560624000199, 24.406134859000133 ], [ 90.956554289, 24.406786489000069 ], [ 90.956083333000151, 24.407026526000095 ], [ 90.955641222000054, 24.407250576000024 ], [ 90.953529565000053, 24.408327287000191 ], [ 90.953433767000092, 24.408375301999968 ], [ 90.953322019000097, 24.408351171000049 ], [ 90.953243084000064, 24.408334208000156 ], [ 90.952894504000142, 24.408511940000096 ], [ 90.95279914200006, 24.408559736000143 ], [ 90.952686958000015, 24.408535822000147 ], [ 90.950808875000178, 24.408132205000015 ], [ 90.949971545000153, 24.408013285000152 ], [ 90.948714555000095, 24.407659928000101 ], [ 90.948262606000071, 24.407394086000181 ], [ 90.948037097000167, 24.407158435000099 ], [ 90.947875472000192, 24.406893033000188 ], [ 90.947680586000047, 24.406300466000062 ], [ 90.947003659000075, 24.406033772000058 ], [ 90.946616714000129, 24.405887181000082 ], [ 90.94603630000006, 24.405502475000048 ], [ 90.94581040300011, 24.405296174000114 ], [ 90.945454922000124, 24.404822008000167 ], [ 90.945357131000094, 24.404436544000077 ], [ 90.945415045000118, 24.404038365000076 ], [ 90.945452119000151, 24.403783462000035 ], [ 90.945609675000014, 24.403622655000106 ], [ 90.945741462, 24.403488146000086 ], [ 90.945801617000086, 24.403404551 ], [ 90.945997686000055, 24.403132081000024 ], [ 90.946189873000094, 24.402537093000035 ], [ 90.94641471500006, 24.402271530000178 ], [ 90.946993012000178, 24.401796044999969 ], [ 90.947764875000189, 24.401407399000163 ], [ 90.948161720000087, 24.401342703000125 ], [ 90.948280978000184, 24.401323260000026 ], [ 90.948312150000106, 24.401318178000167 ], [ 90.948827418000064, 24.401317210000059 ], [ 90.949148936000029, 24.401288101000034 ], [ 90.949728700000037, 24.401257373000192 ], [ 90.950147242000071, 24.401345057000128 ], [ 90.950437812000132, 24.401462894000019 ], [ 90.951405439000155, 24.402113822000047 ], [ 90.952049783000177, 24.402229433000116 ], [ 90.952468623000186, 24.402256168000122 ], [ 90.95250056000009, 24.402258207000045 ], [ 90.953305849000174, 24.402465368000037 ], [ 90.953950375000034, 24.402522266000119 ], [ 90.954529963000198, 24.402550223000048 ], [ 90.954851880000092, 24.402491751000184 ], [ 90.955206272000112, 24.40248951600006 ], [ 90.955594494000081, 24.402308687000129 ], [ 90.955849096000179, 24.40207455 ], [ 90.956073677000063, 24.401777368000126 ], [ 90.956233941000164, 24.401451240000142 ], [ 90.956361426000115, 24.400946959000066 ], [ 90.956457195000155, 24.400650588000133 ], [ 90.956326599000192, 24.40008697900015 ], [ 90.956067873999984, 24.399614486000019 ], [ 90.955583672999978, 24.398992144999966 ], [ 90.955389537000087, 24.398665996999966 ], [ 90.955162409000138, 24.398132344000146 ], [ 90.955064767000067, 24.397688184000174 ], [ 90.955095779000146, 24.397304171000087 ], [ 90.955256417000101, 24.396946434000085 ], [ 90.95586588600014, 24.396116252000127 ], [ 90.955959559000178, 24.395050006000019 ], [ 90.955926674000068, 24.39469349 ], [ 90.955828752000116, 24.394129670999973 ], [ 90.955634400000179, 24.393774173000054 ], [ 90.955117516000087, 24.393063987000119 ], [ 90.954921094000156, 24.392859285000043 ], [ 90.954891407000105, 24.392828347000147 ], [ 90.954116972000065, 24.392207833000157 ], [ 90.953503391000197, 24.391586298000163 ], [ 90.953338424000094, 24.391467892000094 ], [ 90.953213396000081, 24.391378153000062 ], [ 90.952602021000189, 24.391707116000191 ], [ 90.95215182700008, 24.391915401000119 ], [ 90.951606019000053, 24.392359090000127 ], [ 90.951124259000153, 24.393043957000032 ], [ 90.950482765000174, 24.39396237200009 ], [ 90.950278607000143, 24.394151022000074 ], [ 90.949968609999985, 24.394437470000128 ], [ 90.949165667000102, 24.395031774000131 ], [ 90.949005670000076, 24.39547755600006 ], [ 90.948566243000073, 24.395883696999988 ], [ 90.948459674000048, 24.395982194000055 ], [ 90.94797653400019, 24.396073272000137 ], [ 90.947428787000092, 24.396013482000171 ], [ 90.946977678000167, 24.395688929000073 ], [ 90.946718858000054, 24.395363174000181 ], [ 90.946470375000047, 24.395145763000073 ], [ 90.94600915500007, 24.39474221100005 ], [ 90.945750339000142, 24.394416454000179 ], [ 90.945427649000067, 24.394120445000112 ], [ 90.94494454400018, 24.393884139000136 ], [ 90.944504680000193, 24.393798838000066 ], [ 90.944171024000127, 24.393796395000152 ], [ 90.943849631000091, 24.394006111000067 ], [ 90.943947447000198, 24.394479628000113 ], [ 90.944142077000095, 24.395042855000042 ], [ 90.944400930000143, 24.395456666000086 ], [ 90.944466226000031, 24.395783633000065 ], [ 90.94417766000015, 24.396347612000113 ], [ 90.943471297000031, 24.397088040000085 ], [ 90.94331078800019, 24.397384807000037 ], [ 90.943408403000149, 24.397831232000101 ], [ 90.943861090000041, 24.398451552000097 ], [ 90.944055291000041, 24.398956078000083 ], [ 90.94379963900019, 24.399637253000037 ], [ 90.943510099000036, 24.399905472000114 ], [ 90.943422041000019, 24.399950706000141 ], [ 90.94293170300017, 24.400202583000123 ], [ 90.942529197000056, 24.40036568000005 ], [ 90.942416748000085, 24.400411244000054 ], [ 90.942063016000134, 24.400501496000061 ], [ 90.941032827000072, 24.400799152 ], [ 90.940517563000071, 24.40080009400009 ], [ 90.93990566400015, 24.400652625000077 ], [ 90.939647736000154, 24.400446512000144 ], [ 90.939356607000093, 24.400001284000098 ], [ 90.939194957000041, 24.399645560000124 ], [ 90.938742756000011, 24.39917197900013 ], [ 90.938387854000155, 24.398937115000024 ], [ 90.93803318700003, 24.398817392000183 ], [ 90.937774552000064, 24.398784034000073 ], [ 90.937582209000198, 24.398759226000152 ], [ 90.93745389500009, 24.398814106000088 ], [ 90.937164411000083, 24.398937918 ], [ 90.936875509000174, 24.399294172 ], [ 90.936909256000035, 24.399858402000177 ], [ 90.93726572300011, 24.400806710000097 ], [ 90.937330772999985, 24.401102072000015 ], [ 90.937202809000098, 24.401635696000142 ], [ 90.936879061000127, 24.401908616000128 ], [ 90.936849368000026, 24.401933646000089 ], [ 90.936173916000143, 24.402111671000171 ], [ 90.935497270000099, 24.401876532000131 ], [ 90.934948309000049, 24.401403537000192 ], [ 90.934496545000172, 24.400988638000058 ], [ 90.934098904000052, 24.40054597 ], [ 90.934044757000095, 24.400485689999982 ], [ 90.933754388000125, 24.400309118000166 ], [ 90.933077522000076, 24.400042358000121 ], [ 90.932626109000125, 24.399925479000103 ], [ 90.932371114000091, 24.399904280000044 ], [ 90.931874781000147, 24.400216804000138 ], [ 90.931781530000137, 24.400276080000083 ], [ 90.931395340000165, 24.400395858000024 ], [ 90.931243926000036, 24.400398722000091 ], [ 90.931146474000172, 24.400460641000166 ], [ 90.930760283000097, 24.400580418 ], [ 90.930277065999974, 24.40058113200007 ], [ 90.929471624000143, 24.400346753000122 ], [ 90.928375263000135, 24.399606161000179 ], [ 90.927988570000196, 24.399488871000017 ], [ 90.926539121000076, 24.399432270000091 ], [ 90.92618469100006, 24.399344128000052 ], [ 90.925830008000105, 24.399136324000096 ], [ 90.924797087000172, 24.398131162000084 ], [ 90.924344875000088, 24.397479170000111 ], [ 90.92350277200012, 24.396515070000078 ], [ 90.923440574000097, 24.396443859000158 ], [ 90.92309193400007, 24.395921055000088 ], [ 90.922826543000042, 24.39531872200007 ], [ 90.922600234000015, 24.394963375000032 ], [ 90.92205199000017, 24.394578378000062 ], [ 90.921654742000158, 24.394443674000115 ], [ 90.921182061000195, 24.39428339 ], [ 90.921154895000086, 24.39427678200019 ], [ 90.920408532000067, 24.394107471000098 ], [ 90.919603843000175, 24.394139451000115 ], [ 90.919345633000148, 24.394164849000049 ], [ 90.918992268000125, 24.394199607000076 ], [ 90.918717436000122, 24.394291586000179 ], [ 90.918541583000035, 24.394349095000052 ], [ 90.91812269400009, 24.394378728000106 ], [ 90.917189373000099, 24.394350516000088 ], [ 90.916860512000142, 24.394226543 ], [ 90.916487934000031, 24.394086089000098 ], [ 90.915932354000063, 24.393877218000171 ], [ 90.914771889000065, 24.393288182999981 ], [ 90.91406212000004, 24.392635458000086 ], [ 90.913835451000011, 24.392311707000033 ], [ 90.912964161000048, 24.39139353600018 ], [ 90.912738130000093, 24.391157832000033 ], [ 90.911126234000164, 24.390092839000147 ], [ 90.910094417000096, 24.389559436000127 ], [ 90.909740027000112, 24.389471253000011 ], [ 90.908623662000196, 24.389473481000039 ], [ 90.908092431000057, 24.389354703000151 ], [ 90.907195036000132, 24.389001094000093 ], [ 90.906529817000035, 24.38862351400013 ], [ 90.90623307300018, 24.3884943380001 ], [ 90.903117228000042, 24.388083968000103 ], [ 90.901003827000068, 24.387893354000141 ], [ 90.899056190000124, 24.387089869000192 ], [ 90.897790355000097, 24.385785609999971 ], [ 90.897737452000058, 24.385537566999972 ], [ 90.898194015000115, 24.384999768000171 ], [ 90.89819226000003, 24.384751424000058 ], [ 90.897266171000069, 24.383991527000148 ], [ 90.897008292000123, 24.383690511000111 ], [ 90.896765021000192, 24.383220979000157 ], [ 90.896177959999989, 24.382087890000093 ], [ 90.895766960000117, 24.381832933000055 ], [ 90.89549811500018, 24.3817989530001 ], [ 90.895306198000185, 24.381774695000047 ], [ 90.895200389000024, 24.3812763520001 ], [ 90.895194808000042, 24.380483906999984 ], [ 90.895294669, 24.380137875000116 ], [ 90.896103985000195, 24.378762622000124 ], [ 90.896098734000191, 24.378017586000112 ], [ 90.895940378000091, 24.377320871000109 ], [ 90.89593582700013, 24.376675172999967 ], [ 90.8960854460002, 24.376132422000126 ], [ 90.896388448000039, 24.375493935000122 ], [ 90.896436442000095, 24.375046612000176 ], [ 90.896098534000032, 24.374167951 ], [ 90.896071727, 24.374098245000084 ], [ 90.896018482000159, 24.373800534000054 ], [ 90.896027164000145, 24.373690250000038 ], [ 90.896065427000053, 24.373204201000021 ], [ 90.895957537000186, 24.37241010300005 ], [ 90.895435523000117, 24.37091176399997 ], [ 90.895023164, 24.370458127 ], [ 90.894736863000048, 24.370453503000192 ], [ 90.894679644, 24.370390555000085 ], [ 90.89393520200008, 24.370378529 ], [ 90.893655998000042, 24.370374017000188 ], [ 90.893449998000051, 24.370172031000152 ], [ 90.893395698, 24.369723053000143 ], [ 90.893547414000125, 24.369478319000109 ], [ 90.89380178100015, 24.369284907000122 ], [ 90.896003216000111, 24.36942092400011 ], [ 90.897744386000113, 24.369649947000141 ], [ 90.898562803000061, 24.369663160000073 ], [ 90.900148426000101, 24.36959279000007 ], [ 90.901224278000086, 24.369760248000091 ], [ 90.901530834000084, 24.369715526000107 ], [ 90.901630671000078, 24.369369492000089 ], [ 90.901773216000038, 24.367833357000109 ], [ 90.901974575000111, 24.36729255 ], [ 90.90258555500003, 24.366905091000035 ], [ 90.903352022000092, 24.366719904000092 ], [ 90.904116453000199, 24.366336040000078 ], [ 90.904522489000044, 24.365897866000068 ], [ 90.904543662000151, 24.365856524000037 ], [ 90.904674428000135, 24.365601191000167 ], [ 90.904774269000086, 24.365257413000108 ], [ 90.90482011000006, 24.364512073000071 ], [ 90.904813062000017, 24.363520952000044 ], [ 90.90500919200008, 24.362334447000023 ], [ 90.905475448000118, 24.361998436000022 ], [ 90.905623323000043, 24.361891869000033 ], [ 90.905721285000141, 24.361700275000146 ], [ 90.905561486000124, 24.360804891000157 ], [ 90.905405225000095, 24.360406198000078 ], [ 90.905470054000034, 24.360098088000029 ], [ 90.90560309600005, 24.359465780999983 ], [ 90.906775517000142, 24.35884240200005 ], [ 90.907285921000096, 24.358701623 ], [ 90.907846325000094, 24.358314448000044 ], [ 90.907998338000141, 24.358117111000126 ], [ 90.908031361000155, 24.358067468000058 ], [ 90.9084537170001, 24.357432534000054 ], [ 90.909374608000178, 24.357397664000018 ], [ 90.911353602000133, 24.355150581000032 ], [ 90.911912909000137, 24.354614383000069 ], [ 90.912423292000142, 24.354473591000101 ], [ 90.91255363200014, 24.354348628000025 ], [ 90.912897116000124, 24.354416160000085 ], [ 90.913071507000041, 24.354248036 ], [ 90.913171304000059, 24.353901995000058 ], [ 90.91316811300004, 24.35345723100005 ], [ 90.913371525, 24.353212167000038 ], [ 90.913626526000087, 24.35311580400014 ], [ 90.914340423000056, 24.352831537000156 ], [ 90.914645763000124, 24.352538443000071 ], [ 90.914695845000153, 24.352391385000146 ], [ 90.914636858000165, 24.351298978000102 ], [ 90.914684796000074, 24.350853905000122 ], [ 90.914572160000148, 24.349411868000118 ], [ 90.914252576000194, 24.34754886800016 ], [ 90.91414520100011, 24.346924110000145 ], [ 90.913829793000104, 24.345727132000036 ], [ 90.913414977000059, 24.344928117999984 ], [ 90.912692593000145, 24.344022581000161 ], [ 90.912536671000055, 24.343671305000044 ], [ 90.912531705000163, 24.342978195000057 ], [ 90.912732707000089, 24.342484791000061 ], [ 90.912728789000141, 24.341938431000187 ], [ 90.912412001, 24.340545030999976 ], [ 90.912099831000148, 24.339795065000089 ], [ 90.911940376000189, 24.338949356000057 ], [ 90.91197907500009, 24.33721288900017 ], [ 90.912581265000199, 24.335536252000054 ], [ 90.912830197000176, 24.334597774000031 ], [ 90.913283932000127, 24.33361290900018 ], [ 90.914095007000185, 24.332634920000032 ], [ 90.913729224000065, 24.331537583000056 ], [ 90.912950807000186, 24.329936985000131 ], [ 90.912843200000111, 24.3291903060001 ], [ 90.912930073000098, 24.329020448999984 ], [ 90.912994478000201, 24.328895884000076 ], [ 90.913096747, 24.328897527000152 ], [ 90.913402391000091, 24.328654105000055 ], [ 90.91375784700017, 24.328313296000033 ], [ 90.913806495000131, 24.327967561000094 ], [ 90.913752861000148, 24.327617930000031 ], [ 90.913284474000193, 24.326469277000115 ], [ 90.912818587000118, 24.325668309000093 ], [ 90.911891438000055, 24.324538217000054 ], [ 90.911786419000123, 24.324410154000191 ], [ 90.911272296000163, 24.323936779000178 ], [ 90.910962968000149, 24.32365196600017 ], [ 90.909524953000073, 24.322831981000093 ], [ 90.909208238000076, 24.322779653 ], [ 90.909181555000089, 24.322764438000092 ], [ 90.907856254000137, 24.322545462999983 ], [ 90.905865268000071, 24.32255631400011 ], [ 90.905635537000137, 24.3224691530001 ], [ 90.905224010000097, 24.322114877999979 ], [ 90.905015957000046, 24.321614891000081 ], [ 90.904807198000071, 24.32101556300006 ], [ 90.90464605700015, 24.319921492000049 ], [ 90.904471381000121, 24.319787177000023 ], [ 90.904182786000092, 24.319565266000041 ], [ 90.903311457000029, 24.319254363000027 ], [ 90.902490534000094, 24.318841552000038 ], [ 90.902078060000065, 24.31843760300012 ], [ 90.901664098000083, 24.317735631000119 ], [ 90.901651946000129, 24.317678626000088 ], [ 90.901640286000088, 24.317623928000046 ], [ 90.901611221000053, 24.317487585000038 ], [ 90.901451875000191, 24.317165668000143 ], [ 90.901040722000175, 24.316337241000042 ], [ 90.89998952100018, 24.314783352000177 ], [ 90.899749154000062, 24.314428033000183 ], [ 90.899454448000199, 24.313880853 ], [ 90.8991200480001, 24.313259965000157 ], [ 90.899075114000084, 24.313176695000038 ], [ 90.898766243000011, 24.312873721000187 ], [ 90.898151303000134, 24.31266512600007 ], [ 90.897921439000129, 24.312636057000077 ], [ 90.897807938000028, 24.312597556000185 ], [ 90.89734742800016, 24.312539319000052 ], [ 90.895097237000016, 24.312600014 ], [ 90.893510942000148, 24.312473887000124 ], [ 90.893468188000156, 24.312514051999983 ], [ 90.893076318000055, 24.312430930000062 ], [ 90.892743317000111, 24.312360997000042 ], [ 90.892653360000054, 24.312381421000111 ], [ 90.892626170000142, 24.312370326000178 ], [ 90.892603361000113, 24.31239277300017 ], [ 90.892539151000108, 24.312407352000037 ], [ 90.892282808000118, 24.312302743000032 ], [ 90.892263508000156, 24.312321738000094 ], [ 90.89166611700017, 24.312132960000099 ], [ 90.891242655000156, 24.311999143000094 ], [ 90.891106171000047, 24.311996932 ], [ 90.890526247000196, 24.311987540000132 ], [ 90.890015660000131, 24.312078589000123 ], [ 90.889784759000122, 24.31199094700014 ], [ 90.889672301000076, 24.31201100100003 ], [ 90.889296952000166, 24.31186853100013 ], [ 90.886482082000157, 24.311372247000122 ], [ 90.8864301320001, 24.311356031 ], [ 90.886138726000183, 24.311304650000125 ], [ 90.8837813990001, 24.310568799000066 ], [ 90.883034292000161, 24.310417899000015 ], [ 90.882760605000158, 24.310362619000045 ], [ 90.882705724000175, 24.310351533000016 ], [ 90.882551647000128, 24.310248571000045 ], [ 90.882752045000188, 24.309658119000062 ], [ 90.883004939000159, 24.30926604800004 ], [ 90.883307155000068, 24.308525988999975 ], [ 90.883458824000115, 24.308281264000072 ], [ 90.884068211000169, 24.307695206000062 ], [ 90.884363703000133, 24.30780882900018 ], [ 90.884411556000089, 24.307762808000177 ], [ 90.884822232000147, 24.307920718999981 ], [ 90.884963352000057, 24.30801075800008 ], [ 90.886259983000173, 24.308838033000029 ], [ 90.887867935000145, 24.309576728000138 ], [ 90.888055578000149, 24.309662930000172 ], [ 90.888413128000082, 24.309620198 ], [ 90.888718776000132, 24.309376825000015 ], [ 90.888971996000123, 24.309034416000031 ], [ 90.889173733000177, 24.308640377000017 ], [ 90.88911880600017, 24.308094311000161 ], [ 90.889120855000101, 24.308013097000185 ], [ 90.889158860000123, 24.306506841999976 ], [ 90.88905453000018, 24.306207167000139 ], [ 90.889048916000093, 24.305313112000135 ], [ 90.888940799000125, 24.304469327000049 ], [ 90.888969103000136, 24.301195348000135 ], [ 90.889113303000158, 24.300584705000176 ], [ 90.889167715000042, 24.300354283000104 ], [ 90.889213077000079, 24.300277210000047 ], [ 90.889370400000018, 24.300009911000018 ], [ 90.889634525000133, 24.299727595000149 ], [ 90.889827051000054, 24.299521810000044 ], [ 90.890015401000198, 24.299117085999967 ], [ 90.890078863000099, 24.298980718000053 ], [ 90.8900767840002, 24.298682701000189 ], [ 90.889867114000083, 24.297936597000103 ], [ 90.889866581000149, 24.297330380000119 ], [ 90.89038576900009, 24.295892511999966 ], [ 90.89041518200014, 24.295811051000101 ], [ 90.890609285000153, 24.294326537000188 ], [ 90.891064103000133, 24.293490740000038 ], [ 90.891283603000147, 24.292975037000076 ], [ 90.891315550000058, 24.292899979000083 ], [ 90.891339450000089, 24.292730318000167 ], [ 90.891364252000187, 24.292554247999988 ], [ 90.891307365000159, 24.291176619000169 ], [ 90.891302735000124, 24.291064459000097 ], [ 90.891352473000154, 24.290867737000156 ], [ 90.891173595000112, 24.290270688000078 ], [ 90.891143143000079, 24.290169048000166 ], [ 90.890467513000146, 24.288569967000115 ], [ 90.890310685000145, 24.288069651000114 ], [ 90.890359041000011, 24.28767425500007 ], [ 90.890358001000152, 24.287525244999983 ], [ 90.890509631000043, 24.287280512999985 ], [ 90.890967544000034, 24.286891745000162 ], [ 90.891323990000046, 24.286699998000017 ], [ 90.891831005000142, 24.286112253000169 ], [ 90.891880743000172, 24.285915531000057 ], [ 90.891366794000191, 24.285509885000067 ], [ 90.891306342000178, 24.285142216999986 ], [ 90.891260053000167, 24.284862520000047 ], [ 90.891053852000084, 24.284610853000117 ], [ 90.890797565000071, 24.284506241000145 ], [ 90.890500652000128, 24.284457581000026 ], [ 90.889638903000161, 24.284316348000175 ], [ 90.889108350000186, 24.284229391000167 ], [ 90.888602268000056, 24.284253206000074 ], [ 90.888341319000062, 24.284265485000105 ], [ 90.887935148000111, 24.284656202 ], [ 90.887631553000119, 24.285098247000121 ], [ 90.88733001200012, 24.285836055000061 ], [ 90.887131482000086, 24.286776460000112 ], [ 90.887191898000083, 24.288114987000142 ], [ 90.886943889000065, 24.289202440000111 ], [ 90.88679192, 24.289399756000137 ], [ 90.886565336000103, 24.28948817800017 ], [ 90.885822779000023, 24.28977794900004 ], [ 90.884852612000145, 24.290009381 ], [ 90.883779444000197, 24.290040462000036 ], [ 90.882451789000186, 24.290316856000175 ], [ 90.880918263000126, 24.290388972000073 ], [ 90.880674440000121, 24.290316684000118 ], [ 90.880574967000143, 24.290321362000157 ], [ 90.880216437000172, 24.290215065000154 ], [ 90.879805088000126, 24.289860715000145 ], [ 90.878927929000156, 24.288754950000055 ], [ 90.878668567000148, 24.288203284000076 ], [ 90.878615748000129, 24.287955232000172 ], [ 90.878663455000094, 24.287460492000093 ], [ 90.878559510000116, 24.287210480000169 ], [ 90.878659694000078, 24.286914127000045 ], [ 90.878688205000174, 24.285715380999989 ], [ 90.878699814000186, 24.285227310000039 ], [ 90.87893833000004, 24.282751368000163 ], [ 90.878882093000072, 24.282006618000025 ], [ 90.878335621000133, 24.28013195300008 ], [ 90.87809691800004, 24.279313071000161 ], [ 90.877935386000161, 24.278119620000098 ], [ 90.8779295880002, 24.27786722999997 ], [ 90.877779319000126, 24.277720888000147 ], [ 90.877471951000075, 24.277616546000047 ], [ 90.876448628000048, 24.277448597999978 ], [ 90.875995248000038, 24.277477900000122 ], [ 90.876247947000081, 24.27634727700007 ], [ 90.876275600000156, 24.275997995000125 ], [ 90.876294980000125, 24.275753201000157 ], [ 90.876452273000098, 24.275524253000015 ], [ 90.876497389000122, 24.275458517000118 ], [ 90.877111026000193, 24.27541885300019 ], [ 90.878134333, 24.27558679800012 ], [ 90.878441696000152, 24.27569113800007 ], [ 90.878591963000019, 24.275837480000121 ], [ 90.880092072000082, 24.275249678000137 ], [ 90.880376902000194, 24.27513806800016 ], [ 90.881441469000094, 24.274770648000128 ], [ 90.882240556000056, 24.274926318000041 ], [ 90.882529551000061, 24.274777884000173 ], [ 90.883108763, 24.274747426000147 ], [ 90.884266357000058, 24.274566847000017 ], [ 90.884813336000093, 24.274416904000134 ], [ 90.885199003000139, 24.274358213000028 ], [ 90.885433207000119, 24.274341689000039 ], [ 90.885617508000053, 24.274328684000125 ], [ 90.887588930000049, 24.274233568000056 ], [ 90.889827017000073, 24.273706733000097 ], [ 90.891140087000167, 24.273233082000104 ], [ 90.891820100000018, 24.272116169000128 ], [ 90.891947952000123, 24.271643537000102 ], [ 90.892075584000054, 24.27113929900014 ], [ 90.89229926500019, 24.270634493000102 ], [ 90.892308716000173, 24.270587668000019 ], [ 90.89233988400008, 24.270433255000171 ], [ 90.892395082000178, 24.27015978999998 ], [ 90.892491117000077, 24.269804750000105 ], [ 90.892579520000197, 24.269425153000043 ], [ 90.892650130000163, 24.269121958000085 ], [ 90.892714149000199, 24.268767107000144 ], [ 90.892745110000192, 24.268351488000121 ], [ 90.892841129000033, 24.267994190000024 ], [ 90.892872105000151, 24.267580828000121 ], [ 90.893064173000198, 24.267046857000082 ], [ 90.89300777200009, 24.266809594000108 ], [ 90.893033007000099, 24.266669714000045 ], [ 90.893056754000042, 24.266350917000068 ], [ 90.893063966000113, 24.266254094000146 ], [ 90.893159983000146, 24.26589679600005 ], [ 90.893190958000162, 24.265483434000146 ], [ 90.893383021000147, 24.264949463000107 ], [ 90.893220627000176, 24.264266301000077 ], [ 90.89325178900009, 24.263791977000096 ], [ 90.893186293000042, 24.263230166000028 ], [ 90.892971183000157, 24.261331735000056 ], [ 90.89293958200011, 24.261052828000174 ], [ 90.892825256000094, 24.259317240000087 ], [ 90.893649848000109, 24.259170155000106 ], [ 90.896075064, 24.259004614 ], [ 90.896602957000084, 24.258866034999983 ], [ 90.897447054000054, 24.258779773000128 ], [ 90.899133255000038, 24.258936894000101 ], [ 90.90002973300011, 24.258945137000126 ], [ 90.901294190000044, 24.259100213000181 ], [ 90.904255994000152, 24.258970720000036 ], [ 90.903574872000092, 24.257273933000079 ], [ 90.903050802000052, 24.256556804000127 ], [ 90.902828255000031, 24.256316283000046 ], [ 90.902473214000054, 24.255932561000122 ], [ 90.9023695570001, 24.255551607000029 ], [ 90.90221209800012, 24.255310956000073 ], [ 90.901476586, 24.25464023 ], [ 90.901354087000072, 24.254471809000052 ], [ 90.90116263800013, 24.254208593000101 ], [ 90.900794574000088, 24.253872100000081 ], [ 90.900163042000031, 24.253627478000055 ], [ 90.900111225000103, 24.253438131000109 ], [ 90.899534002000053, 24.252861288000076 ], [ 90.899219963000064, 24.25223998700011 ], [ 90.899263298000051, 24.251757422000082 ], [ 90.899795714000049, 24.251762168000084 ], [ 90.900217405000035, 24.251671619000149 ], [ 90.900481747000015, 24.251530069000182 ], [ 90.900465657000154, 24.251471270000025 ], [ 90.901330814000062, 24.251690137000082 ], [ 90.902437515000031, 24.251746793000166 ], [ 90.903279370000121, 24.252134657000113 ], [ 90.903962511000088, 24.252713113000027 ], [ 90.905013604000089, 24.253436138000041 ], [ 90.90543540900012, 24.253535228000089 ], [ 90.90590787800005, 24.253920757000117 ], [ 90.906434117000117, 24.254161466000028 ], [ 90.907539519000125, 24.254552250000017 ], [ 90.907802759000049, 24.254602609000187 ], [ 90.908014230000049, 24.254558448000182 ], [ 90.908329298000183, 24.254798153000024 ], [ 90.909013515000197, 24.255089837000185 ], [ 90.909171748000063, 24.255091150000055 ], [ 90.909644792000108, 24.255381837000186 ], [ 90.909960202000093, 24.255668949000153 ], [ 90.91019036400013, 24.256005850000065 ], [ 90.910226874000159, 24.256059292000032 ], [ 90.910484046000136, 24.256435728000099 ], [ 90.911218798000164, 24.257250912000018 ], [ 90.911270369000079, 24.257489928000098 ], [ 90.911533122000037, 24.257729939000114 ], [ 90.913436723000075, 24.260200780000048 ], [ 90.913526047000175, 24.260316717000137 ], [ 90.916547030000118, 24.263647781000032 ], [ 90.916570637000063, 24.263673811000046 ], [ 90.917883846000052, 24.264778987 ], [ 90.919512345000101, 24.266315740999971 ], [ 90.919953487000157, 24.266613360000179 ], [ 90.920499491000044, 24.266982403999975 ], [ 90.922509447000095, 24.268340895000051 ], [ 90.92345446600018, 24.269348909000144 ], [ 90.924453947000188, 24.269882448000146 ], [ 90.925191503000121, 24.270126319000155 ], [ 90.925927171000069, 24.270704353000042 ], [ 90.92618916300006, 24.271086582000123 ], [ 90.926240570000175, 24.271467836000056 ], [ 90.926449613000102, 24.271850386999972 ], [ 90.926289073000191, 24.272467743999982 ], [ 90.926233074000038, 24.273321532000125 ], [ 90.926337632000184, 24.273560220000149 ], [ 90.926653343000112, 24.273707312000056 ], [ 90.926970125000196, 24.273662482000077 ], [ 90.927656493000143, 24.273382845000128 ], [ 90.928132195000103, 24.273007406000033 ], [ 90.928194846, 24.272926816000165 ], [ 90.92908628400005, 24.271780111000055 ], [ 90.929298423000091, 24.271401762000096 ], [ 90.92951263600014, 24.270547006000072 ], [ 90.929618732000051, 24.270404118000158 ], [ 90.929888168000161, 24.268423514000062 ], [ 90.929877030000114, 24.268387412000095 ], [ 90.929936984000108, 24.268306666000115 ], [ 90.9300431220002, 24.26752644000004 ], [ 90.929903196000168, 24.267425736000064 ], [ 90.929627175000121, 24.267104839000069 ], [ 90.92882327500007, 24.265879146000032 ], [ 90.927623927000127, 24.264034585000047 ], [ 90.92731752300017, 24.263116486000058 ], [ 90.92743373400009, 24.262586172000056 ], [ 90.926429696000184, 24.261997212000153 ], [ 90.925916622000159, 24.261551660000066 ], [ 90.925585052000088, 24.261263722000024 ], [ 90.925378887000193, 24.261084686000174 ], [ 90.925224833000016, 24.260802833000184 ], [ 90.924907811000082, 24.260222815000191 ], [ 90.924857980000127, 24.259462239000129 ], [ 90.925017784000033, 24.25908421600019 ], [ 90.925122989000158, 24.258988748000093 ], [ 90.92538679, 24.258944246000169 ], [ 90.92547390600015, 24.258981690000041 ], [ 90.92765028000008, 24.259917114000189 ], [ 90.928966631000037, 24.260261296000067 ], [ 90.929033372000106, 24.260270847000072 ], [ 90.930389093000144, 24.260464834 ], [ 90.931183191000116, 24.260429072000079 ], [ 90.932129657000075, 24.26038644200014 ], [ 90.933607324000036, 24.259970974 ], [ 90.93408276800011, 24.259737761000167 ], [ 90.93429379600019, 24.259549067000023 ], [ 90.93439306300013, 24.259568779000062 ], [ 90.93455767100005, 24.259599375999983 ], [ 90.93577207800007, 24.259135834 ], [ 90.936509909000108, 24.258946482000169 ], [ 90.937565843000073, 24.258675486000129 ], [ 90.93777704200005, 24.258678700000019 ], [ 90.939150100000177, 24.258024498000111 ], [ 90.940102185000171, 24.257223872999987 ], [ 90.940512941000065, 24.256950767000149 ], [ 90.940736291000064, 24.256802262 ], [ 90.941802989, 24.25682421900018 ], [ 90.943403714000056, 24.256857154000159 ], [ 90.944952958000158, 24.256889013000034 ], [ 90.946060772000124, 24.256755690000091 ], [ 90.946799437000095, 24.256572728000037 ], [ 90.948117825000111, 24.25644259500001 ], [ 90.949436016000163, 24.256452436000018 ], [ 90.950015231000066, 24.256602349000104 ], [ 90.950331697000138, 24.256604888000027 ], [ 90.95180630100009, 24.256950141000118 ], [ 90.952806826000199, 24.257291574000192 ], [ 90.954227300000127, 24.257971295000061 ], [ 90.95485825600008, 24.258452761000058 ], [ 90.955488004000188, 24.259266124000135 ], [ 90.955803187000015, 24.259507984000095 ], [ 90.956173031999981, 24.259320522000053 ], [ 90.956279092000045, 24.25917761300019 ], [ 90.956334625000125, 24.258371233000105 ], [ 90.956441370000164, 24.257991256000025 ], [ 90.956760244000066, 24.257327719000102 ], [ 90.957236581000132, 24.256809947000022 ], [ 90.957659528000079, 24.256479905000106 ], [ 90.957923571000151, 24.256387932000052 ], [ 90.958450595000045, 24.256391384000153 ], [ 90.958713596000052, 24.256489070000043 ], [ 90.959294623000062, 24.256304782000086 ], [ 90.959928139000112, 24.255977923000103 ], [ 90.960507865000125, 24.256030708000139 ], [ 90.960666355000058, 24.255984552000029 ], [ 90.961775241000169, 24.255424388000051 ], [ 90.961828604000061, 24.255234396000162 ], [ 90.961618709000163, 24.254994140000179 ], [ 90.96156678400007, 24.254802557000062 ], [ 90.961884184000041, 24.25452058400009 ], [ 90.962359553, 24.254287284000156 ], [ 90.962517167000101, 24.254288544000076 ], [ 90.962834302000147, 24.254053986000031 ], [ 90.962941125000157, 24.253768828000034 ], [ 90.962889216000065, 24.253579504000186 ], [ 90.962942319000092, 24.253436927000052 ], [ 90.962837194000031, 24.253293094000128 ], [ 90.963418858000182, 24.252869463000138 ], [ 90.963893702, 24.252730989000042 ], [ 90.964684343000158, 24.252834351000104 ], [ 90.965580152000143, 24.252842213 ], [ 90.965949310000099, 24.252894056000116 ], [ 90.966475291000052, 24.25308714200014 ], [ 90.967160292000131, 24.253141491000122 ], [ 90.967475428000114, 24.253620395000098 ], [ 90.967526434000035, 24.254096463000053 ], [ 90.967781730000013, 24.254283687999987 ], [ 90.968210413000065, 24.254340466000087 ], [ 90.968788799000151, 24.254867364000177 ], [ 90.969263542000078, 24.254634045000159 ], [ 90.969895965000092, 24.25473613000014 ], [ 90.9701658460001, 24.254738611000107 ], [ 90.970475945000089, 24.254741462000027 ], [ 90.970950530000039, 24.254650379000054 ], [ 90.9713208510002, 24.254368052000075 ], [ 90.971533855000075, 24.253799988000139 ], [ 90.971956500000147, 24.253517322 ], [ 90.972378242000048, 24.253521401000114 ], [ 90.973022477000143, 24.253410666000093 ], [ 90.973169533000032, 24.253385389000016 ], [ 90.973748635000163, 24.253438128000028 ], [ 90.974169469000174, 24.253726687000039 ], [ 90.974221410000098, 24.253918266000142 ], [ 90.974536468000053, 24.254302329000041 ], [ 90.975063082000133, 24.254495380000094 ], [ 90.975537789000043, 24.254501367000159 ], [ 90.975958521000052, 24.254695095000045 ], [ 90.977378286000032, 24.255753908000145 ], [ 90.977956750000089, 24.25604370200017 ], [ 90.979745467000043, 24.257201717000157 ], [ 90.981478617999983, 24.258976444000155 ], [ 90.982424893000029, 24.259697337000034 ], [ 90.983003766000081, 24.260036779000075 ], [ 90.983371446000092, 24.260373068999968 ], [ 90.983423637999977, 24.260514970000088 ], [ 90.983899179000161, 24.261570339000116 ], [ 90.984157608000146, 24.26180618300009 ], [ 90.984684403000131, 24.261856961000035 ], [ 90.985844671000052, 24.261820093000154 ], [ 90.988743848000183, 24.261893839000038 ], [ 90.989429644000097, 24.261805842000115 ], [ 90.9905367, 24.261814439000034 ], [ 90.992329180000183, 24.261687607000056 ], [ 90.993120495000198, 24.261551493000127 ], [ 90.993805548000125, 24.26160571700018 ], [ 90.994437283000082, 24.261849943000129 ], [ 90.995807867000167, 24.261861295000188 ], [ 90.996124837000082, 24.261768909000182 ], [ 90.996442174000151, 24.261486867000144 ], [ 90.996705932000111, 24.261439983000173 ], [ 90.996916269000053, 24.261490533000085 ], [ 90.997178942000176, 24.261777805000065 ], [ 90.997389653000141, 24.261875765000127 ], [ 90.998180108000042, 24.262024106000069 ], [ 91.002450229000146, 24.261919256000112 ], [ 91.002925263000179, 24.262591195000027 ], [ 91.003027589000112, 24.262685347000172 ], [ 91.00318439800003, 24.263210371000071 ], [ 91.004076789000067, 24.264263372000073 ], [ 91.004284510000105, 24.265311861000043 ], [ 91.004493529000115, 24.265741712000192 ], [ 91.005072471000062, 24.266078808000032 ], [ 91.006337817000087, 24.266090760000111 ], [ 91.006495332999975, 24.266234210999983 ], [ 91.00675673100011, 24.26690303800018 ], [ 91.006805510000163, 24.268092553000088 ], [ 91.006749958000171, 24.26909085300008 ], [ 91.006905822000135, 24.269805529000053 ], [ 91.007059066000181, 24.271281090000059 ], [ 91.00705644400017, 24.272041972000125 ], [ 91.006897841000068, 24.272230417000173 ], [ 91.006629732000192, 24.27229687900018 ], [ 91.006158566000124, 24.27241367400012 ], [ 91.005578887000183, 24.272455892000096 ], [ 91.004787874000044, 24.272402420000105 ], [ 91.004154756000048, 24.272539811000172 ], [ 91.004049340000051, 24.272680488 ], [ 91.003991353000117, 24.274155189000055 ], [ 91.003778706, 24.27467587600006 ], [ 91.003303586000129, 24.274861891000114 ], [ 91.00309299700001, 24.274861025000064 ], [ 91.002248398000063, 24.275042699000153 ], [ 91.002090272000089, 24.275136311999972 ], [ 91.001668460000189, 24.275132318000033 ], [ 91.001351464000095, 24.275224716000025 ], [ 91.001035813000158, 24.275174867000089 ], [ 91.000402550999979, 24.275217419000057 ], [ 90.999557845000083, 24.275543575000029 ], [ 90.998766432000082, 24.275677471000108 ], [ 90.99755176900004, 24.276333425000189 ], [ 90.997076023000091, 24.276756489000036 ], [ 90.99696975300003, 24.276946837000139 ], [ 90.996915329000103, 24.277468738000039 ], [ 90.997509846000185, 24.278282356000034 ], [ 90.998384838000106, 24.279479789000106 ], [ 90.999699509000095, 24.280584224000108 ], [ 91.000383101000182, 24.281067402000076 ], [ 91.000962346000051, 24.281357098000115 ], [ 91.001593590000027, 24.281838356000094 ], [ 91.002539172000127, 24.282748773000037 ], [ 91.004431048000185, 24.284811159000128 ], [ 91.005062789000135, 24.28496051000019 ], [ 91.005642883000178, 24.284963446000063 ], [ 91.00648621800002, 24.285161062000043 ], [ 91.006959830000142, 24.285404019000168 ], [ 91.007960713000102, 24.285745078000048 ], [ 91.009013131000131, 24.286372522000136 ], [ 91.009594807000099, 24.28632856400003 ], [ 91.009804444000167, 24.286141492000183 ], [ 91.010069556000076, 24.285715271000186 ], [ 91.010134384000082, 24.285414504000073 ], [ 91.010287427000037, 24.285440909000044 ], [ 91.010816490000195, 24.285064861000023 ], [ 91.011079934000179, 24.284972800000105 ], [ 91.011448941000026, 24.285069684000121 ], [ 91.012027767000177, 24.285456423000085 ], [ 91.012503614000195, 24.285125877999974 ], [ 91.012610228000142, 24.284748122000167 ], [ 91.013032636000105, 24.284512758000062 ], [ 91.013349988000073, 24.284230681999986 ], [ 91.013508253000111, 24.284231884000121 ], [ 91.013718533000088, 24.28442464900013 ], [ 91.013876080000045, 24.284568093000132 ], [ 91.014192374000118, 24.284617911000169 ], [ 91.014613176000125, 24.284956024000167 ], [ 91.014770489000057, 24.285146882000106 ], [ 91.014976463000039, 24.285663385000134 ], [ 91.014813631000095, 24.286184887000104 ], [ 91.014865888000088, 24.286329034000062 ], [ 91.015023077000194, 24.286461368000175 ], [ 91.015029401000163, 24.286576567000054 ], [ 91.014496746000077, 24.28828247000007 ], [ 91.01454350500012, 24.288415696000072 ], [ 91.014592866000044, 24.289322378000122 ], [ 91.015276199000198, 24.28999288000017 ], [ 91.015387538000084, 24.289956392000192 ], [ 91.015228390000061, 24.290381806000028 ], [ 91.015069398000037, 24.290522847000034 ], [ 91.014648970000053, 24.290234407000185 ], [ 91.014490697000042, 24.290233206000153 ], [ 91.014331944000105, 24.290326834000098 ], [ 91.014225673000112, 24.290514938 ], [ 91.014275971000188, 24.291419959000052 ], [ 91.014959315000056, 24.292090461999976 ], [ 91.01538128500016, 24.291952178000088 ], [ 91.015802099000155, 24.292288027000097 ], [ 91.016012973000045, 24.292243720000045 ], [ 91.016171961000055, 24.292102675000024 ], [ 91.01633023800008, 24.292103875000123 ], [ 91.016733289000115, 24.292608338000036 ], [ 91.016537360000143, 24.292782506000037 ], [ 91.016467645000148, 24.292843933000086 ], [ 91.016361631999985, 24.292986882000093 ], [ 91.016361114000119, 24.293153958000062 ], [ 91.016342311000074, 24.293190208000055 ], [ 91.016257882000104, 24.293414289 ], [ 91.016192287000138, 24.293491966000147 ], [ 91.016156084000045, 24.293511617999968 ], [ 91.015856550000137, 24.293558776000168 ], [ 91.015644241000075, 24.293655021000063 ], [ 91.015563028000031, 24.293664595000109 ], [ 91.01521852400009, 24.293709794000051 ], [ 91.015024065000091, 24.293912800000157 ], [ 91.014936063999983, 24.293924345000107 ], [ 91.014788513000155, 24.294078379000098 ], [ 91.014477725000177, 24.294179839000094 ], [ 91.014322625000148, 24.294352810000134 ], [ 91.014265910000177, 24.294416059000127 ], [ 91.014265093000176, 24.294700541000054 ], [ 91.0144487620002, 24.294952183000078 ], [ 91.015135814000189, 24.295234329000152 ], [ 91.015169753000066, 24.295243132000053 ], [ 91.015414002000114, 24.295367934000126 ], [ 91.015632979000031, 24.295567409000171 ], [ 91.015598564000129, 24.296427842000071 ], [ 91.015555515000187, 24.297518620000062 ], [ 91.015650644000175, 24.298328517000186 ], [ 91.015883655000152, 24.298665622000101 ], [ 91.016413572000033, 24.29885624100018 ], [ 91.016534538000087, 24.29896606200009 ], [ 91.016729346000034, 24.299145377000116 ], [ 91.016763338000032, 24.299237719000075 ], [ 91.016775138000128, 24.299404713000058 ], [ 91.016761124000197, 24.299655417 ], [ 91.016751387, 24.299824812999987 ], [ 91.016753317000166, 24.300298928000075 ], [ 91.016722142000162, 24.300714560000188 ], [ 91.016595217000088, 24.301248236999982 ], [ 91.016628000000196, 24.301575392000188 ], [ 91.016471593000119, 24.302969468000072 ], [ 91.016536766000115, 24.303264796000121 ], [ 91.016476004000083, 24.304450521000092 ], [ 91.016380673000072, 24.304776273000073 ], [ 91.016221822000148, 24.305400473000191 ], [ 91.015951618000031, 24.305566773000123 ], [ 91.015643263000186, 24.305756552000105 ], [ 91.015161136000131, 24.305847827999969 ], [ 91.01419605600006, 24.305849759000068 ], [ 91.013777158000039, 24.305759990000183 ], [ 91.013004525000156, 24.305643224000107 ], [ 91.012586362000093, 24.305646015999969 ], [ 91.011717589000057, 24.305676640000058 ], [ 91.011235210000052, 24.305736297000067 ], [ 91.010720436999975, 24.305827773000033 ], [ 91.010142164, 24.306066427000076 ], [ 91.009851996000179, 24.305978047 ], [ 91.008983936000106, 24.306098963000068 ], [ 91.00850116700002, 24.306187963000184 ], [ 91.007826989000023, 24.306605607000051 ], [ 91.007726562000187, 24.306707354000082 ], [ 91.007544488, 24.306820145000074 ], [ 91.007223714000133, 24.307145132000016 ], [ 91.006935306000059, 24.30759182100013 ], [ 91.006807772000172, 24.307976484999983 ], [ 91.006680566000114, 24.308480805000158 ], [ 91.006649029000073, 24.308776779000141 ], [ 91.006748678000065, 24.309697280000023 ], [ 91.006749629000069, 24.31005174 ], [ 91.006733197000131, 24.310079665000103 ], [ 91.006557579000173, 24.310378128000025 ], [ 91.006848162000153, 24.310674224000024 ], [ 91.007139233000146, 24.311266083000021 ], [ 91.007172692000154, 24.311681285000134 ], [ 91.007237867000129, 24.311978876000126 ], [ 91.00736841100013, 24.312598891 ], [ 91.007498586000111, 24.313015710000116 ], [ 91.007660999000166, 24.313459408000085 ], [ 91.008048543000086, 24.314021275000073 ], [ 91.008468506000099, 24.314553569999987 ], [ 91.008662407000088, 24.314850305000107 ], [ 91.009662214000116, 24.31564741699998 ], [ 91.010113951000108, 24.315913084000044 ], [ 91.01050078500009, 24.316149830000086 ], [ 91.011241799000118, 24.316621282000028 ], [ 91.012079687000039, 24.317035637000117 ], [ 91.012595153, 24.31718121200015 ], [ 91.012949886000172, 24.317330114000072 ], [ 91.013594267000087, 24.317653187000019 ], [ 91.014109753000128, 24.317801011000029 ], [ 91.015109063000182, 24.31845133700017 ], [ 91.015431948000185, 24.318776550000166 ], [ 91.015755020000086, 24.319280125000034 ], [ 91.015821811000194, 24.319932163000146 ], [ 91.015856513000074, 24.32073117200008 ], [ 91.015825245000144, 24.321058753999978 ], [ 91.015698048000161, 24.321560822000151 ], [ 91.015506679000055, 24.322126538000077 ], [ 91.015410867000128, 24.322393594000118 ], [ 91.015122207000047, 24.322808690000045 ], [ 91.014962337000156, 24.323076171000025 ], [ 91.014802085000042, 24.323373007999976 ], [ 91.014545979000161, 24.323699835000127 ], [ 91.013776505000067, 24.324768371000062 ], [ 91.013167660000079, 24.325510717000043 ], [ 91.011819235000132, 24.32666890400003 ], [ 91.010374228000046, 24.327769019000186 ], [ 91.009186686000191, 24.328869667000106 ], [ 91.008673707000128, 24.329432998000129 ], [ 91.008353309000086, 24.329967954000153 ], [ 91.008002216000079, 24.330828228000087 ], [ 91.007843227000137, 24.331599174000132 ], [ 91.007588220000116, 24.332458808000183 ], [ 91.007492618000185, 24.332755209000084 ], [ 91.007333360000132, 24.33325974100012 ], [ 91.007335210000122, 24.333882866000067 ], [ 91.006854333000035, 24.334536286000116 ], [ 91.00666368200018, 24.335278090000031 ], [ 91.006376301000103, 24.336018277999983 ], [ 91.006055797000045, 24.336465179000129 ], [ 91.005759527000066, 24.336845088000189 ], [ 91.005414206000182, 24.337207713999987 ], [ 91.005157895000195, 24.337593226000081 ], [ 91.004965649999974, 24.3379783150001 ], [ 91.004356556000062, 24.3387815910001 ], [ 91.004216968000037, 24.338910247000115 ], [ 91.004093502000103, 24.338981577000141 ], [ 91.003224135000039, 24.339043772000025 ], [ 91.002773964000198, 24.338985791000141 ], [ 91.00251543000013, 24.338777528000037 ], [ 91.002320659000077, 24.338216637000073 ], [ 91.002094780000107, 24.33800815800015 ], [ 91.001772898000127, 24.337890623000078 ], [ 91.000935703000039, 24.337891633000027 ], [ 91.000163670000063, 24.337953168000013 ], [ 90.999713513000188, 24.338132240000107 ], [ 90.999038756000061, 24.338579203000052 ], [ 90.998395999000081, 24.338786628999969 ], [ 90.997237559000155, 24.338909393 ], [ 90.996528334000175, 24.338496371000133 ], [ 90.995981141000129, 24.338556408000045 ], [ 90.995563398000115, 24.338705904000165 ], [ 90.995049470000197, 24.339002782000023 ], [ 90.994966097000145, 24.339102217000175 ], [ 90.994766876000085, 24.339217298 ], [ 90.994542262000152, 24.339485184000125 ], [ 90.994543730000089, 24.339988651000169 ], [ 90.994463415000098, 24.340174342000125 ], [ 90.9940233210001, 24.340368671000135 ], [ 90.992833039000061, 24.3405187030001 ], [ 90.992382337000038, 24.340551001000108 ], [ 90.991545513000119, 24.34052261 ], [ 90.99067672100017, 24.340582469000083 ], [ 90.990129447000186, 24.340554433000079 ], [ 90.98983943900015, 24.340495366000084 ], [ 90.989291867000134, 24.340349926000101 ], [ 90.988293872999975, 24.340351916000088 ], [ 90.988191375000042, 24.34056606200005 ], [ 90.988165959000071, 24.340619163999975 ], [ 90.988199122000083, 24.341002764000109 ], [ 90.988653359000068, 24.342218988000013 ], [ 90.988718263000123, 24.34248498 ], [ 90.98891549200016, 24.342905924000036 ], [ 90.989367167000182, 24.344174060000171 ], [ 90.989952837000146, 24.346364767000125 ], [ 90.990244689000122, 24.347135009999988 ], [ 90.991021397000054, 24.348615533000043 ], [ 90.991636940000092, 24.350126457000158 ], [ 90.992057573000181, 24.350895853000054 ], [ 90.994157120000068, 24.353322726000044 ], [ 90.995126285000083, 24.354506199000184 ], [ 90.995577893000132, 24.354977360000134 ], [ 90.996127505000118, 24.355689455000174 ], [ 90.996515596000165, 24.356310041000029 ], [ 90.997355811000148, 24.357464994000111 ], [ 90.997744006000062, 24.358175885000037 ], [ 90.998164842000051, 24.358884303000025 ], [ 90.998681831999988, 24.35959660300017 ], [ 90.998940701000038, 24.360157074000085 ], [ 90.998638989000085, 24.360330289000103 ], [ 90.998658069000101, 24.360371598000086 ], [ 90.999077772000078, 24.360698463 ], [ 90.999336170000163, 24.360963173000073 ], [ 90.999497626000164, 24.361201428000186 ], [ 91.00108031000002, 24.362974598000164 ], [ 91.001952247000133, 24.363921603000108 ], [ 91.002261597000143, 24.363755965000053 ], [ 91.002562757000021, 24.363594711000019 ], [ 91.003013555000052, 24.363564636000149 ], [ 91.004332575000092, 24.363384317000055 ], [ 91.004912375000117, 24.363382731000058 ], [ 91.00600625300001, 24.363172279000082 ], [ 91.007356658000106, 24.362754664000079 ], [ 91.007710387000145, 24.362605561000066 ], [ 91.00825734600005, 24.362425820000055 ], [ 91.008643576, 24.362335200000189 ], [ 91.009190167000042, 24.362187069000072 ], [ 91.009897616000046, 24.361888853000096 ], [ 91.010507611000151, 24.36150097400008 ], [ 91.010630373000197, 24.36138807400016 ], [ 91.010796938, 24.361234890999981 ], [ 91.011052791000111, 24.360788410999987 ], [ 91.011116283000035, 24.360404173 ], [ 91.011083258000099, 24.360047670000085 ], [ 91.010855556000081, 24.359306396000022 ], [ 91.010627458000044, 24.358359670000027 ], [ 91.010561781000035, 24.358003385000131 ], [ 91.010366923000049, 24.357440250000025 ], [ 91.010301266000056, 24.357086223000124 ], [ 91.010492537000118, 24.356344414000091 ], [ 91.010765149000122, 24.35616861800014 ], [ 91.010909986000115, 24.356075218000058 ], [ 91.011778447000154, 24.355807528000071 ], [ 91.011818291000054, 24.355667806999975 ], [ 91.011905524999975, 24.355361908000191 ], [ 91.012066287000152, 24.355123773000116 ], [ 91.012683126000127, 24.354647164000028 ], [ 91.013383576000138, 24.354351862000101 ], [ 91.014155277000157, 24.354082549000111 ], [ 91.014444751000099, 24.353992560000052 ], [ 91.015151675000197, 24.353635624000162 ], [ 91.01553716799998, 24.353456941000047 ], [ 91.016083991000016, 24.35318912300005 ], [ 91.016655286000173, 24.353100855000037 ], [ 91.017016816000023, 24.35303837500004 ], [ 91.017918177000126, 24.353036842000165 ], [ 91.019044788000144, 24.353004441000053 ], [ 91.02020309500017, 24.352852159000065 ], [ 91.020975025000098, 24.352614417000154 ], [ 91.021231731000171, 24.352434329000175 ], [ 91.021520960000032, 24.352314979000028 ], [ 91.021577952000143, 24.352193500000055 ], [ 91.02180353500006, 24.35210041400012 ], [ 91.02212336600013, 24.35141868200003 ], [ 91.022187147000182, 24.351151841000103 ], [ 91.022322572000121, 24.350950432000047 ], [ 91.022347270000182, 24.350913700000035 ], [ 91.022603986000092, 24.350735866000036 ], [ 91.023376573000178, 24.350735170000178 ], [ 91.023634672000128, 24.350882438999975 ], [ 91.023989460000166, 24.351178063000134 ], [ 91.024804099000164, 24.351286767000033 ], [ 91.024856227000043, 24.351353263000078 ], [ 91.024897938000038, 24.351330404 ], [ 91.024942262000138, 24.351247897000064 ], [ 91.025121923000199, 24.350913468000158 ], [ 91.025356459000022, 24.350788303 ], [ 91.025957461000189, 24.35046756100013 ], [ 91.02634370300018, 24.350613958000054 ], [ 91.026794921000032, 24.35064251200015 ], [ 91.027213928000151, 24.350878993000094 ], [ 91.027761013000031, 24.350877544000014 ], [ 91.028436528000043, 24.350757821000172 ], [ 91.028758370000048, 24.350787246000039 ], [ 91.029016474000116, 24.350934506000158 ], [ 91.02921060500006, 24.351170250000109 ], [ 91.02940494700016, 24.351584353000192 ], [ 91.02950256600019, 24.351999111 ], [ 91.02960091500006, 24.352504173000057 ], [ 91.029828122000083, 24.353096412000127 ], [ 91.030182956000147, 24.353243013999986 ], [ 91.030858576000071, 24.353211329000146 ], [ 91.031278331000124, 24.353538103000176 ], [ 91.0312791180001, 24.353863210000156 ], [ 91.030830095000113, 24.354487136999978 ], [ 91.030831850000197, 24.354931898000132 ], [ 91.030897534000133, 24.355434921999972 ], [ 91.031449532000124, 24.356797092000079 ], [ 91.031418734000056, 24.357330124000157 ], [ 91.031323663000137, 24.357687491000149 ], [ 91.031035431000078, 24.358310324000058 ], [ 91.030843137000147, 24.358607394000103 ], [ 91.030620755000029, 24.359525541000153 ], [ 91.030655349000085, 24.36029744700005 ], [ 91.03072246000005, 24.361127833000012 ], [ 91.030821590000073, 24.361955743000124 ], [ 91.030919839000092, 24.362370496000096 ], [ 91.031081928000106, 24.362755463000042 ], [ 91.031055892000097, 24.363158243000157 ], [ 91.031051266000077, 24.363229795000052 ], [ 91.031406484000115, 24.363496046000137 ], [ 91.031794196000078, 24.36396978900018 ], [ 91.032568682000033, 24.364648604000081 ], [ 91.0332140860001, 24.365061885000102 ], [ 91.033632815000033, 24.365180948000102 ], [ 91.034051667000085, 24.365239049000024 ], [ 91.034405587000037, 24.365268243000116 ], [ 91.034952855000199, 24.36520580500013 ], [ 91.036175582, 24.3650845680001 ], [ 91.036528801000031, 24.364876702000174 ], [ 91.037813753000137, 24.363924184000041 ], [ 91.038264539000124, 24.363894005000134 ], [ 91.038682531000063, 24.363922750000086 ], [ 91.039423979000105, 24.364098285000125 ], [ 91.039810297000088, 24.364246902000104 ], [ 91.040068440000084, 24.364394142000037 ], [ 91.040294412000094, 24.3646003 ], [ 91.04034867900009, 24.364681206000114 ], [ 91.040553263000106, 24.364984595000124 ], [ 91.040522533000058, 24.36537087500011 ], [ 91.040426613000136, 24.365696644000138 ], [ 91.040345838000121, 24.365905451000117 ], [ 91.040139384000099, 24.366439147 ], [ 91.040108532000033, 24.366735119000168 ], [ 91.040336419000141, 24.367476344000124 ], [ 91.040594296000052, 24.367740985000069 ], [ 91.041143144000159, 24.368096193000156 ], [ 91.041755466000041, 24.368301952000024 ], [ 91.042173714000171, 24.368360037000173 ], [ 91.04429875600016, 24.368413141000076 ], [ 91.044749787000057, 24.368561300000181 ], [ 91.045040836000055, 24.368886663000012 ], [ 91.045171892999974, 24.369538238000189 ], [ 91.04514887400012, 24.371780407000188 ], [ 91.045147253000096, 24.371938355999987 ], [ 91.045247965000101, 24.373095868000064 ], [ 91.045201777000159, 24.373202745000071 ], [ 91.044919730000174, 24.373237676000031 ], [ 91.043760786000064, 24.373180188000106 ], [ 91.043630812000117, 24.372885321000126 ], [ 91.043626843000084, 24.371609023000019 ], [ 91.043396256000051, 24.371597584000085 ], [ 91.04326628400014, 24.371302716000173 ], [ 91.043265639000197, 24.371095276000062 ], [ 91.043261403000031, 24.369731382 ], [ 91.043003138000074, 24.369496100000106 ], [ 91.042262847000188, 24.369616334999989 ], [ 91.041781433000153, 24.369971849000081 ], [ 91.041524815000059, 24.370389032000048 ], [ 91.04113965300013, 24.370685182000045 ], [ 91.040818589000025, 24.370983145000139 ], [ 91.040272470000048, 24.371339099000068 ], [ 91.039245639000114, 24.372289869000042 ], [ 91.038669703000039, 24.373447509000073 ], [ 91.038606549000178, 24.37386335900004 ], [ 91.038607954000042, 24.374337472000093 ], [ 91.038383753, 24.374576068000124 ], [ 91.037868846000151, 24.374606687999972 ], [ 91.03735300000011, 24.374370899000098 ], [ 91.036901936000106, 24.374371730000064 ], [ 91.036257412000055, 24.374224873000117 ], [ 91.035968745000048, 24.374493255000118 ], [ 91.035872945000108, 24.374760321000167 ], [ 91.035874121000063, 24.375056074000042 ], [ 91.035553732000096, 24.375591085000167 ], [ 91.035460639000121, 24.376569312000186 ], [ 91.035979978000171, 24.377070515000185 ], [ 91.035918179000134, 24.377173710000136 ], [ 91.035825088000138, 24.37815193800003 ], [ 91.036405836000085, 24.37871239500015 ], [ 91.03672802400007, 24.378624397000124 ], [ 91.036888151000085, 24.378386241000157 ], [ 91.037047799000163, 24.378089389000138 ], [ 91.03743453300018, 24.37805739300012 ], [ 91.038047260000155, 24.378382821000059 ], [ 91.038241434000042, 24.378767560000028 ], [ 91.038628995000067, 24.379062923 ], [ 91.039175960000136, 24.379032081000105 ], [ 91.039649987000189, 24.379072779000126 ], [ 91.040174351000019, 24.379117797000106 ], [ 91.040497111000093, 24.379325548000168 ], [ 91.040530704000105, 24.379740736000031 ], [ 91.040178626000113, 24.380393375000153 ], [ 91.03960195500008, 24.381313964000185 ], [ 91.039377607000176, 24.381611263000025 ], [ 91.038417028000197, 24.383214050000049 ], [ 91.03809602900003, 24.383600065000053 ], [ 91.037871312000163, 24.383777702000145 ], [ 91.037388772000043, 24.38392776000012 ], [ 91.036970097000108, 24.383899017000147 ], [ 91.036518678000164, 24.383633438000061 ], [ 91.036260635000019, 24.383427495000035 ], [ 91.036034036000046, 24.383072326000047 ], [ 91.035581049000143, 24.382538087000114 ], [ 91.035226144000148, 24.382242494000081 ], [ 91.03448463400008, 24.381920190000073 ], [ 91.033744639000076, 24.382011033000026 ], [ 91.033327242000098, 24.382366082000033 ], [ 91.032846087000166, 24.382990235000079 ], [ 91.032524975000058, 24.383288184000094 ], [ 91.03213917700009, 24.383437565000122 ], [ 91.031720741000129, 24.383438158000104 ], [ 91.031334015000084, 24.383321132 ], [ 91.029429519000075, 24.381843991000096 ], [ 91.028753044000155, 24.381636360000073 ], [ 91.027303454000105, 24.381463319000034 ], [ 91.026943587000062, 24.381463956000175 ], [ 91.02685298200015, 24.381464115000085 ], [ 91.026144884000189, 24.381613405 ], [ 91.02550159700013, 24.381852562000176 ], [ 91.025019759000088, 24.382090626000149 ], [ 91.024569727000141, 24.382299123000109 ], [ 91.023926967000079, 24.382834033000108 ], [ 91.023477608000121, 24.383279581000011 ], [ 91.023359836000111, 24.383438844000125 ], [ 91.023990313000184, 24.384156427000107 ], [ 91.024992071000099, 24.385190463000015 ], [ 91.025153842000066, 24.38545803500017 ], [ 91.025638351000111, 24.385931135000021 ], [ 91.026053128000058, 24.386500439000088 ], [ 91.026414210000098, 24.38699603800012 ], [ 91.027061857000092, 24.388208560000066 ], [ 91.027159547, 24.388476565000133 ], [ 91.028033322000113, 24.389985565000131 ], [ 91.028842338000061, 24.39125793900007 ], [ 91.029522572000019, 24.392531183000074 ], [ 91.029879252000057, 24.39327154700004 ], [ 91.03026890700005, 24.394278095 ], [ 91.030559604000075, 24.394632835000039 ], [ 91.030982724000069, 24.395964262000177 ], [ 91.031340921000151, 24.39726904000014 ], [ 91.031448626000042, 24.397916406000036 ], [ 91.031537901000092, 24.39845299600006 ], [ 91.031766041000139, 24.399223581000115 ], [ 91.031798896999987, 24.399550724000107 ], [ 91.031856494000067, 24.399759869999968 ], [ 91.031902375000016, 24.40003562600009 ], [ 91.032015863000197, 24.400418943999966 ], [ 91.032130521000113, 24.400806210000042 ], [ 91.032163379000167, 24.401133353000034 ], [ 91.032326598000054, 24.401726018000147 ], [ 91.03252276000012, 24.402731620000054 ], [ 91.032524646000127, 24.403266684000073 ], [ 91.03239746100013, 24.403771020000079 ], [ 91.032076518000167, 24.404096060000143 ], [ 91.031786705000059, 24.404156736000175 ], [ 91.031528131000186, 24.403889830000139 ], [ 91.031430459000092, 24.403475076000063 ], [ 91.031107075000136, 24.403120561000151 ], [ 91.030656050000061, 24.403062674000068 ], [ 91.030141478000075, 24.403300978000061 ], [ 91.029949019000071, 24.403509995000036 ], [ 91.029821613000195, 24.403835973000184 ], [ 91.029760372000169, 24.404872680000096 ], [ 91.029279121000059, 24.405496822000032 ], [ 91.02863655200008, 24.405914350000103 ], [ 91.028186327000071, 24.406032550000134 ], [ 91.027348709000194, 24.406035977000158 ], [ 91.026252996000039, 24.405831184000135 ], [ 91.025931727000057, 24.405889804000026 ], [ 91.025610635000135, 24.406275791000098 ], [ 91.025806817000159, 24.407136906 ], [ 91.025872282000194, 24.407610582000132 ], [ 91.025422257000173, 24.407907133000037 ], [ 91.02493827800015, 24.407434032000083 ], [ 91.024421494000023, 24.407019854000112 ], [ 91.024002999000118, 24.407022683999969 ], [ 91.02365032199998, 24.407467583000084 ], [ 91.023650599000121, 24.407564500000035 ], [ 91.02365235700006, 24.408178749000172 ], [ 91.023879742000133, 24.408859040000038 ], [ 91.024074160000055, 24.409273143000121 ], [ 91.024687927000173, 24.40986502700008 ], [ 91.025300193000191, 24.410041497000066 ], [ 91.025976971000034, 24.410039171000051 ], [ 91.026269067000044, 24.410010234000083 ], [ 91.026588555000046, 24.409978582000122 ], [ 91.026943071000062, 24.410066485000016 ], [ 91.027234624000073, 24.410599584000181 ], [ 91.026805570000136, 24.411129564000134 ], [ 91.026753103000146, 24.411194371000079 ], [ 91.026530421000189, 24.411936410000123 ], [ 91.026789193000127, 24.412379425999973 ], [ 91.02716319600006, 24.412706234000041 ], [ 91.02710688000019, 24.412751848000084 ], [ 91.026303281000025, 24.413080151000145 ], [ 91.025981725000065, 24.413258432000077 ], [ 91.02543526300019, 24.413675297 ], [ 91.024599459000115, 24.414062511000054 ], [ 91.024277075999976, 24.414062432000151 ], [ 91.023632409000015, 24.413768775000108 ], [ 91.023310026000104, 24.41376869700008 ], [ 91.023021042000153, 24.413858702000027 ], [ 91.022771104000071, 24.413859296000055 ], [ 91.023538696000173, 24.413040368000168 ], [ 91.023763277, 24.412684389999981 ], [ 91.02382611600018, 24.41229789800019 ], [ 91.023792797000169, 24.411912054000027 ], [ 91.02363101200018, 24.411646738000115 ], [ 91.023372551000193, 24.411470128000076 ], [ 91.02318189500005, 24.411445649000086 ], [ 91.022921497000198, 24.411412217000191 ], [ 91.022536169000091, 24.411708321000162 ], [ 91.022375976000092, 24.411946464000039 ], [ 91.021928097000057, 24.412895469000148 ], [ 91.021671223000112, 24.413222314000109 ], [ 91.02138220300003, 24.413461323999968 ], [ 91.020706823000069, 24.413639722000028 ], [ 91.020256436000011, 24.413818860999982 ], [ 91.018903929000146, 24.413882155000067 ], [ 91.017424059000064, 24.414359458000035 ], [ 91.017069770000148, 24.414300879999985 ], [ 91.0169400260001, 24.41403308200006 ], [ 91.017357464000156, 24.413587765000045 ], [ 91.01790383000008, 24.413231890000191 ], [ 91.017966595000189, 24.412757347000081 ], [ 91.017643621000104, 24.412588466000045 ], [ 91.017059716000063, 24.412776791000113 ], [ 91.017031933000112, 24.412772197999971 ], [ 91.016705431000105, 24.412718212000129 ], [ 91.016575690000138, 24.412450414000034 ], [ 91.01699312400001, 24.412005099 ], [ 91.017539485000043, 24.411649225000076 ], [ 91.017602250000152, 24.411174682000137 ], [ 91.017150389000165, 24.410938402000113 ], [ 91.016829207000058, 24.411087311000131 ], [ 91.016122085000177, 24.411534572000107 ], [ 91.015703173000134, 24.411564476000081 ], [ 91.015426618999982, 24.411338403000116 ], [ 91.01541791000011, 24.411311466000086 ], [ 91.015405200000089, 24.411288245000037 ], [ 91.015314469000145, 24.410824293000189 ], [ 91.015216035000151, 24.410231176000082 ], [ 91.015053602000137, 24.40972879300017 ], [ 91.01485906500011, 24.409373380000147 ], [ 91.014568847000078, 24.409077305999972 ], [ 91.014213997000013, 24.408869713000115 ], [ 91.013762724000117, 24.408782428999984 ], [ 91.01305437100018, 24.408843614000034 ], [ 91.012282104000178, 24.409083581000061 ], [ 91.011542758000076, 24.409587478999981 ], [ 91.011319013000161, 24.409975044000191 ], [ 91.01128770300005, 24.410300364000079 ], [ 91.011708668000153, 24.411069689999977 ], [ 91.011991689000183, 24.411112458000161 ], [ 91.01209499700002, 24.411128069000085 ], [ 91.012417373000062, 24.411128168 ], [ 91.012706597000033, 24.411067534000154 ], [ 91.013093542000149, 24.411125902000038 ], [ 91.013512731000105, 24.411362415000156 ], [ 91.013868375000015, 24.411746103999974 ], [ 91.014063255000167, 24.412221175000127 ], [ 91.014160877000108, 24.41263594100019 ], [ 91.014177183000186, 24.413268913000138 ], [ 91.014232675000187, 24.413328780000029 ], [ 91.014427559000126, 24.413803850000079 ], [ 91.014525184000092, 24.414218616000142 ], [ 91.014561825000044, 24.41564073100011 ], [ 91.014821803000075, 24.416469827000128 ], [ 91.014822935000154, 24.416765579000071 ], [ 91.014695114000119, 24.417123155000183 ], [ 91.014180541000087, 24.417449456000099 ], [ 91.013664557000027, 24.417213594000145 ], [ 91.013245027000153, 24.416859685000077 ], [ 91.01243828500003, 24.416415797000127 ], [ 91.011729145000118, 24.416151872 ], [ 91.011181203000092, 24.416004268000052 ], [ 91.01076219000015, 24.415946106000035 ], [ 91.009216855000091, 24.415949643999966 ], [ 91.008185752000145, 24.415893303000018 ], [ 91.00692998400018, 24.415955844000166 ], [ 91.006061157000147, 24.416074509000111 ], [ 91.005449628000065, 24.416225323000162 ], [ 91.004742103000069, 24.416552877000072 ], [ 91.003456512000184, 24.417444174000025 ], [ 91.002523684000096, 24.417890608 ], [ 91.001879859000042, 24.418012274000148 ], [ 91.000559960000146, 24.418075190000025 ], [ 90.999948166000138, 24.418194377000191 ], [ 90.999658307000061, 24.418254993000062 ], [ 90.999143843000127, 24.418522544000041 ], [ 90.998790488000111, 24.418818378000026 ], [ 90.99859841600005, 24.41908605600014 ], [ 90.998572478000199, 24.419158273000164 ], [ 90.998406593000084, 24.419620146000113 ], [ 90.998343290000037, 24.420035984000037 ], [ 90.998473539000088, 24.420450544000062 ], [ 90.999086227000134, 24.420834828000068 ], [ 91.000281586000199, 24.422016751000058 ], [ 91.00076688200005, 24.422817291000058 ], [ 91.00102628500008, 24.42334839800003 ], [ 91.001448607000043, 24.424682170000096 ], [ 91.001740783000059, 24.425303365000048 ], [ 91.00264220300005, 24.426523678000024 ], [ 91.002512653000167, 24.426831045000142 ], [ 91.001518993, 24.428404479000108 ], [ 91.00091072400005, 24.429679600000043 ], [ 91.000911690000123, 24.43003631300013 ], [ 91.001009710000062, 24.430220871000131 ], [ 91.001280909, 24.43073150400005 ], [ 91.001411235000148, 24.430976561000136 ], [ 91.001430469000127, 24.431012729000088 ], [ 91.001347764000116, 24.431109615000139 ], [ 91.00046716200012, 24.43214118700007 ], [ 91.000242866, 24.432467779999968 ], [ 90.999954477000074, 24.433031858000106 ], [ 90.999826811000162, 24.433416515000033 ], [ 90.999700356000062, 24.434189490000165 ], [ 90.999733743000093, 24.43451437900012 ], [ 90.999670977000051, 24.435076964000018 ], [ 90.999837046000039, 24.436825596000119 ], [ 91.000136526000119, 24.437726764000104 ], [ 91.000201257000072, 24.438408303000074 ], [ 91.000614504000055, 24.439651773000094 ], [ 91.000522512000089, 24.439936709000051 ], [ 91.000297508000131, 24.440175257000078 ], [ 90.999364970000045, 24.440680378000025 ], [ 90.998979361000181, 24.441037386000062 ], [ 90.998755354000025, 24.441481378000049 ], [ 90.998692506000168, 24.441955913000129 ], [ 90.998564692000059, 24.442401525999969 ], [ 90.999049485000114, 24.442816001999972 ], [ 90.999163236000072, 24.442977532000043 ], [ 90.999340674000166, 24.443229497000175 ], [ 90.999373774000048, 24.443674047 ], [ 90.999346970000147, 24.443782470000031 ], [ 90.998994652000135, 24.443755016000068 ], [ 90.998469008000143, 24.443714054000054 ], [ 90.997824799000057, 24.443804099000147 ] ] ] } },
{ "type": "Feature", "properties": { "adm3_name": "Pakundia", "adm3_name1": null, "adm3_name2": null, "adm3_name3": null, "adm3_pcode": "BD30480079", "adm2_name": "Kishoreganj", "adm2_name1": null, "adm2_name2": null, "adm2_name3": null, "adm2_pcode": "BD3048", "adm1_name": "Dhaka", "adm1_name1": null, "adm1_name2": null, "adm1_name3": null, "adm1_pcode": "BD30", "adm0_name": "Bangladesh", "adm0_name1": null, "adm0_name2": null, "adm0_name3": null, "adm0_pcode": "BD", "valid_on": "2023-05-21T00:00:00", "valid_to": null, "area_sqkm": 176.05216809000001, "version": "v03", "lang": "en", "lang1": null, "lang2": null, "lang3": null, "adm3_ref_name": null, "center_lat": 24.32148898, "center_lon": 90.69366131, "female_pop": 134224.0, "male_pop": 117296.0, "total_pop": 251520.0, "nearest_facility_min": 4.9252077749847958 }, "geometry": { "type": "Polygon", "coordinates": [ [ [ 90.646421417000056, 24.392429064000055 ], [ 90.644342191000135, 24.393584918000158 ], [ 90.642429785000161, 24.394706164000183 ], [ 90.642405004000182, 24.394681434000063 ], [ 90.642094577000137, 24.394119368000133 ], [ 90.641960864, 24.393877261000057 ], [ 90.641808172000196, 24.393543744000112 ], [ 90.64114510100012, 24.392101520000153 ], [ 90.640775436000183, 24.391396372000088 ], [ 90.640722158000187, 24.390930926000124 ], [ 90.640698714000052, 24.390726114000017 ], [ 90.640763774000106, 24.390308135000168 ], [ 90.641089063000095, 24.388204690000123 ], [ 90.641450683000187, 24.387196151000069 ], [ 90.641887509000071, 24.386557583000183 ], [ 90.64247167200017, 24.386049348000142 ], [ 90.642772155000102, 24.385795341000176 ], [ 90.64290923600015, 24.385679461000166 ], [ 90.642870828000184, 24.385275464000074 ], [ 90.642759437000109, 24.384941773000094 ], [ 90.642464552000149, 24.384640469000033 ], [ 90.641730975000087, 24.383722782 ], [ 90.6416892740001, 24.383670615000028 ], [ 90.641171998000118, 24.38289835900008 ], [ 90.640876053000056, 24.382262892000028 ], [ 90.640388735000045, 24.380217068000036 ], [ 90.63975565700008, 24.377649357000109 ], [ 90.639602961000037, 24.37703002000012 ], [ 90.639229023000041, 24.375586565000162 ], [ 90.639116556000033, 24.375401893000173 ], [ 90.639007175000131, 24.375219466999965 ], [ 90.638823639000066, 24.375118637000185 ], [ 90.638529794000192, 24.375018271000044 ], [ 90.638162971000099, 24.374988207 ], [ 90.637759488000199, 24.375021516 ], [ 90.637247280000111, 24.375125272000105 ], [ 90.636764897000091, 24.375123593000012 ], [ 90.636668276000137, 24.375057717000118 ], [ 90.636328800000115, 24.374826575000156 ], [ 90.636071099000048, 24.374558970000123 ], [ 90.635738273000015, 24.374056862000145 ], [ 90.635699737000039, 24.37362125400017 ], [ 90.635697051000193, 24.373083893 ], [ 90.63569588900009, 24.372851386000036 ], [ 90.635691848000192, 24.372043038000129 ], [ 90.635685304000162, 24.370733501000075 ], [ 90.635683407000101, 24.370692112000086 ], [ 90.635674920000042, 24.370506932000069 ], [ 90.6355622640001, 24.368048777000126 ], [ 90.635409884000126, 24.367068509000035 ], [ 90.635259141000176, 24.366099880000093 ], [ 90.635160183000153, 24.365564193000125 ], [ 90.634806947000072, 24.363651982000079 ], [ 90.634773894000091, 24.363511933000098 ], [ 90.634244803000115, 24.361270020000177 ], [ 90.633924203000049, 24.360166998000011 ], [ 90.633610973000032, 24.359089308000023 ], [ 90.63316667800018, 24.358217365000087 ], [ 90.632905825000137, 24.357711729000187 ], [ 90.632168782000178, 24.356543928000121 ], [ 90.631321377000177, 24.355639791000158 ], [ 90.630512340000109, 24.355139651000172 ], [ 90.629446989000144, 24.354640570000186 ], [ 90.628679146000138, 24.354176953000092 ], [ 90.628344077000179, 24.35389552800018 ], [ 90.628196208000134, 24.353771957000163 ], [ 90.627052093000032, 24.352164568000148 ], [ 90.626755846000151, 24.351562939000189 ], [ 90.626349749000042, 24.350925638000092 ], [ 90.626163665000092, 24.35042289800009 ], [ 90.626157853000109, 24.350368733000153 ], [ 90.626086882000038, 24.349718757000176 ], [ 90.62593726900019, 24.349114263000047 ], [ 90.625562100000138, 24.347370471000033 ], [ 90.625412825000126, 24.346833711000045 ], [ 90.624645393000037, 24.345495022000023 ], [ 90.62445208000014, 24.345157806000032 ], [ 90.624297351000052, 24.344889755000111 ], [ 90.624045079000098, 24.344455022000147 ], [ 90.623676519000185, 24.344052376000036 ], [ 90.623162160000163, 24.34381967000013 ], [ 90.622061245000111, 24.343456152999977 ], [ 90.621289319000198, 24.343089025000154 ], [ 90.620849315000044, 24.342564873000129 ], [ 90.620699981000087, 24.342386978999969 ], [ 90.620665139000039, 24.342317125000079 ], [ 90.620560096000133, 24.342111080000166 ], [ 90.620477903, 24.341949856000156 ], [ 90.619887898000115, 24.340472320000117 ], [ 90.619661479000172, 24.339905293000186 ], [ 90.619438278000075, 24.339235612000095 ], [ 90.619421198000055, 24.338861875000191 ], [ 90.619528969000044, 24.338459291000106 ], [ 90.619710306000172, 24.338122123000062 ], [ 90.620001762000129, 24.337752899000066 ], [ 90.620440492000057, 24.337516284000117 ], [ 90.621026492, 24.337412285000141 ], [ 90.621161409000081, 24.337411731000088 ], [ 90.621409792000122, 24.336927526000068 ], [ 90.621522652000067, 24.336741160000145 ], [ 90.62166188100008, 24.336740589000158 ], [ 90.622249035000038, 24.336873655000147 ], [ 90.623055830000055, 24.337071296999966 ], [ 90.623863075000145, 24.337235062000104 ], [ 90.624266266, 24.337165669000171 ], [ 90.624485550000031, 24.337031549000073 ], [ 90.624667368000189, 24.336795983000115 ], [ 90.624958144000061, 24.336291276 ], [ 90.62634296400006, 24.334639571000025 ], [ 90.626706088000105, 24.334066826000026 ], [ 90.627361908000182, 24.333258053000122 ], [ 90.627981248000083, 24.33230895600002 ], [ 90.628209291000076, 24.331959492000067 ], [ 90.628526081000132, 24.331474023000169 ], [ 90.628802415000109, 24.330929331 ], [ 90.629106906000175, 24.330329128000187 ], [ 90.629427758000077, 24.329753298000128 ], [ 90.629688225000052, 24.329285834000189 ], [ 90.629754032000051, 24.329088375000083 ], [ 90.630012989000079, 24.328311338000049 ], [ 90.630225634000169, 24.327805179000165 ], [ 90.63059262600018, 24.326931620000096 ], [ 90.630989099000033, 24.326053837000018 ], [ 90.63106365200008, 24.325888777000046 ], [ 90.631302329000164, 24.325447498000017 ], [ 90.631608758000198, 24.324879495 ], [ 90.632189918000165, 24.32393779500012 ], [ 90.633100345000059, 24.322689906000164 ], [ 90.634264561000123, 24.321072917000038 ], [ 90.635139170000116, 24.320062243000052 ], [ 90.635940128000129, 24.318984138000133 ], [ 90.63712316800013, 24.317158224000025 ], [ 90.637140057000181, 24.317132155000081 ], [ 90.637980796000022, 24.315999082000076 ], [ 90.638413932000162, 24.315415329000132 ], [ 90.638865204000012, 24.314754127000185 ], [ 90.639287123000031, 24.314135950000093 ], [ 90.639866599000186, 24.312756198000159 ], [ 90.640520209000101, 24.311545474000127 ], [ 90.641137180000101, 24.310400378999987 ], [ 90.641271324000172, 24.310128866000184 ], [ 90.641708626000081, 24.309246743000131 ], [ 90.641753640000104, 24.309155938000174 ], [ 90.642041911000035, 24.308179312000163 ], [ 90.642258759000072, 24.30757554000013 ], [ 90.642473402000121, 24.306533747000174 ], [ 90.64268955100016, 24.305792246000181 ], [ 90.642796305000104, 24.305220548000136 ], [ 90.642923219000124, 24.304330996999965 ], [ 90.642973587000029, 24.303977960000168 ], [ 90.642972426000028, 24.303747412000121 ], [ 90.642970379000133, 24.303341248999971 ], [ 90.643184666000195, 24.302231718000087 ], [ 90.643240857000137, 24.30183160200005 ], [ 90.643326171000069, 24.301224101000116 ], [ 90.643613914000184, 24.300148128000046 ], [ 90.644080155000154, 24.298197592000122 ], [ 90.644354358000157, 24.296976396000161 ], [ 90.644366870000113, 24.296920671000066 ], [ 90.644434391000118, 24.295777892999979 ], [ 90.644357373000162, 24.29503988700003 ], [ 90.644356805000086, 24.294926995000139 ], [ 90.644353818000127, 24.29433544200009 ], [ 90.64434991800016, 24.293563263000067 ], [ 90.64427340800006, 24.292924602000085 ], [ 90.644196227000123, 24.292152731999977 ], [ 90.644078266000065, 24.291625139000132 ], [ 90.643971288999978, 24.291146665000156 ], [ 90.643709509000189, 24.290039150000098 ], [ 90.643553461000067, 24.28899513600004 ], [ 90.643443740000123, 24.288261055000135 ], [ 90.64343219400007, 24.288130520000095 ], [ 90.643405209000036, 24.287825447000159 ], [ 90.643401830000073, 24.287155152000025 ], [ 90.643400633000056, 24.286917793000043 ], [ 90.643484914000169, 24.286189173000139 ], [ 90.643505677, 24.286009675 ], [ 90.643527750000146, 24.285718738000185 ], [ 90.643574393000051, 24.285103969000033 ], [ 90.643598062000137, 24.284496194000099 ], [ 90.643607109000072, 24.284263896000084 ], [ 90.64361324000015, 24.284150283000031 ], [ 90.643652428000166, 24.283423990000017 ], [ 90.643674131000125, 24.283021769000072 ], [ 90.643764082000189, 24.282134038000095 ], [ 90.643813749000117, 24.281643865000092 ], [ 90.643812443000172, 24.281384544000048 ], [ 90.643811633000098, 24.281223897000189 ], [ 90.643810369, 24.28097328400014 ], [ 90.643950997000104, 24.27979632600011 ], [ 90.644093145000113, 24.278921918000037 ], [ 90.64431135000018, 24.278720040000053 ], [ 90.644568132000074, 24.278718952000133 ], [ 90.644824296000138, 24.278717866000022 ], [ 90.645009368, 24.278645800000106 ], [ 90.645152655000061, 24.27838004400013 ], [ 90.645370799000148, 24.27804495200013 ], [ 90.645997482000041, 24.27727686500009 ], [ 90.646094040000037, 24.277097769000022 ], [ 90.64660510200008, 24.276149849000092 ], [ 90.646670287, 24.275524136000115 ], [ 90.646735160000162, 24.274837459000025 ], [ 90.646937376000039, 24.274398568000038 ], [ 90.647151077000046, 24.274234168000135 ], [ 90.647344659000055, 24.274085245000151 ], [ 90.648703845000057, 24.273393049000106 ], [ 90.649276906000125, 24.272986440000125 ], [ 90.650740822000103, 24.271946065000066 ], [ 90.651029497000138, 24.271522920000166 ], [ 90.651536061000115, 24.270780377000108 ], [ 90.651551873000187, 24.270757198000013 ], [ 90.651953400000082, 24.269319457 ], [ 90.651984220000145, 24.268897223000067 ], [ 90.652032373000111, 24.268237491000036 ], [ 90.652081163000105, 24.267569040000012 ], [ 90.651977006000095, 24.266343448000043 ], [ 90.651916780000079, 24.26563452500011 ], [ 90.651863683000045, 24.265009519000103 ], [ 90.651717440000084, 24.263136091000149 ], [ 90.651445275000071, 24.261683172000119 ], [ 90.651310449999983, 24.260961221000173 ], [ 90.65129715300003, 24.260889026000143 ], [ 90.651937432000182, 24.259793242000057 ], [ 90.652193870000076, 24.258967720000157 ], [ 90.652574188000131, 24.257885063000174 ], [ 90.65269676000014, 24.257126200000187 ], [ 90.652739509000185, 24.256861527000069 ], [ 90.652955822000081, 24.256178711000018 ], [ 90.653437761000077, 24.255548946999966 ], [ 90.65355062500015, 24.255377170000088 ], [ 90.653598435000049, 24.255304403000025 ], [ 90.654238852000162, 24.254723628000193 ], [ 90.65523025300007, 24.254081975000133 ], [ 90.656103698000095, 24.253516653000077 ], [ 90.656252562000191, 24.253449339000156 ], [ 90.657318672000088, 24.25296725700008 ], [ 90.659039297000106, 24.252189452000096 ], [ 90.660147836000078, 24.251688325000146 ], [ 90.660208866000119, 24.251650188999974 ], [ 90.661932842000112, 24.250572929000043 ], [ 90.663089486999979, 24.24985015599998 ], [ 90.663237067000125, 24.249757934000172 ], [ 90.663305093000076, 24.249726167000119 ], [ 90.664259030000039, 24.249280686000134 ], [ 90.664886704000139, 24.248987562000025 ], [ 90.666182497000136, 24.248520545000019 ], [ 90.668089450000082, 24.247833234000097 ], [ 90.668609287000038, 24.247645867000131 ], [ 90.669587219000107, 24.247204346000103 ], [ 90.66999305600018, 24.247021116000042 ], [ 90.670525451000117, 24.246862042000032 ], [ 90.670949485, 24.246734662000165 ], [ 90.671046217000196, 24.246710201000155 ], [ 90.673394004000045, 24.246116491000066 ], [ 90.673596080000038, 24.246145071000115 ], [ 90.673765507000155, 24.24616903500015 ], [ 90.674457485000175, 24.245956864000107 ], [ 90.676104205, 24.245451942000045 ], [ 90.676529815000038, 24.245258129000092 ], [ 90.676983427000096, 24.24513428299997 ], [ 90.678622737000012, 24.244686701999967 ], [ 90.679666044000101, 24.24440188900013 ], [ 90.681071422000059, 24.244178115000068 ], [ 90.682320987000139, 24.243979140000079 ], [ 90.682452689, 24.243971774000158 ], [ 90.682993581000176, 24.243945523000036 ], [ 90.683170320000158, 24.24393694500003 ], [ 90.683276121000119, 24.244035818000157 ], [ 90.683541909000098, 24.243890119000071 ], [ 90.685834238000155, 24.243771932000129 ], [ 90.686036948000037, 24.243761479000057 ], [ 90.687725111000191, 24.243500821 ], [ 90.688160927000183, 24.243433526000047 ], [ 90.689330645000155, 24.243098580000037 ], [ 90.691359433000116, 24.242645892000041 ], [ 90.692305413000099, 24.242434802 ], [ 90.693686811000134, 24.242200466000156 ], [ 90.696344306000015, 24.24138903700009 ], [ 90.698046925000142, 24.24057065300002 ], [ 90.699063666000143, 24.240188920000151 ], [ 90.699961212000176, 24.239850627000123 ], [ 90.701877642999989, 24.238739950000024 ], [ 90.703762485000198, 24.237600044000033 ], [ 90.703954524000153, 24.237484003000077 ], [ 90.706454836000091, 24.236329928000089 ], [ 90.707570544000021, 24.236044768000113 ], [ 90.70820741700004, 24.23599890600002 ], [ 90.70826063100003, 24.236048332000053 ], [ 90.708367202000034, 24.235950745000082 ], [ 90.70863287700007, 24.235904353000137 ], [ 90.709905940000169, 24.235911966000117 ], [ 90.710063431000151, 24.235936552000055 ], [ 90.711549123000168, 24.236168467000141 ], [ 90.713350363000131, 24.236618387000078 ], [ 90.717375892000064, 24.237866138000186 ], [ 90.717694376000111, 24.237933248000047 ], [ 90.717782108000108, 24.237951735000081 ], [ 90.71928340400018, 24.238268072000039 ], [ 90.719547709000096, 24.238415843000098 ], [ 90.719972146000146, 24.238468025000145 ], [ 90.720516420000024, 24.238659895000012 ], [ 90.720819035000147, 24.238766573000134 ], [ 90.721034002000067, 24.238917765000053 ], [ 90.721187020000116, 24.239025388000186 ], [ 90.720931986000153, 24.240561738999986 ], [ 90.720914094000079, 24.240669515000036 ], [ 90.720753498000136, 24.241011216000174 ], [ 90.720486116000188, 24.241301491000115 ], [ 90.720273668, 24.241399585000067 ], [ 90.719742653000083, 24.241444999000066 ], [ 90.719209178000085, 24.241928449000113 ], [ 90.719155215000114, 24.242075467 ], [ 90.719414614000186, 24.243101576000129 ], [ 90.719727295000041, 24.243685195000182 ], [ 90.719992593000143, 24.244180368 ], [ 90.720197694000149, 24.245400911 ], [ 90.72046058900014, 24.245842211000138 ], [ 90.720934585000066, 24.246381858000063 ], [ 90.721050071000036, 24.246508616000085 ], [ 90.722411404000184, 24.248002784000107 ], [ 90.72304277600017, 24.2489345460001 ], [ 90.723094367999977, 24.249130737000087 ], [ 90.724055177000196, 24.250414859999978 ], [ 90.725516822000088, 24.25236828900006 ], [ 90.726098053000101, 24.252810319000048 ], [ 90.726624047000087, 24.252942301000132 ], [ 90.728247713000144, 24.252953969000032 ], [ 90.728349326000114, 24.253020195000033 ], [ 90.728486252000096, 24.253021177999983 ], [ 90.728590839000105, 24.25302192900017 ], [ 90.728900746000079, 24.253223909000155 ], [ 90.72872230500019, 24.253263283000024 ], [ 90.72877668700005, 24.253299150000089 ], [ 90.728827549000187, 24.253689517000169 ], [ 90.728237339000032, 24.254807733000121 ], [ 90.727489006000155, 24.255730271000061 ], [ 90.72636589200016, 24.257334213000092 ], [ 90.72604885200019, 24.257710357000121 ], [ 90.725137251000035, 24.258791889000065 ], [ 90.725011699000106, 24.258969930000148 ], [ 90.724405054000101, 24.259830184000123 ], [ 90.724361424000051, 24.259892053000158 ], [ 90.724280934000149, 24.260006191000173 ], [ 90.724173338000128, 24.260250555000141 ], [ 90.724171576000117, 24.2605914990001 ], [ 90.724277073000053, 24.26073776000004 ], [ 90.724479693000148, 24.260898065999982 ], [ 90.724500385000056, 24.260914436000121 ], [ 90.724963581000054, 24.261280896000073 ], [ 90.725279128000125, 24.261769350000122 ], [ 90.725328969000088, 24.26230648600017 ], [ 90.725218948000133, 24.262991146000161 ], [ 90.72489607600005, 24.263816809000161 ], [ 90.724577336000152, 24.264204639000127 ], [ 90.724415436000072, 24.264401631000055 ], [ 90.724149028000056, 24.264545147000035 ], [ 90.724106918000132, 24.26455131400013 ], [ 90.723963453000067, 24.264317593000044 ], [ 90.72369881100019, 24.264120160000118 ], [ 90.723592382000163, 24.264228797000158 ], [ 90.723355658000116, 24.264052190000029 ], [ 90.722928965000108, 24.264487729999985 ], [ 90.72288582800013, 24.264611360000117 ], [ 90.72283520600007, 24.264756437000131 ], [ 90.722605414000043, 24.265414998000153 ], [ 90.722283268000012, 24.266046474000177 ], [ 90.722222025, 24.267412776000072 ], [ 90.722015509000187, 24.267849807000061 ], [ 90.72190015200016, 24.26809392600012 ], [ 90.721844145000034, 24.268534478000163 ], [ 90.722690091000061, 24.269173953000063 ], [ 90.722952431000067, 24.269615248000036 ], [ 90.722951874000103, 24.269710336000117 ], [ 90.722949300000096, 24.270150380000075 ], [ 90.723103238000192, 24.271129564000091 ], [ 90.723111350000181, 24.271593873000086 ], [ 90.723113159000036, 24.271697377000123 ], [ 90.72314331400014, 24.273423371000092 ], [ 90.723407013000042, 24.273668225000108 ], [ 90.723738970000056, 24.273725774000184 ], [ 90.723990096000023, 24.273769309000102 ], [ 90.724066210000103, 24.273790979000125 ], [ 90.724520510000048, 24.273920320000116 ], [ 90.72473194000014, 24.274068330000091 ], [ 90.724894960000142, 24.274040460000094 ], [ 90.724954171000149, 24.27405162600013 ], [ 90.725075121000032, 24.274136296000052 ], [ 90.725238140000101, 24.274108426000055 ], [ 90.725658541000143, 24.274187703000109 ], [ 90.726401185000157, 24.27419318800014 ], [ 90.726774197000111, 24.273952070000064 ], [ 90.726935431000129, 24.273610361000124 ], [ 90.726990486000147, 24.273221745000114 ], [ 90.727204005000146, 24.272979132000046 ], [ 90.728055185000017, 24.272690565000062 ], [ 90.728374891000044, 24.272497115000192 ], [ 90.72873883, 24.272472153000081 ], [ 90.729011951000132, 24.272453420000033 ], [ 90.729091586000095, 24.272551961000147 ], [ 90.729170085000078, 24.272649097000169 ], [ 90.729114434, 24.273039975000188 ], [ 90.729186571000014, 24.273106758000097 ], [ 90.729213397000137, 24.273098787000094 ], [ 90.72946120600011, 24.273025156000131 ], [ 90.730363664000151, 24.272982437000053 ], [ 90.730534368000065, 24.273058556000024 ], [ 90.730706845000043, 24.27305039100014 ], [ 90.730826855000032, 24.273103905000141 ], [ 90.731142684000133, 24.27324473300007 ], [ 90.731818039000132, 24.273544036000033 ], [ 90.732187571000168, 24.273987056000124 ], [ 90.732342681000034, 24.274620770000126 ], [ 90.732340610000165, 24.275011393000057 ], [ 90.732548975000043, 24.275696779999976 ], [ 90.732760031000112, 24.275991544000078 ], [ 90.733175948000166, 24.27632957700007 ], [ 90.733439261000171, 24.276379443999986 ], [ 90.733765674000097, 24.276436010000054 ], [ 90.734207532000084, 24.27673572100008 ], [ 90.734694570000045, 24.276671247000081 ], [ 90.735003455000083, 24.276743732000114 ], [ 90.735037762, 24.276739191 ], [ 90.735370207000074, 24.276817204000167 ], [ 90.735461990000147, 24.276838742000166 ], [ 90.735662147000085, 24.276950667000108 ], [ 90.735726392000174, 24.276986485000066 ], [ 90.735989738000114, 24.277378077000094 ], [ 90.736040361000107, 24.277721028000144 ], [ 90.736022010999989, 24.277942910000036 ], [ 90.735983946000147, 24.278403176000097 ], [ 90.735822730000109, 24.278744895000045 ], [ 90.735023426000055, 24.279277100000115 ], [ 90.735022423000089, 24.279423869000084 ], [ 90.735202335000054, 24.279691395000043 ], [ 90.735285771000179, 24.279815461000169 ], [ 90.734966, 24.28010601800014 ], [ 90.734911698000076, 24.280300455000145 ], [ 90.735015894000185, 24.280643147000092 ], [ 90.73539703900019, 24.281139586000052 ], [ 90.735542653000152, 24.281329247000031 ], [ 90.737015013000075, 24.283780928999988 ], [ 90.737337116, 24.284154889000035 ], [ 90.737437209000063, 24.284271096000168 ], [ 90.737723403000075, 24.284214273000146 ], [ 90.73791514800007, 24.284176203000186 ], [ 90.738126609000062, 24.284324194000078 ], [ 90.738494515000127, 24.285008798999968 ], [ 90.738544094000076, 24.285595602000114 ], [ 90.738616810000053, 24.285685559 ], [ 90.738677767000183, 24.285676626000111 ], [ 90.73911006700007, 24.285442322000051 ], [ 90.739476438999986, 24.285243749000074 ], [ 90.739794819000053, 24.285244455000111 ], [ 90.739854047000165, 24.285311756999988 ], [ 90.740269665000085, 24.285784030000116 ], [ 90.740555447000133, 24.285786694000137 ], [ 90.740588058000071, 24.285786997000059 ], [ 90.740854530000092, 24.285544106000145 ], [ 90.741123006000066, 24.285009942000158 ], [ 90.74138942400009, 24.284864139000092 ], [ 90.741434777000052, 24.284872802 ], [ 90.741654518000189, 24.284914776000107 ], [ 90.741683988000148, 24.284958694000181 ], [ 90.741732641000169, 24.284932067000057 ], [ 90.741997735999973, 24.284982703000139 ], [ 90.742253680000033, 24.285364121999976 ], [ 90.742419339000151, 24.285472858000105 ], [ 90.742645329000197, 24.285405384 ], [ 90.743057452000073, 24.285282338000172 ], [ 90.743270630000154, 24.285089375000098 ], [ 90.743449476000194, 24.283940693999966 ], [ 90.743490862000101, 24.283674877000124 ], [ 90.74370701800018, 24.28304162 ], [ 90.743921186000136, 24.282701891000045 ], [ 90.744412324000109, 24.282172298000035 ], [ 90.744508053000118, 24.282069074000049 ], [ 90.744880726000133, 24.281877587000054 ], [ 90.745571773000052, 24.281686799000113 ], [ 90.746104970000033, 24.281250672000169 ], [ 90.746265493000067, 24.281006037000111 ], [ 90.746427734000065, 24.280422711000142 ], [ 90.746534928000074, 24.280325094000148 ], [ 90.746818974000121, 24.280283454000084 ], [ 90.746853633000057, 24.280278373000101 ], [ 90.747489395000059, 24.280428781000126 ], [ 90.747699708000141, 24.28065716499998 ], [ 90.747806080000089, 24.28077267700013 ], [ 90.747802032000095, 24.28155391700011 ], [ 90.748224684000093, 24.281800201000067 ], [ 90.748701904000143, 24.281901714000014 ], [ 90.749549103000163, 24.282297178000078 ], [ 90.749970727, 24.282787313000028 ], [ 90.75007327100019, 24.283470938 ], [ 90.750231126000187, 24.283716264000077 ], [ 90.751340779000031, 24.28465231000007 ], [ 90.752610963000166, 24.285343705000173 ], [ 90.753259131000164, 24.28551998800009 ], [ 90.753652026000054, 24.285626841000123 ], [ 90.754624839000201, 24.285891408000111 ], [ 90.755260638000095, 24.28604178500018 ], [ 90.755985801000179, 24.286307973000191 ], [ 90.756316600000105, 24.286429399000099 ], [ 90.756368541000199, 24.286448648000032 ], [ 90.757417425000142, 24.286570216000143 ], [ 90.757461843000101, 24.286575364000043 ], [ 90.757528992000061, 24.286611258000164 ], [ 90.757772947000035, 24.286639531000105 ], [ 90.757805073000043, 24.286643255000058 ], [ 90.758545799000046, 24.287039199000105 ], [ 90.758641533000173, 24.287146073000088 ], [ 90.758789433000118, 24.287311183000043 ], [ 90.758809889000077, 24.287333660000058 ], [ 90.758808555000144, 24.287627187999988 ], [ 90.758594123000137, 24.287917264000043 ], [ 90.75864673500007, 24.288066020000088 ], [ 90.75871673000006, 24.288114244000155 ], [ 90.758858215000146, 24.288211724000064 ], [ 90.758918304000076, 24.288202911000099 ], [ 90.759176940000145, 24.288164975000029 ], [ 90.75933514899998, 24.288362875000018 ], [ 90.759280550000199, 24.288604739000164 ], [ 90.759387000000117, 24.288704367000037 ], [ 90.759491722000064, 24.288802376000092 ], [ 90.7596259930001, 24.288785418000089 ], [ 90.759864020000123, 24.288755357000184 ], [ 90.760017381000125, 24.288898131999986 ], [ 90.760233102000143, 24.289098961000036 ], [ 90.760232105000114, 24.289345074000039 ], [ 90.759964675000049, 24.289732506000121 ], [ 90.759962729000051, 24.290026036000086 ], [ 90.760067637000191, 24.290269359000035 ], [ 90.760261309000043, 24.290450609000118 ], [ 90.760515491000149, 24.290490797000075 ], [ 90.760577819000162, 24.290507460000129 ], [ 90.760915579000198, 24.290567668000108 ], [ 90.761126105000017, 24.290862392000179 ], [ 90.761177739000061, 24.2911556520001 ], [ 90.760910642000056, 24.291495669000085 ], [ 90.760909745000049, 24.291630645000055 ], [ 90.76097407900005, 24.291774536000162 ], [ 90.761172148000185, 24.292180747000089 ], [ 90.761223781000126, 24.292474010000092 ], [ 90.761116235000088, 24.292718396000055 ], [ 90.76101825700016, 24.292766518000178 ], [ 90.76074463100008, 24.292900908999968 ], [ 90.760531040000103, 24.293005814000082 ], [ 90.759414369000183, 24.293293632000086 ], [ 90.759201516000019, 24.293436942000028 ], [ 90.758616370000141, 24.293629524000153 ], [ 90.757977562, 24.294016548 ], [ 90.757976905000078, 24.294113639000159 ], [ 90.758504180000102, 24.294752236000136 ], [ 90.758778758000062, 24.295007617000067 ], [ 90.759649958000182, 24.295817896000017 ], [ 90.759771865000062, 24.295931275999976 ], [ 90.76082677200003, 24.297158784000146 ], [ 90.761015257000111, 24.297538319000182 ], [ 90.761142193000126, 24.297793916000103 ], [ 90.76129782400011, 24.298382436000111 ], [ 90.761353678000148, 24.298832982000079 ], [ 90.761552105000135, 24.300433548 ], [ 90.761498806000077, 24.300481231000163 ], [ 90.762023139000178, 24.301754286000062 ], [ 90.762760033000063, 24.302832096000031 ], [ 90.762812326000187, 24.303028267 ], [ 90.762757739000051, 24.303272388000039 ], [ 90.76238532800005, 24.303513591000012 ], [ 90.762171212000112, 24.303756257000032 ], [ 90.762272869000071, 24.304586632999985 ], [ 90.762430421000147, 24.304978709000125 ], [ 90.762377125000171, 24.305026392000059 ], [ 90.762742959000036, 24.306054134000192 ], [ 90.763110741000105, 24.306788343000107 ], [ 90.76331664300011, 24.307721521000019 ], [ 90.7633316900002, 24.307789718000095 ], [ 90.763369671000021, 24.30796112400003 ], [ 90.763354329000038, 24.308764866000104 ], [ 90.763296052000101, 24.311817898000129 ], [ 90.763343456000086, 24.312842719000116 ], [ 90.763018432000194, 24.314111006000132 ], [ 90.762591101999988, 24.314546658000154 ], [ 90.761738389000072, 24.31512669000017 ], [ 90.76152225200002, 24.315859317000104 ], [ 90.761521567000045, 24.315986197000143 ], [ 90.761519619000069, 24.316347025000141 ], [ 90.761730832000069, 24.316542397000148 ], [ 90.762155224000196, 24.316644129000053 ], [ 90.762260514, 24.316740688000152 ], [ 90.762166902000104, 24.317835037000179 ], [ 90.762147672000083, 24.318059836000032 ], [ 90.761985816000049, 24.318496412000115 ], [ 90.761982192000062, 24.319230228000038 ], [ 90.762188169000183, 24.320403275000047 ], [ 90.762293391000185, 24.321901146000073 ], [ 90.762335624000173, 24.322502328000098 ], [ 90.762376779000135, 24.324748676000127 ], [ 90.762270163000039, 24.324844040000016 ], [ 90.762375772000155, 24.32499252700012 ], [ 90.762427092000109, 24.325333205999982 ], [ 90.762849560000063, 24.32572620500008 ], [ 90.7635378720002, 24.326072710000062 ], [ 90.763696812000035, 24.326074167000115 ], [ 90.764552986000183, 24.326430496 ], [ 90.764650931000176, 24.32647125900013 ], [ 90.764914821000161, 24.326716035000118 ], [ 90.764965830000051, 24.327106385000093 ], [ 90.764856612000074, 24.327691717 ], [ 90.764806373000056, 24.327737125000056 ], [ 90.764725231000114, 24.327811454000084 ], [ 90.764642793000064, 24.32788696900019 ], [ 90.764430874000197, 24.327885777000063 ], [ 90.764003187000071, 24.328371109999978 ], [ 90.763419495000051, 24.328317599000115 ], [ 90.7631006740001, 24.328364361000069 ], [ 90.762940762000142, 24.328509666000116 ], [ 90.762938469000062, 24.328949956000088 ], [ 90.762966458000164, 24.32907304600019 ], [ 90.763249754000128, 24.330318902000045 ], [ 90.763298489000192, 24.331050196000149 ], [ 90.763244827, 24.331244640000079 ], [ 90.763084309000078, 24.331392208000011 ], [ 90.762977690000184, 24.331487573 ], [ 90.762801255000056, 24.331533421000074 ], [ 90.762605565000058, 24.331584271000054 ], [ 90.762339030000135, 24.331824942000139 ], [ 90.762178142000153, 24.332117011000037 ], [ 90.76217552900016, 24.332606977000069 ], [ 90.762384793000081, 24.333192963999977 ], [ 90.763121881000131, 24.334270764000166 ], [ 90.76322431300008, 24.336016441000083 ], [ 90.763268970000127, 24.33677748600013 ], [ 90.763365454000109, 24.338421704999973 ], [ 90.763304322000067, 24.339837677000105 ], [ 90.763348952000172, 24.340046824000069 ], [ 90.763356301000158, 24.340081264000105 ], [ 90.764149018000126, 24.340770430000077 ], [ 90.764101821000054, 24.341665516999967 ], [ 90.764089832000195, 24.34189287300012 ], [ 90.764295516000175, 24.343212672 ], [ 90.764479935000054, 24.345452367000121 ], [ 90.764544723000085, 24.346239175000051 ], [ 90.764513995000016, 24.346559942 ], [ 90.764510317000088, 24.346598029000063 ], [ 90.764488473000085, 24.346824237000135 ], [ 90.764540173000057, 24.347020408000105 ], [ 90.764411933000133, 24.347136919999969 ], [ 90.764380239000161, 24.347165716000063 ], [ 90.764061056000116, 24.347262153000145 ], [ 90.762787208000077, 24.347205344000145 ], [ 90.762151709000136, 24.347229118000143 ], [ 90.761869028000149, 24.347239693000063 ], [ 90.761671676000162, 24.347247075000098 ], [ 90.761085795000099, 24.347459995000179 ], [ 90.76033900900012, 24.347967239000013 ], [ 90.759883727999977, 24.348075637000136 ], [ 90.759706996000148, 24.348088491000112 ], [ 90.7589168410002, 24.348145955000064 ], [ 90.75796827400012, 24.348706126000138 ], [ 90.757767561000151, 24.348762146000183 ], [ 90.757210470000132, 24.348917634000031 ], [ 90.756913764000103, 24.349169736000135 ], [ 90.756876672000089, 24.34956278400017 ], [ 90.756757393000044, 24.349623713000142 ], [ 90.756675809000058, 24.349665386000083 ], [ 90.756061025000179, 24.349580397000068 ], [ 90.755457076000198, 24.34937061200003 ], [ 90.755131840000104, 24.349257638000097 ], [ 90.753369333000194, 24.348462614000084 ], [ 90.752236260000188, 24.348145365 ], [ 90.751499606000152, 24.348079025000061 ], [ 90.751366450000148, 24.348066137000046 ], [ 90.750807990000112, 24.348127606000048 ], [ 90.750052318000144, 24.348388737999983 ], [ 90.749556258000098, 24.348793085000125 ], [ 90.749453088999985, 24.348746180999967 ], [ 90.748804230000076, 24.34915128300014 ], [ 90.74811521100014, 24.349852355000053 ], [ 90.747970650000184, 24.350101431000041 ], [ 90.747606365000138, 24.351333748000116 ], [ 90.747360142000105, 24.351583323000057 ], [ 90.747010763000105, 24.351788251000187 ], [ 90.746808364000117, 24.351841178000029 ], [ 90.746195101000069, 24.351805813 ], [ 90.745575140000028, 24.351574047000042 ], [ 90.745155441000065, 24.351239692000149 ], [ 90.744689792000145, 24.351054577000014 ], [ 90.744354429000055, 24.35109766100004 ], [ 90.744232965000094, 24.351113266000027 ], [ 90.744035736000058, 24.35131292300008 ], [ 90.743699727000035, 24.351908385000172 ], [ 90.743648691000089, 24.352242794 ], [ 90.74353414400008, 24.352990702999989 ], [ 90.743536186000085, 24.353174484000192 ], [ 90.743466957000123, 24.353626487000042 ], [ 90.743490352000038, 24.355732936000152 ], [ 90.743638327000099, 24.355931805000182 ], [ 90.743704611000112, 24.35602088800016 ], [ 90.743645095000147, 24.356123859999968 ], [ 90.743560651000053, 24.356269958000155 ], [ 90.743586635000099, 24.35700734500017 ], [ 90.743596846000116, 24.35729709800006 ], [ 90.743420903000072, 24.358083689000068 ], [ 90.743314673000157, 24.358090502000152 ], [ 90.743072408000103, 24.358338277000144 ], [ 90.742320307000114, 24.35869644100012 ], [ 90.741258979000065, 24.358965798000099 ], [ 90.73978613200012, 24.359144588000163 ], [ 90.739291915000194, 24.359288238000147 ], [ 90.738877575, 24.359408668000185 ], [ 90.738578674000053, 24.359611074000043 ], [ 90.738444090000144, 24.359791142000176 ], [ 90.737945232000072, 24.360458591000054 ], [ 90.737577174000137, 24.361593817000028 ], [ 90.737404096000034, 24.361954676000153 ], [ 90.737075055999981, 24.362640704000057 ], [ 90.736817350000194, 24.363178001 ], [ 90.737180759000125, 24.363365891000115 ], [ 90.737639758000171, 24.363354627000092 ], [ 90.737978836000195, 24.363397801000076 ], [ 90.738948878000144, 24.363521310000067 ], [ 90.739279434000139, 24.363563396000188 ], [ 90.740806504000034, 24.363481432000185 ], [ 90.741319675000113, 24.363566980000144 ], [ 90.741552177000187, 24.363281987000107 ], [ 90.741558841000199, 24.363467721000177 ], [ 90.74146317400016, 24.363822477000042 ], [ 90.74133326000009, 24.364304224000023 ], [ 90.741345269000078, 24.364646276000087 ], [ 90.741266058, 24.36494000600004 ], [ 90.741286744000149, 24.365529201000072 ], [ 90.741372664000153, 24.365728843000056 ], [ 90.740903401000139, 24.366568680000171 ], [ 90.740858945000184, 24.366765327 ], [ 90.740913735999982, 24.366862148000109 ], [ 90.740690364000159, 24.367127407000112 ], [ 90.740619987000116, 24.36721129100016 ], [ 90.740199270000062, 24.368297107999979 ], [ 90.740214270000024, 24.368720718000077 ], [ 90.740132060000178, 24.368932890000053 ], [ 90.740161558000125, 24.369765887000142 ], [ 90.740323178000153, 24.370006689000149 ], [ 90.740988097000013, 24.370610243000158 ], [ 90.742272772000035, 24.371776329 ], [ 90.742439566000144, 24.372163859000125 ], [ 90.74245143100012, 24.372506993000059 ], [ 90.742480042000125, 24.372545739000088 ], [ 90.742525796000166, 24.372607702000153 ], [ 90.742502786000045, 24.372851187000151 ], [ 90.742185882000115, 24.373986174000152 ], [ 90.742230114000051, 24.374222865000092 ], [ 90.742118681000136, 24.374621956 ], [ 90.742179540000109, 24.37491291800012 ], [ 90.742162691000033, 24.375902515000178 ], [ 90.742152905000125, 24.37599680500017 ], [ 90.74208725800014, 24.376629325000124 ], [ 90.742047820000039, 24.376712026000121 ], [ 90.741992285000151, 24.376828481000075 ], [ 90.741961017000051, 24.378220070000168 ], [ 90.741843901000152, 24.37874510600011 ], [ 90.741795897000088, 24.37929481000009 ], [ 90.741776696000159, 24.379380888000128 ], [ 90.741757602000177, 24.379599536000114 ], [ 90.741578116000085, 24.379877581000073 ], [ 90.740523289000123, 24.380341081999973 ], [ 90.740476649000186, 24.380375176000143 ], [ 90.740174713000044, 24.380593404000081 ], [ 90.740079723000179, 24.380790298000022 ], [ 90.74014272900007, 24.381133181000052 ], [ 90.740139485000157, 24.381206066000175 ], [ 90.740107498999976, 24.381229185 ], [ 90.740012508000063, 24.381426079000164 ], [ 90.740075514000125, 24.381768962000024 ], [ 90.740073627000015, 24.381811367000068 ], [ 90.739966736000156, 24.381919769000149 ], [ 90.739615125000114, 24.382075017000034 ], [ 90.739170039000044, 24.382476827000062 ], [ 90.739032719000079, 24.38292003100014 ], [ 90.739041548000159, 24.383166092000124 ], [ 90.739070376000086, 24.383217317 ], [ 90.738965498000084, 24.383555811000122 ], [ 90.738968697000075, 24.383644995000054 ], [ 90.738974327000051, 24.383801872000163 ], [ 90.739083302000097, 24.383995514000048 ], [ 90.739037317999987, 24.384142497000028 ], [ 90.738771290000045, 24.384413296000105 ], [ 90.738446703000079, 24.38474370400013 ], [ 90.737845134000111, 24.38505144200019 ], [ 90.737587233, 24.385234484000023 ], [ 90.73689623100006, 24.385724909000032 ], [ 90.736352432000103, 24.386110856000073 ], [ 90.734989145000156, 24.386748129000125 ], [ 90.734366071000125, 24.387039382000182 ], [ 90.734043824000196, 24.387190013000122 ], [ 90.733488224000041, 24.387350751000099 ], [ 90.732977081000115, 24.387312584000028 ], [ 90.73267596900007, 24.387465314000053 ], [ 90.732258318000106, 24.387180590000128 ], [ 90.731333455000197, 24.387004431000037 ], [ 90.730211922000024, 24.387030162000087 ], [ 90.729554627000084, 24.387191375000043 ], [ 90.729045004000113, 24.387202861000105 ], [ 90.728730555000141, 24.386965044000078 ], [ 90.728614918000062, 24.386574994000114 ], [ 90.728398507000179, 24.386237359000177 ], [ 90.728191508, 24.386143525000023 ], [ 90.727785079000057, 24.386201923000044 ], [ 90.72745937000019, 24.385941158000094 ], [ 90.727390767000145, 24.385886234000168 ], [ 90.727028849000192, 24.385596477000036 ], [ 90.726473123000062, 24.385151552000082 ], [ 90.725550413000065, 24.385025019000011 ], [ 90.724940629000059, 24.385086641000157 ], [ 90.72371530300012, 24.385065404999978 ], [ 90.722870656000168, 24.384252099000037 ], [ 90.722192146000111, 24.383824089000143 ], [ 90.721728541000061, 24.383688568000025 ], [ 90.721036112000036, 24.382870010000147 ], [ 90.720788476000166, 24.38284592600013 ], [ 90.72021722900007, 24.382790365000062 ], [ 90.718964688000085, 24.381985751000116 ], [ 90.716747112000121, 24.381298583000103 ], [ 90.716483839000091, 24.38105823799998 ], [ 90.716108008000162, 24.380529421 ], [ 90.715950048000025, 24.380385666000109 ], [ 90.715484319000154, 24.380198206000046 ], [ 90.715207656000075, 24.380206287000135 ], [ 90.715076404000058, 24.380209163000188 ], [ 90.714778501000183, 24.38027604600012 ], [ 90.714563138000074, 24.380325626000115 ], [ 90.714367976000062, 24.380370555000013 ], [ 90.713968811000143, 24.380623056000047 ], [ 90.713476136000168, 24.381124359000069 ], [ 90.713402917000053, 24.38133297800016 ], [ 90.713337230000036, 24.38152013500013 ], [ 90.713336486000173, 24.381721155000037 ], [ 90.713332327999979, 24.382843254000079 ], [ 90.713503534000154, 24.384797741000057 ], [ 90.713480200000163, 24.385581321000075 ], [ 90.713525362000155, 24.385871684 ], [ 90.71367777100005, 24.386851554000089 ], [ 90.713680351000107, 24.387067764000051 ], [ 90.713545023000108, 24.387020518000043 ], [ 90.711850327000036, 24.387306053000088 ], [ 90.711311768000144, 24.38739678900015 ], [ 90.710620101000188, 24.387587435000114 ], [ 90.709501701000022, 24.38806682500018 ], [ 90.709205626000141, 24.388133688000096 ], [ 90.708863377000171, 24.388209800000027 ], [ 90.708756682000114, 24.388307387 ], [ 90.707162057000062, 24.388490949000072 ], [ 90.70694008900017, 24.388554897000063 ], [ 90.706774760000087, 24.388602527000103 ], [ 90.705831705000151, 24.388874213000179 ], [ 90.703705706000164, 24.389152787000171 ], [ 90.703612965000048, 24.389146383000138 ], [ 90.702909113000089, 24.3890977800001 ], [ 90.70253677300019, 24.389194338000095 ], [ 90.702430835000143, 24.389095484000109 ], [ 90.702164773000163, 24.389241218999985 ], [ 90.701366444000087, 24.389430060000109 ], [ 90.700993403000041, 24.389623704000144 ], [ 90.699602292000122, 24.390863372000183 ], [ 90.698056816000133, 24.392240559000186 ], [ 90.697807228000102, 24.39237982800006 ], [ 90.696889885000132, 24.392891698000142 ], [ 90.69555165800017, 24.393638399000054 ], [ 90.694434551000199, 24.393923498000106 ], [ 90.693589681000105, 24.39395642900007 ], [ 90.693318585000043, 24.393966995000028 ], [ 90.692310368000051, 24.39376388200003 ], [ 90.691993108000077, 24.393566643000156 ], [ 90.691939746000116, 24.393614298999978 ], [ 90.6910368610001, 24.393512305000058 ], [ 90.690027510000164, 24.393553030000135 ], [ 90.689909261000082, 24.393569374000094 ], [ 90.689017463000141, 24.393693098000028 ], [ 90.688644738000164, 24.393837039000118 ], [ 90.686710699000059, 24.394258241000159 ], [ 90.686463588000152, 24.394312056000103 ], [ 90.685966584000084, 24.394376587000181 ], [ 90.685400516000129, 24.394450082000105 ], [ 90.684444520000056, 24.394443118000083 ], [ 90.683702337000057, 24.394195847000162 ], [ 90.68301421000001, 24.393799313000045 ], [ 90.682644402000165, 24.393455530000097 ], [ 90.682489460000113, 24.392722425999978 ], [ 90.682330881000098, 24.392574123000088 ], [ 90.682012577000194, 24.392523624999967 ], [ 90.681585782000127, 24.392814549000093 ], [ 90.681156050000141, 24.39359318400011 ], [ 90.6809422460002, 24.393835734000106 ], [ 90.680694488000142, 24.393985401000123 ], [ 90.680622165000102, 24.394029090000117 ], [ 90.679611741000144, 24.394216514000163 ], [ 90.677910364000184, 24.394400250000103 ], [ 90.676998744000059, 24.394393891 ], [ 90.676529689000063, 24.394390617999989 ], [ 90.676371126000163, 24.394244566000168 ], [ 90.675739793000048, 24.393165872000111 ], [ 90.675529286000142, 24.392871033000119 ], [ 90.675212052000177, 24.392673757000125 ], [ 90.674521466000044, 24.392620387000022 ], [ 90.673676957999987, 24.391784224 ], [ 90.673306111000159, 24.391587182000023 ], [ 90.673093823000158, 24.391536195000185 ], [ 90.671818477000159, 24.391625397000098 ], [ 90.671181517000036, 24.391571774 ], [ 90.670023910000111, 24.390250647000016 ], [ 90.669598338000071, 24.389853781000056 ], [ 90.668804732000126, 24.3893108850001 ], [ 90.668644634000032, 24.389456095000185 ], [ 90.668005177000111, 24.389745664000088 ], [ 90.667791709000028, 24.38993852200008 ], [ 90.667784662000088, 24.391060706000189 ], [ 90.667937625000036, 24.392137028000036 ], [ 90.667883177000135, 24.392331445000082 ], [ 90.667454796000129, 24.392913599999986 ], [ 90.666878112000063, 24.393306750000022 ], [ 90.666814240000065, 24.393349928000077 ], [ 90.666175363000093, 24.393637231000127 ], [ 90.665217576000146, 24.393876258000091 ], [ 90.663303781000138, 24.394105920000072 ], [ 90.663091073000146, 24.39409330400008 ], [ 90.662401159000069, 24.394051163000086 ], [ 90.661395280000079, 24.39345948600004 ], [ 90.660664429000065, 24.393088715000033 ], [ 90.659778375000144, 24.392639200000019 ], [ 90.659690449000152, 24.39259459200008 ], [ 90.659541973000103, 24.392519266000079 ], [ 90.658685209000112, 24.392272372000093 ], [ 90.658322258000169, 24.392167831000052 ], [ 90.657101474000058, 24.39196540800009 ], [ 90.656624271000112, 24.391816201999973 ], [ 90.65471728700004, 24.390973244000065 ], [ 90.652543216000197, 24.390323331 ], [ 90.651323062000131, 24.390118600000051 ], [ 90.650632376000033, 24.390162208000106 ], [ 90.650347115000159, 24.390449789000172 ], [ 90.650151041000072, 24.390647457000171 ], [ 90.649452781000036, 24.391862924000122 ], [ 90.64907879499998, 24.39225062100013 ], [ 90.648759041000176, 24.392396493000149 ], [ 90.648630866000133, 24.392388452999967 ], [ 90.647006835000184, 24.392286577999982 ], [ 90.646421417000056, 24.392429064000055 ] ] ] } },
{ "type": "Feature", "properties": { "adm3_name": "Tarail", "adm3_name1": null, "adm3_name2": null, "adm3_name3": null, "adm3_pcode": "BD30480092", "adm2_name": "Kishoreganj", "adm2_name1": null, "adm2_name2": null, "adm2_name3": null, "adm2_pcode": "BD3048", "adm1_name": "Dhaka", "adm1_name1": null, "adm1_name2": null, "adm1_name3": null, "adm1_pcode": "BD30", "adm0_name": "Bangladesh", "adm0_name1": null, "adm0_name2": null, "adm0_name3": null, "adm0_pcode": "BD", "valid_on": "2023-05-21T00:00:00", "valid_to": null, "area_sqkm": 144.8638739, "version": "v03", "lang": "en", "lang1": null, "lang2": null, "lang3": null, "adm3_ref_name": null, "center_lat": 24.55087077, "center_lon": 90.89053903, "female_pop": 82364.0, "male_pop": 75832.0, "total_pop": 158196.0, "nearest_facility_min": 0.90440608578796156 }, "geometry": { "type": "Polygon", "coordinates": [ [ [ 90.929413724000142, 24.614705670000149 ], [ 90.928907379000066, 24.614862322000135 ], [ 90.928796769000201, 24.614932991000046 ], [ 90.928567656000155, 24.615008910000029 ], [ 90.928111333000118, 24.615083972000036 ], [ 90.92764855300004, 24.615086826999971 ], [ 90.927044509000154, 24.615090551000094 ], [ 90.926446091000173, 24.615069401000142 ], [ 90.925343833000113, 24.614863076000063 ], [ 90.92530170200007, 24.614855189000025 ], [ 90.924673451000046, 24.614807125000141 ], [ 90.92409282400007, 24.614686517999985 ], [ 90.923932324000134, 24.614689762000069 ], [ 90.923779181000157, 24.614686186000142 ], [ 90.922793843000136, 24.614606440000102 ], [ 90.921810329000152, 24.614604215000043 ], [ 90.921717694000051, 24.614604004000114 ], [ 90.920868834000146, 24.61444439100012 ], [ 90.920563488000084, 24.614396591000059 ], [ 90.919173297999976, 24.614000964000127 ], [ 90.91892143400014, 24.61392122400008 ], [ 90.918683137000016, 24.613839144000053 ], [ 90.918011108000144, 24.613798092000025 ], [ 90.916651255000147, 24.614147450000132 ], [ 90.915490667000199, 24.614445603000036 ], [ 90.91463030500006, 24.614530929000182 ], [ 90.914721900000131, 24.614039296000101 ], [ 90.914777764000121, 24.613740942000106 ], [ 90.916535906000092, 24.610917149000159 ], [ 90.916677942000149, 24.61032928100019 ], [ 90.916412033000086, 24.606964668000046 ], [ 90.91654689500001, 24.606155588000092 ], [ 90.916578081000125, 24.606061467000188 ], [ 90.91662605900018, 24.60591667 ], [ 90.916900250000026, 24.605089146000125 ], [ 90.916987444000142, 24.604825988000186 ], [ 90.917060355000046, 24.604605936000098 ], [ 90.917200602000037, 24.603943574000027 ], [ 90.917232590000197, 24.602403626000125 ], [ 90.917008360000125, 24.601745587000153 ], [ 90.916970794000179, 24.601635345000091 ], [ 90.916966073000083, 24.600987412 ], [ 90.916919071000109, 24.600213307 ], [ 90.916923184000154, 24.599918661000117 ], [ 90.916922732000103, 24.599886675000164 ], [ 90.916322196000181, 24.599431105000122 ], [ 90.91563895000013, 24.598940828000138 ], [ 90.913718827000139, 24.598141977000068 ], [ 90.912355960000127, 24.597655805000159 ], [ 90.91185446500009, 24.597457403000078 ], [ 90.910714750000182, 24.597006494000141 ], [ 90.91045239000016, 24.596932155000104 ], [ 90.91019204700001, 24.596858387000054 ], [ 90.910128934000056, 24.596752657000025 ], [ 90.909627317, 24.596105469000122 ], [ 90.909301597000081, 24.595965202000173 ], [ 90.909207375000108, 24.59597517800006 ], [ 90.908510195000133, 24.596048999000061 ], [ 90.908421986, 24.596058563000156 ], [ 90.908109937000063, 24.596358462000182 ], [ 90.9079774180002, 24.597242025000185 ], [ 90.907864140000072, 24.597417764000056 ], [ 90.907594643000039, 24.597835854000039 ], [ 90.907365210000194, 24.598207502000037 ], [ 90.907305806000068, 24.598562125000171 ], [ 90.907229678000135, 24.599016578000032 ], [ 90.906931902, 24.599756642000159 ], [ 90.906546742000103, 24.600278235000076 ], [ 90.905684889000156, 24.600956219000182 ], [ 90.904481900000178, 24.600983774000099 ], [ 90.903271764000067, 24.600790104000055 ], [ 90.902113001000032, 24.600124950000065 ], [ 90.902045630000032, 24.600086278000049 ], [ 90.902012225000192, 24.600059399000088 ], [ 90.901897376000193, 24.59996698600014 ], [ 90.900892601000123, 24.599158494000051 ], [ 90.899529146000191, 24.59918922200012 ], [ 90.898493154000107, 24.599432470000124 ], [ 90.897697874000187, 24.59966976000004 ], [ 90.896986975000061, 24.600053291999984 ], [ 90.895554502000095, 24.60045014700006 ], [ 90.894516745000146, 24.600621132000072 ], [ 90.892595399000129, 24.601132418000134 ], [ 90.89214381700009, 24.601252584000122 ], [ 90.891809278000039, 24.601341604000027 ], [ 90.8908469980002, 24.601363105000132 ], [ 90.889969077000103, 24.601528598000016 ], [ 90.887963660000196, 24.601574306000089 ], [ 90.887239054000077, 24.601443490000122 ], [ 90.886510443000077, 24.601311946000067 ], [ 90.885375844000123, 24.60097093700017 ], [ 90.883423513000139, 24.600135764000072 ], [ 90.883179651000034, 24.599078326000154 ], [ 90.883094230000154, 24.598570946000109 ], [ 90.883072774000141, 24.59844350000003 ], [ 90.882502847000183, 24.598199682000086 ], [ 90.882258997000065, 24.597142242000189 ], [ 90.881970426000066, 24.595428065000192 ], [ 90.881812769000078, 24.594343819000187 ], [ 90.881644587000039, 24.594264837000082 ], [ 90.8813666530001, 24.594067785000107 ], [ 90.881124871000168, 24.593920191000166 ], [ 90.880930192000164, 24.593799413000113 ], [ 90.880750564000039, 24.593800464000083 ], [ 90.880683093000073, 24.593773765000094 ], [ 90.880505316000153, 24.59377480500018 ], [ 90.880387178000149, 24.59382968 ], [ 90.880328424000083, 24.59390227199998 ], [ 90.880280051999989, 24.59404704800005 ], [ 90.880202366000162, 24.594237153000051 ], [ 90.88012607100012, 24.594625925000116 ], [ 90.880019828000172, 24.594969720000051 ], [ 90.879833184000177, 24.59511530400016 ], [ 90.879498579000085, 24.595288847000063 ], [ 90.8791435280001, 24.595363169000166 ], [ 90.879109779000089, 24.595363366000072 ], [ 90.878886737000073, 24.595364668 ], [ 90.878393224000035, 24.595412704000069 ], [ 90.87789964600006, 24.595451705000016 ], [ 90.877540167000063, 24.59544665500016 ], [ 90.877445259000183, 24.595445322000103 ], [ 90.877176168000062, 24.595412747000182 ], [ 90.877089387000069, 24.595402242000091 ], [ 90.876782836000189, 24.595349842000019 ], [ 90.876367268000081, 24.595243891000052 ], [ 90.876199428000064, 24.595253898000067 ], [ 90.876022340000134, 24.59535427000003 ], [ 90.875963583000157, 24.595426858 ], [ 90.875934958000187, 24.595571518000099 ], [ 90.875916085000142, 24.595698063000157 ], [ 90.875857519000078, 24.595797742000173 ], [ 90.875798635000194, 24.595852269000147 ], [ 90.875710059000141, 24.5958979400001 ], [ 90.875562098000103, 24.595925894000118 ], [ 90.875324870000156, 24.595900180000115 ], [ 90.875137152000093, 24.595892241000058 ], [ 90.874860104000106, 24.59582160399998 ], [ 90.874513795000098, 24.595733308000149 ], [ 90.874187239000094, 24.595644893000042 ], [ 90.873811488000172, 24.595583860000033 ], [ 90.873594139000033, 24.59557608900019 ], [ 90.873396169000046, 24.595514023000021 ], [ 90.873243725000179, 24.595468542000106 ], [ 90.873128939000139, 24.595434295000189 ], [ 90.872964950000153, 24.595422214000166 ], [ 90.872901652000053, 24.595417551000025 ], [ 90.872684868000078, 24.595491053999979 ], [ 90.87257691200017, 24.595591020000086 ], [ 90.872429953, 24.595763459000068 ], [ 90.872263052000164, 24.595908920000113 ], [ 90.872105588000068, 24.59599111000017 ], [ 90.87195756400007, 24.596010029000013 ], [ 90.871779719000017, 24.596002027999987 ], [ 90.871661138000093, 24.595993684 ], [ 90.871502862000114, 24.595958479000046 ], [ 90.871265261000076, 24.595878574999972 ], [ 90.870988278000198, 24.595816961000025 ], [ 90.870761114000061, 24.59581827500017 ], [ 90.870327230000044, 24.595920124000145 ], [ 90.870031242000039, 24.595966989000033 ], [ 90.869774011000175, 24.595905260000166 ], [ 90.869566043000191, 24.595825183000045 ], [ 90.869348444000025, 24.595781285000101 ], [ 90.869200357000125, 24.595791173000066 ], [ 90.869082087000095, 24.595827977000056 ], [ 90.869003386000088, 24.595873588000018 ], [ 90.868905305000055, 24.595973491000052 ], [ 90.86877765700018, 24.596082600000102 ], [ 90.868630753000105, 24.596264065000071 ], [ 90.868335761000196, 24.596455417000129 ], [ 90.868070211000088, 24.596619504000103 ], [ 90.86774490300013, 24.596711686999981 ], [ 90.867695658000059, 24.59671572600007 ], [ 90.867626444000052, 24.596721402000185 ], [ 90.867468416000122, 24.596722311000178 ], [ 90.867329830000187, 24.596677957000054 ], [ 90.867151616000172, 24.59661576700006 ], [ 90.866963148000195, 24.596499451000057 ], [ 90.866794250000112, 24.59635592800015 ], [ 90.866644857000097, 24.596176171000081 ], [ 90.866414770000119, 24.595753044 ], [ 90.866294824000136, 24.5955460240001 ], [ 90.866185620000181, 24.595465373000081 ], [ 90.866086729000074, 24.595447880000165 ], [ 90.86597821100014, 24.59546656800012 ], [ 90.865820244000133, 24.595476504000032 ], [ 90.865781175000052, 24.59553994700002 ], [ 90.865654330000098, 24.595766449000109 ], [ 90.8655865610001, 24.59596551900006 ], [ 90.865577926000185, 24.596146185000123 ], [ 90.865629109000054, 24.596407787000089 ], [ 90.865641783000058, 24.596814105000135 ], [ 90.865674273000081, 24.597229340000126 ], [ 90.865696757000137, 24.597626568000123 ], [ 90.865778942000134, 24.598086674000172 ], [ 90.865798101000166, 24.598516249000113 ], [ 90.865802298000062, 24.598610331000089 ], [ 90.86585516700012, 24.59891190400009 ], [ 90.865863981000132, 24.59896218200015 ], [ 90.865914360000147, 24.599106385000084 ], [ 90.866024124000148, 24.59926831000007 ], [ 90.866183771000124, 24.599502195000127 ], [ 90.86630322700006, 24.599636972000042 ], [ 90.866393239000047, 24.599799010000083 ], [ 90.866423803000089, 24.599934297 ], [ 90.86640485800001, 24.600051808000046 ], [ 90.866346529000111, 24.60018760700018 ], [ 90.866258444000152, 24.600305515000173 ], [ 90.866140853000104, 24.600441654000178 ], [ 90.86596362400013, 24.600523954000039 ], [ 90.865766768000185, 24.600624425000092 ], [ 90.865520464000042, 24.600716150000153 ], [ 90.865274344000113, 24.600834967000083 ], [ 90.865166133000116, 24.600898807000078 ], [ 90.864910199000064, 24.601026707000187 ], [ 90.864871125000036, 24.601090149000072 ], [ 90.864772913000081, 24.601171992 ], [ 90.86462519100013, 24.601236057000051 ], [ 90.864486975000034, 24.601245882000114 ], [ 90.864269803000013, 24.601265190000106 ], [ 90.864072137, 24.601248264000105 ], [ 90.863815520000173, 24.601276829000085 ], [ 90.863430437000034, 24.601297102000046 ], [ 90.863242525000146, 24.60126205500012 ], [ 90.862995287000103, 24.601218318000122 ], [ 90.862728050000101, 24.601138572000082 ], [ 90.862539704000142, 24.60104031100002 ], [ 90.862172766000185, 24.600825673000031 ], [ 90.861894971000197, 24.600646644000051 ], [ 90.861508655000193, 24.600486301000046 ], [ 90.861251049000032, 24.600370373000032 ], [ 90.861023320000072, 24.600290398000084 ], [ 90.86077590300016, 24.600219564000099 ], [ 90.860519115000045, 24.600223291000134 ], [ 90.860360325000045, 24.600113572 ], [ 90.860222049000129, 24.600114360000077 ], [ 90.860074079000128, 24.600142297000161 ], [ 90.859926109000185, 24.600170238000089 ], [ 90.859856724, 24.600134510000146 ], [ 90.859687826000084, 24.599990979999973 ], [ 90.859519115000069, 24.599874542000123 ], [ 90.859241388999976, 24.599704542000097 ], [ 90.858933847000117, 24.59950761500005 ], [ 90.85885573000013, 24.59944060700019 ], [ 90.858735137000053, 24.599337162000097 ], [ 90.858506675000115, 24.599148816000138 ], [ 90.85828228500003, 24.599056571000062 ], [ 90.85815999700003, 24.599006299000166 ], [ 90.85769473300013, 24.598855424000192 ], [ 90.857447745000115, 24.598736055000188 ], [ 90.857288427000071, 24.598659058000123 ], [ 90.856991199000163, 24.59852528600004 ], [ 90.856684400000063, 24.59843672400018 ], [ 90.856506186000104, 24.598374522000029 ], [ 90.856416557000045, 24.598266660000149 ], [ 90.85640563600009, 24.598113199000124 ], [ 90.856433791000029, 24.597896297000148 ], [ 90.856540346000088, 24.597588640000026 ], [ 90.856598806000136, 24.597470903000101 ], [ 90.85667689800016, 24.597334996000143 ], [ 90.856676407000066, 24.59726275100013 ], [ 90.856577517000062, 24.597245254000029 ], [ 90.856143983000038, 24.597401244000139 ], [ 90.855553218000125, 24.59767553000006 ], [ 90.85481423400006, 24.5979416240001 ], [ 90.854469590000178, 24.598097106000125 ], [ 90.853750109000032, 24.598326962000158 ], [ 90.853444600000103, 24.598428035999973 ], [ 90.853218226000195, 24.598546720000058 ], [ 90.853050870000175, 24.598628947000179 ], [ 90.852942529000188, 24.598674715000072 ], [ 90.852834006000194, 24.598693390000108 ], [ 90.852744627000163, 24.598621650000041 ], [ 90.852714077000144, 24.598486359000105 ], [ 90.852613166000197, 24.598170848000052 ], [ 90.852602187000116, 24.598008355 ], [ 90.852581697000176, 24.5979001 ], [ 90.85251195100011, 24.597810185000128 ], [ 90.852442140000107, 24.597711241000127 ], [ 90.852421468000159, 24.597575893999988 ], [ 90.852430244000175, 24.597413287000165 ], [ 90.852399329000036, 24.597223813000085 ], [ 90.852339213, 24.597097721000125 ], [ 90.852189409000061, 24.596854735000136 ], [ 90.852048424000031, 24.596727413000053 ], [ 90.851970777000076, 24.596657292000032 ], [ 90.851898193000125, 24.596583009000028 ], [ 90.851821586000085, 24.596504610000181 ], [ 90.851763507000157, 24.596455077000087 ], [ 90.851717026000131, 24.596415433000175 ], [ 90.851642764000189, 24.596352096000032 ], [ 90.851548792000074, 24.596295580000117 ], [ 90.851434498, 24.596226840000099 ], [ 90.851265800000078, 24.596110394000107 ], [ 90.851066983000067, 24.595921867000015 ], [ 90.85073867300008, 24.595571517000167 ], [ 90.850627770000074, 24.595237999000119 ], [ 90.850582197000108, 24.594989426000041 ], [ 90.850576496000087, 24.594958331000043 ], [ 90.850535892000096, 24.594796004000045 ], [ 90.850540763000083, 24.594694830000037 ], [ 90.850573650000058, 24.594628717000148 ], [ 90.850593745000197, 24.594587964000084 ], [ 90.850731348000124, 24.594487848000142 ], [ 90.850784411000177, 24.59446851600012 ], [ 90.850722610000105, 24.59441580400005 ], [ 90.850514348000104, 24.594290547000071 ], [ 90.850345654000193, 24.594174100000089 ], [ 90.850146841000139, 24.593985572000122 ], [ 90.849818539000182, 24.593635220000124 ], [ 90.849707641000066, 24.59330170000004 ], [ 90.849656369000058, 24.593022031000089 ], [ 90.849615767000103, 24.592859705000137 ], [ 90.849620639000136, 24.592758530000026 ], [ 90.849653526000111, 24.59269241800007 ], [ 90.849669526000184, 24.592659969000124 ], [ 90.849811223000074, 24.592551550000167 ], [ 90.850264440000046, 24.592386433000058 ], [ 90.850450810000154, 24.592195731000118 ], [ 90.850715459000128, 24.591896216000123 ], [ 90.850900363000164, 24.591488780000134 ], [ 90.850938911000128, 24.591417185000182 ], [ 90.850062170000172, 24.591109216000177 ], [ 90.849341971000172, 24.59085622900011 ], [ 90.848439492000182, 24.590215603000047 ], [ 90.847149854000065, 24.58857263200008 ], [ 90.846518078000031, 24.587767744000075 ], [ 90.846091740000077, 24.586970902000076 ], [ 90.845835696000051, 24.586134166000136 ], [ 90.845824141000094, 24.586096405000092 ], [ 90.84572796700013, 24.585996914000134 ], [ 90.845409543000073, 24.585667504000071 ], [ 90.845088608000083, 24.585673822000047 ], [ 90.844696819000035, 24.585976299000095 ], [ 90.844059631999983, 24.586135655000135 ], [ 90.843814249000047, 24.585994792000122 ], [ 90.843327245000069, 24.585335366000095 ], [ 90.843228083000042, 24.585201095000116 ], [ 90.843059609000136, 24.584653408000179 ], [ 90.843049503000032, 24.584619599000121 ], [ 90.843128012000193, 24.584544654000069 ], [ 90.843090043000188, 24.584296339000048 ], [ 90.843069004000085, 24.584158741000181 ], [ 90.842826554000112, 24.582573078000166 ], [ 90.842574158000048, 24.582213251000155 ], [ 90.842396191000148, 24.581629494000083 ], [ 90.84198927500006, 24.58117720600012 ], [ 90.84181412300012, 24.580982521000124 ], [ 90.841573435999976, 24.580988380000122 ], [ 90.841425749000109, 24.581130089000055 ], [ 90.840413217, 24.582405945000119 ], [ 90.839230197000177, 24.583092122000153 ], [ 90.838829659000112, 24.583101125999974 ], [ 90.838080907000119, 24.583283657000095 ], [ 90.836200726000072, 24.583745657000122 ], [ 90.834916280000016, 24.583864246000076 ], [ 90.834119367000085, 24.583937817000049 ], [ 90.833321708000085, 24.584100275000139 ], [ 90.833275023000056, 24.584134399000106 ], [ 90.833042194000029, 24.584302761 ], [ 90.833007791000114, 24.584327785000141 ], [ 90.832786523000095, 24.584283856000127 ], [ 90.832588527000098, 24.584212702000116 ], [ 90.832075103000079, 24.584233600000061 ], [ 90.831001719000085, 24.584348043000034 ], [ 90.830061270000158, 24.584371147000184 ], [ 90.829468243000179, 24.584302166000043 ], [ 90.829182150000065, 24.584270302000107 ], [ 90.827795932000129, 24.584115900000086 ], [ 90.827763976000142, 24.584223602000122 ], [ 90.827559607000182, 24.584935592000079 ], [ 90.827368065000144, 24.585611669000116 ], [ 90.826980778000177, 24.586324662999971 ], [ 90.826573496000037, 24.586978029000022 ], [ 90.825909319000061, 24.587310226000056 ], [ 90.8248009940001, 24.587656800000161 ], [ 90.824082396000165, 24.58766073400011 ], [ 90.824024769000118, 24.587659122000161 ], [ 90.823891244000151, 24.587655386000051 ], [ 90.823546597000131, 24.587645744000156 ], [ 90.822185844000103, 24.587354495000113 ], [ 90.821367622000082, 24.587108066000042 ], [ 90.821183733000055, 24.586959727000135 ], [ 90.821123770000156, 24.586780844000145 ], [ 90.821036080000169, 24.586357191 ], [ 90.820684823000136, 24.586007364000125 ], [ 90.820627977000072, 24.585950749000119 ], [ 90.820864681000103, 24.586016922 ], [ 90.821207395000044, 24.585563505000039 ], [ 90.821499226000128, 24.584974897000052 ], [ 90.821495354000149, 24.584475957000166 ], [ 90.821786299000166, 24.583751891000077 ], [ 90.821783941000149, 24.583390663000046 ], [ 90.821831229000168, 24.583164632000091 ], [ 90.822074881000049, 24.582666598000117 ], [ 90.822118912000064, 24.581941623000034 ], [ 90.822195296000189, 24.581616114000042 ], [ 90.822275445000116, 24.581274555000107 ], [ 90.822309885000152, 24.581127791000029 ], [ 90.822402422000096, 24.580269341000076 ], [ 90.822343539000087, 24.579003067000087 ], [ 90.822142466000059, 24.578552615000149 ], [ 90.821893196000019, 24.578283046000138 ], [ 90.820699824000087, 24.577296144000172 ], [ 90.820201620000034, 24.576711844000158 ], [ 90.819951478000121, 24.576306812000041 ], [ 90.819898838000029, 24.575900702000183 ], [ 90.819946451000192, 24.575629512000148 ], [ 90.820239737000122, 24.575266676000126 ], [ 90.820366267000111, 24.574912533000031 ], [ 90.820385219000059, 24.574859488000186 ], [ 90.820473225000057, 24.574441327000159 ], [ 90.820528316000093, 24.574181384000042 ], [ 90.820424818000049, 24.57354752100008 ], [ 90.8201743850002, 24.573097335000114 ], [ 90.820035032000135, 24.572924819000093 ], [ 90.819774919000167, 24.572602804000155 ], [ 90.81972272400003, 24.57254890300004 ], [ 90.819376662000195, 24.572198575000016 ], [ 90.818831751000118, 24.572020919000067 ], [ 90.817839523000089, 24.571486707000076 ], [ 90.817193233000069, 24.570903199000156 ], [ 90.816945160999978, 24.570814234000125 ], [ 90.816746494000142, 24.570634689000144 ], [ 90.816598371000055, 24.570635493 ], [ 90.816366532000188, 24.570461292000061 ], [ 90.816300047000084, 24.570411334000028 ], [ 90.815903856000091, 24.570323171000098 ], [ 90.815656109000088, 24.57018904600011 ], [ 90.815507951000086, 24.570172950000028 ], [ 90.815260208000097, 24.570146035 ], [ 90.815156175000141, 24.57008735200003 ], [ 90.814863758000172, 24.56992240500017 ], [ 90.814808560000074, 24.569908974000043 ], [ 90.814319154000032, 24.569789882000123 ], [ 90.814021128000093, 24.569610873000158 ], [ 90.81367285400006, 24.569296669000096 ], [ 90.813522402000046, 24.568936242 ], [ 90.813316970000074, 24.567898784000135 ], [ 90.813066286000151, 24.567403431000116 ], [ 90.811820771000043, 24.566055493000135 ], [ 90.810479190000137, 24.565024149000067 ], [ 90.809980464000091, 24.564439813000035 ], [ 90.809929642000156, 24.564214311000057 ], [ 90.810406986000032, 24.563706893000131 ], [ 90.810741301000064, 24.563351512000168 ], [ 90.813391697000156, 24.560534013000165 ], [ 90.813605563000067, 24.560306655000034 ], [ 90.813997010000037, 24.559760423000114 ], [ 90.813993186000062, 24.559263737000038 ], [ 90.814196258000038, 24.55885879900012 ], [ 90.814333780000197, 24.558584572000086 ], [ 90.814331413000104, 24.558313651000105 ], [ 90.814518419000137, 24.557788086000073 ], [ 90.814619566000033, 24.55750381900009 ], [ 90.814619410000034, 24.557135806000133 ], [ 90.814466603000085, 24.556504460000099 ], [ 90.814399114000082, 24.556383408000045 ], [ 90.814215611000122, 24.556054264000124 ], [ 90.814013256000123, 24.555872478000026 ], [ 90.813171528000112, 24.555111643000032 ], [ 90.812872955000046, 24.554842324000049 ], [ 90.812724561000039, 24.554797967000013 ], [ 90.812220346000117, 24.554323157000169 ], [ 90.812033174000078, 24.554146899000159 ], [ 90.811580276000086, 24.55372040900005 ], [ 90.810780416000171, 24.552460369000073 ], [ 90.81077925500017, 24.55227975300005 ], [ 90.810224467000126, 24.550837769999987 ], [ 90.80982515200003, 24.550252900000089 ], [ 90.809576255000138, 24.550028459000089 ], [ 90.808880169000076, 24.54935486800008 ], [ 90.80857926800013, 24.548814619000041 ], [ 90.808711769000183, 24.548543783000184 ], [ 90.808822911000107, 24.548316605000025 ], [ 90.809265156000038, 24.547995886000081 ], [ 90.809412672000178, 24.54790478700005 ], [ 90.809610134000138, 24.547903724999969 ], [ 90.810397074000093, 24.547447945000101 ], [ 90.810740597000176, 24.547130011000093 ], [ 90.810885447000089, 24.546720578000077 ], [ 90.810783491000166, 24.546314728000027 ], [ 90.810534635000181, 24.545999982000126 ], [ 90.810483494000152, 24.545819634000111 ], [ 90.810224884000036, 24.545496503000095 ], [ 90.809898753000141, 24.545089003000157 ], [ 90.809835308000117, 24.545010323000042 ], [ 90.809784493000109, 24.544784821 ], [ 90.809384580000142, 24.544199950000063 ], [ 90.809383421000121, 24.544019335000087 ], [ 90.809232976000033, 24.543749210000044 ], [ 90.8093209110001, 24.542258616000026 ], [ 90.809464024000135, 24.541578261000097 ], [ 90.809258967000176, 24.540585946000135 ], [ 90.808959861000119, 24.540226309000161 ], [ 90.8087589000001, 24.539775833000192 ], [ 90.808162759000027, 24.539282322000133 ], [ 90.807497387000069, 24.539008373000115 ], [ 90.806860329000131, 24.538746077999974 ], [ 90.806528216000061, 24.538704052000071 ], [ 90.806380709000052, 24.538795155000059 ], [ 90.806232927000053, 24.538843358000065 ], [ 90.806036920000111, 24.539070181000056 ], [ 90.805990774000179, 24.539476825000122 ], [ 90.806635114000017, 24.539789468000151 ], [ 90.807083745000114, 24.540374084000064 ], [ 90.807085805000099, 24.540599850000092 ], [ 90.807185686000139, 24.540779938000071 ], [ 90.807103596000047, 24.542995244 ], [ 90.806862884000054, 24.54385448000005 ], [ 90.806470283000181, 24.5442178240001 ], [ 90.806322481, 24.544263768000178 ], [ 90.805828554000072, 24.544221254000036 ], [ 90.80563048300013, 24.544222312000102 ], [ 90.805483873000071, 24.544358563000117 ], [ 90.805435675000183, 24.544541698000103 ], [ 90.805190298000014, 24.544768784000041 ], [ 90.804649310000059, 24.545087759000069 ], [ 90.804302990000167, 24.545208663000096 ], [ 90.804255261000037, 24.545225327000082 ], [ 90.803859442000032, 24.545182283000031 ], [ 90.803362595000067, 24.544778534000159 ], [ 90.803209573, 24.544102019000036 ], [ 90.803008340000133, 24.543606384000157 ], [ 90.803005713, 24.543290312000124 ], [ 90.802699966000034, 24.54198243400009 ], [ 90.802078187, 24.541128666000134 ], [ 90.801651695000089, 24.540543041000092 ], [ 90.801650534000089, 24.54036016800012 ], [ 90.801551234000044, 24.540270385999975 ], [ 90.801399663000041, 24.539819637999983 ], [ 90.801239980000048, 24.538285206000069 ], [ 90.801138631000072, 24.53796965600003 ], [ 90.80107972400009, 24.536660464000079 ], [ 90.801175233000095, 24.536251302000153 ], [ 90.801338130000147, 24.536035772000105 ], [ 90.801517890000127, 24.535797928000136 ], [ 90.801566106, 24.535617049000166 ], [ 90.802250794000031, 24.534710303000111 ], [ 90.802545217000102, 24.534435546 ], [ 90.802543741000193, 24.53430008800018 ], [ 90.803524615000129, 24.533301449000078 ], [ 90.803741406000086, 24.532942395000191 ], [ 90.803963617000079, 24.532574366000063 ], [ 90.804010057000198, 24.532212875000084 ], [ 90.804204332000154, 24.531715129000077 ], [ 90.804200550000019, 24.531218442000124 ], [ 90.804048405000174, 24.530677387000026 ], [ 90.803994691000128, 24.530090656000084 ], [ 90.803854875000127, 24.529808198000126 ], [ 90.80379405400015, 24.529685326999981 ], [ 90.802408783000033, 24.529376612000135 ], [ 90.802261958000031, 24.529327171000034 ], [ 90.80170426400008, 24.529139372000031 ], [ 90.801616718000105, 24.529109892000065 ], [ 90.801149225000074, 24.528848217000188 ], [ 90.800575244000129, 24.528528404000099 ], [ 90.800470947000065, 24.528450230000033 ], [ 90.800871173000189, 24.528013064000106 ], [ 90.801080237000065, 24.526734054000144 ], [ 90.801948057000118, 24.523873367000135 ], [ 90.802174581000031, 24.522661032000144 ], [ 90.802205227000059, 24.52249701500017 ], [ 90.802623714000106, 24.521361388000059 ], [ 90.802966658000059, 24.520959939000136 ], [ 90.803512252000132, 24.520507738000106 ], [ 90.803871675000096, 24.520368935000079 ], [ 90.804233941000064, 24.520229031999975 ], [ 90.804318479000131, 24.52019638500002 ], [ 90.804894115000138, 24.52018361100005 ], [ 90.804922427000179, 24.520182982999984 ], [ 90.805389970000022, 24.520172607 ], [ 90.805427795000071, 24.520174546000078 ], [ 90.807385224000086, 24.52027483400002 ], [ 90.808153837000191, 24.520354257000122 ], [ 90.808968412000183, 24.520288933000074 ], [ 90.809677469000121, 24.520124826000085 ], [ 90.810684143000117, 24.519710767 ], [ 90.810735363999981, 24.519667358000049 ], [ 90.811280718000035, 24.519443043000081 ], [ 90.811502645000189, 24.519351759000131 ], [ 90.811800242000174, 24.519099544000142 ], [ 90.811951244000056, 24.51888424200007 ], [ 90.812042940000197, 24.518752800000073 ], [ 90.812125412000114, 24.518434010000135 ], [ 90.812132640000129, 24.518406878 ], [ 90.812102608000146, 24.517573922000054 ], [ 90.811973905000059, 24.516843099000027 ], [ 90.811903950000044, 24.51488598800006 ], [ 90.811977249000165, 24.514099890000182 ], [ 90.812417286000084, 24.513551144000076 ], [ 90.812823456000103, 24.513492509000116 ], [ 90.813170070000183, 24.51319036100017 ], [ 90.813313137000023, 24.512893822000024 ], [ 90.813283112000136, 24.512063125000168 ], [ 90.813460343000145, 24.511323877999985 ], [ 90.813432474000081, 24.510540583000136 ], [ 90.81329136800008, 24.509728665000068 ], [ 90.813110239000139, 24.50868643299998 ], [ 90.813071233000073, 24.507609683000112 ], [ 90.81289721800016, 24.507025861000102 ], [ 90.812682527000106, 24.506735762000176 ], [ 90.81272691200013, 24.50653909600004 ], [ 90.812617712000133, 24.506345517000113 ], [ 90.812482205000038, 24.505418303000113 ], [ 90.812524419000169, 24.505171977000032 ], [ 90.812663095000062, 24.504981915000087 ], [ 90.813154843000063, 24.50448112000015 ], [ 90.813815226000088, 24.504164830999969 ], [ 90.814524189000053, 24.504000707000102 ], [ 90.814781089000178, 24.504044476000047 ], [ 90.815135107000174, 24.503938707000088 ], [ 90.815375773000198, 24.503933535000044 ], [ 90.815696382000169, 24.503926644000103 ], [ 90.816098812000064, 24.503770939999981 ], [ 90.81619746500013, 24.503668806000064 ], [ 90.816190660000188, 24.503474675000064 ], [ 90.815859947000092, 24.502794618000053 ], [ 90.81584749000001, 24.502459891000115 ], [ 90.815965953000159, 24.502332731000081 ], [ 90.816192283000078, 24.502101943000184 ], [ 90.816593151000177, 24.501896576000149 ], [ 90.816834248000134, 24.501500160000035 ], [ 90.817340602000115, 24.501391305000027 ], [ 90.817586949000145, 24.501139359000149 ], [ 90.817623901000047, 24.500748565000094 ], [ 90.817513144000031, 24.500505325000063 ], [ 90.817506364000167, 24.500296812000158 ], [ 90.81739739, 24.500044470000034 ], [ 90.81738685800002, 24.499751017 ], [ 90.817684399000029, 24.499498790000189 ], [ 90.818092075000038, 24.499489809000067 ], [ 90.818746528000077, 24.499702615000103 ], [ 90.819642401000067, 24.49999391700004 ], [ 90.821461140000167, 24.50155318200018 ], [ 90.821735075, 24.501371071000108 ], [ 90.821969163000176, 24.500848249 ], [ 90.822299861000033, 24.500573256999985 ], [ 90.822838208000064, 24.500452923000182 ], [ 90.822925151000049, 24.500447932000043 ], [ 90.822989404000168, 24.500463387000138 ], [ 90.823528443000043, 24.500449159000027 ], [ 90.824616388000095, 24.500705121000067 ], [ 90.826114884000106, 24.500918193000132 ], [ 90.827291414000115, 24.501135269000144 ], [ 90.828780029000086, 24.501251280000076 ], [ 90.828989232000083, 24.501358507000134 ], [ 90.829135833000066, 24.501703139000028 ], [ 90.829161590000126, 24.501952314000164 ], [ 90.829251759000044, 24.502824613000143 ], [ 90.829616124000097, 24.504391760000033 ], [ 90.829600771000116, 24.504777919999981 ], [ 90.829486649000103, 24.504965941000023 ], [ 90.829102292000186, 24.50524124400016 ], [ 90.828990326000167, 24.505381839000165 ], [ 90.828982480000036, 24.505570257000102 ], [ 90.829004514000076, 24.505606920000048 ], [ 90.829083255000114, 24.505724508000185 ], [ 90.829158414000062, 24.505777030000047 ], [ 90.829602580000198, 24.506087413999978 ], [ 90.830129269000167, 24.506256110000095 ], [ 90.830503510000142, 24.506224698000153 ], [ 90.830714861000104, 24.506282238000097 ], [ 90.83082243500013, 24.506388670000035 ], [ 90.830971301000034, 24.506535955000061 ], [ 90.831213009000123, 24.507175828000186 ], [ 90.831248372000118, 24.507423703000143 ], [ 90.831284689000199, 24.507678259999977 ], [ 90.831421895000176, 24.508639965000043 ], [ 90.831518927000047, 24.508969154000056 ], [ 90.831537710000077, 24.509100808000085 ], [ 90.831615004000071, 24.509363038000117 ], [ 90.831641825000077, 24.509812794000027 ], [ 90.831690641000023, 24.510045715000047 ], [ 90.832001039000147, 24.51152671400007 ], [ 90.832031266000058, 24.511579175000065 ], [ 90.832116858000063, 24.511987556 ], [ 90.832316554000045, 24.512334149000026 ], [ 90.832461004000095, 24.512441725000031 ], [ 90.832523620000131, 24.512488794000092 ], [ 90.832944206000093, 24.51265354800006 ], [ 90.833739051000066, 24.51278688300016 ], [ 90.833948259000124, 24.512891842000045 ], [ 90.834178725000186, 24.513197241 ], [ 90.834215904000189, 24.513514864000115 ], [ 90.834147496000185, 24.513899063000167 ], [ 90.834143522000033, 24.515353083000036 ], [ 90.834260212000117, 24.515499372000136 ], [ 90.834259353000107, 24.515813923000167 ], [ 90.835021405000134, 24.516769255000156 ], [ 90.835846658000094, 24.517484913000033 ], [ 90.835975366000071, 24.517653821000181 ], [ 90.835998677000134, 24.518345638000142 ], [ 90.835958363000032, 24.518628705000026 ], [ 90.835846017000108, 24.519417547999979 ], [ 90.835703904000184, 24.520415378000109 ], [ 90.835461590000193, 24.522489342000142 ], [ 90.835407068000166, 24.522833769000101 ], [ 90.835305961000017, 24.523472486000117 ], [ 90.835248394000132, 24.523836147999987 ], [ 90.835130586000162, 24.52412127600013 ], [ 90.834850809000045, 24.5244502 ], [ 90.834416995000197, 24.524624189000122 ], [ 90.833297176000031, 24.52462134700005 ], [ 90.832663876000197, 24.524769785999979 ], [ 90.832596764000129, 24.524785515000133 ], [ 90.832321256000057, 24.525015068000016 ], [ 90.832101125000065, 24.525334178000151 ], [ 90.832077713000103, 24.525778396000135 ], [ 90.832205647000194, 24.526009664000071 ], [ 90.832193487000097, 24.526240375999976 ], [ 90.832442614000172, 24.526688294999985 ], [ 90.832983208000144, 24.526893025000049 ], [ 90.833020315000113, 24.526906367000095 ], [ 90.833880603000068, 24.52675260400008 ], [ 90.834519366000052, 24.526780679000183 ], [ 90.834884772000066, 24.526990887000181 ], [ 90.835247409000146, 24.527248521 ], [ 90.835745692999978, 24.528144348000126 ], [ 90.836259301000041, 24.528651754 ], [ 90.836677792000103, 24.528863923000074 ], [ 90.837478555000189, 24.528850446000092 ], [ 90.837966986000197, 24.528630990000067 ], [ 90.83824569799998, 24.528419470000188 ], [ 90.838627529000064, 24.528128355000149 ], [ 90.839129734000153, 24.527567895000118 ], [ 90.839420559000132, 24.526952168999969 ], [ 90.839388622000058, 24.52641726100012 ], [ 90.839295661000108, 24.526339969000162 ], [ 90.839272762000064, 24.525956426000107 ], [ 90.838962558000162, 24.525698508000119 ], [ 90.83822071600008, 24.525569424000082 ], [ 90.837433768000153, 24.525244161000046 ], [ 90.837161979000143, 24.524858861000155 ], [ 90.837080003000096, 24.524742647000153 ], [ 90.837041631000091, 24.524352266000108 ], [ 90.837213120000172, 24.524069094000083 ], [ 90.837315423, 24.523984145000099 ], [ 90.837599068000145, 24.523748611000144 ], [ 90.838247933000105, 24.523535035000066 ], [ 90.838412973000061, 24.523396394000031 ], [ 90.83855536700014, 24.523125287000084 ], [ 90.838586613000075, 24.523065797000129 ], [ 90.838409767000144, 24.522583290999989 ], [ 90.838297576, 24.522277187999975 ], [ 90.837876219000066, 24.521651088000056 ], [ 90.83779348700017, 24.52152815400018 ], [ 90.837749904000191, 24.521282300000109 ], [ 90.837832098000035, 24.520559361000039 ], [ 90.838276916000098, 24.520094050000182 ], [ 90.839916337000091, 24.519102809000174 ], [ 90.840476305000095, 24.518977774 ], [ 90.840627856000083, 24.518945321000103 ], [ 90.8408909380002, 24.518891926000038 ], [ 90.841256229000123, 24.518901178000078 ], [ 90.841410892000056, 24.518965789 ], [ 90.841675430000066, 24.519131390000098 ], [ 90.841682774000162, 24.519524291000039 ], [ 90.841692687000034, 24.52005471700005 ], [ 90.841510182000093, 24.520626945000117 ], [ 90.84136544, 24.521589556000094 ], [ 90.841507700000079, 24.521874842000102 ], [ 90.841481304000183, 24.522050390000061 ], [ 90.841678905000094, 24.522446653000088 ], [ 90.841883355000164, 24.522648879000087 ], [ 90.842757060000054, 24.523513068999989 ], [ 90.84374959000013, 24.524042610000038 ], [ 90.84475804200008, 24.524183720000167 ], [ 90.845864698000128, 24.524525215000097 ], [ 90.846809977000134, 24.52490598900016 ], [ 90.847540207000122, 24.525326344 ], [ 90.848005976000195, 24.525687226000059 ], [ 90.84839354200011, 24.526070102000119 ], [ 90.84945127800006, 24.527115024000068 ], [ 90.8496494110002, 24.52731033200007 ], [ 90.850116725000134, 24.527623787000152 ], [ 90.851060509000092, 24.528051952000112 ], [ 90.851573577000067, 24.528561567000111 ], [ 90.851813284000116, 24.529248826000014 ], [ 90.852010944000142, 24.529647331000035 ], [ 90.852268089000177, 24.529901007000092 ], [ 90.852530417000196, 24.53000789500004 ], [ 90.852811247000147, 24.530022112000097 ], [ 90.852850131000196, 24.530024150000088 ], [ 90.853121930000043, 24.529889408000088 ], [ 90.854057889000103, 24.5291571140001 ], [ 90.855271887000185, 24.527992463000089 ], [ 90.855328179000026, 24.528050395000093 ], [ 90.855704607000121, 24.52796923700015 ], [ 90.856075860000033, 24.528034863000073 ], [ 90.857941236000158, 24.528069422000158 ], [ 90.858901948000096, 24.528260827000111 ], [ 90.859472273999984, 24.528476131000161 ], [ 90.860357232000069, 24.529049069000109 ], [ 90.861507590000031, 24.529634034000139 ], [ 90.863154893000171, 24.529805236000072 ], [ 90.86429580000015, 24.530629554000086 ], [ 90.865077685000074, 24.531101456000044 ], [ 90.865747008000142, 24.531713980000063 ], [ 90.865896796000072, 24.531783112000142 ], [ 90.866323274000194, 24.531981601000098 ], [ 90.867382755000051, 24.53217419300006 ], [ 90.867690872000196, 24.532477217000064 ], [ 90.868421211000168, 24.532897468000101 ], [ 90.86945452000009, 24.533767519999969 ], [ 90.870300734000125, 24.534242490000054 ], [ 90.870394162000082, 24.534294928000122 ], [ 90.870551882000143, 24.534350460999974 ], [ 90.870820039000193, 24.534315049000099 ], [ 90.871040895000192, 24.534130894000043 ], [ 90.871255922000103, 24.53401864000017 ], [ 90.871891667000057, 24.533686747000161 ], [ 90.872239129000036, 24.533505350000155 ], [ 90.872408235000194, 24.533423092000078 ], [ 90.872728427000197, 24.53326741300009 ], [ 90.874523005000185, 24.532394861 ], [ 90.874892002000081, 24.532042772000125 ], [ 90.875298995000094, 24.53165433700002 ], [ 90.876037100000133, 24.530523439999968 ], [ 90.876274731000137, 24.529376650000131 ], [ 90.876365446000136, 24.528938857000071 ], [ 90.876761333000104, 24.528374381000049 ], [ 90.877001023000048, 24.527706952000187 ], [ 90.877367830000082, 24.526510474000133 ], [ 90.877886581000098, 24.525516308000135 ], [ 90.878215695000165, 24.525288618000104 ], [ 90.878695230000176, 24.525310660000173 ], [ 90.879071634000013, 24.525229447000072 ], [ 90.879184044999988, 24.52513591200011 ], [ 90.879402264000191, 24.524954335000075 ], [ 90.879503048, 24.523745856000176 ], [ 90.879683864000071, 24.523221004999982 ], [ 90.879957756000181, 24.523038791000033 ], [ 90.881073910000168, 24.523138388000177 ], [ 90.881988683000088, 24.522936621000099 ], [ 90.88234017100018, 24.522643164000044 ], [ 90.883753355000067, 24.521463278000169 ], [ 90.883972048000146, 24.52132879200002 ], [ 90.884194831000173, 24.521062875000155 ], [ 90.884363621000091, 24.520861404000073 ], [ 90.88465480900004, 24.520243333 ], [ 90.884740820000161, 24.519860136000034 ], [ 90.884848648000172, 24.519379738000055 ], [ 90.884913014000176, 24.517735726000126 ], [ 90.884870299000113, 24.517449842000076 ], [ 90.884701355000175, 24.51631910600014 ], [ 90.884632358000033, 24.516172992000122 ], [ 90.884585341000161, 24.51585831 ], [ 90.884141989000057, 24.514919431000067 ], [ 90.883854811000106, 24.51408123200008 ], [ 90.883726716000069, 24.513861804000044 ], [ 90.882980957000086, 24.512584296 ], [ 90.882993271000032, 24.512380749000158 ], [ 90.883131576000039, 24.510094672999969 ], [ 90.883003253000197, 24.509837517000051 ], [ 90.883015574000012, 24.509633875000077 ], [ 90.882940659000155, 24.509483747000047 ], [ 90.882768440000177, 24.509138617000133 ], [ 90.882905256000129, 24.509065308000174 ], [ 90.882927863000134, 24.508486094000034 ], [ 90.883545352000169, 24.507690013000172 ], [ 90.883931729000096, 24.50736715 ], [ 90.884366929, 24.507145601000047 ], [ 90.884528878000197, 24.50710401200007 ], [ 90.885272171000167, 24.507185449000133 ], [ 90.88549022300009, 24.507141506000153 ], [ 90.885745265000196, 24.507090107000067 ], [ 90.885863543000028, 24.507066834 ], [ 90.886633543000187, 24.506470784999976 ], [ 90.886971998000035, 24.506001445000095 ], [ 90.887099062000061, 24.505472385000189 ], [ 90.886953242000061, 24.505135707000022 ], [ 90.886983050000197, 24.505011590000152 ], [ 90.886648364000052, 24.504238842000177 ], [ 90.886481080000067, 24.503554677000125 ], [ 90.886463361000096, 24.503036166000129 ], [ 90.886456241000076, 24.502827828000136 ], [ 90.886491671000158, 24.502599864999979 ], [ 90.886540662000186, 24.502284648000114 ], [ 90.886598484, 24.501912606000076 ], [ 90.886674616999983, 24.501334177000103 ], [ 90.887035511000192, 24.500284463000071 ], [ 90.887151660000143, 24.500046718000021 ], [ 90.887427011000113, 24.499817068000027 ], [ 90.887957555000128, 24.499791542000082 ], [ 90.889127010000152, 24.499989944000163 ], [ 90.889182192000078, 24.499942204000092 ], [ 90.890509510000129, 24.5000991980001 ], [ 90.891142580000121, 24.500110090000135 ], [ 90.891978759000096, 24.500124472000095 ], [ 90.892268345000105, 24.500129452000124 ], [ 90.892593668000075, 24.500052984000035 ], [ 90.892967917000078, 24.4999650150001 ], [ 90.893348499000126, 24.499788921000118 ], [ 90.895123983000133, 24.499383299000158 ], [ 90.895723183000143, 24.499070434000089 ], [ 90.895985496000094, 24.499179505000143 ], [ 90.896628367000062, 24.49911021600019 ], [ 90.896749320000197, 24.499115725000024 ], [ 90.897373749999986, 24.49914416900009 ], [ 90.898228266, 24.499282374000018 ], [ 90.898266733000071, 24.49928859500011 ], [ 90.899016428000039, 24.499409841000045 ], [ 90.899965310000198, 24.499695437000014 ], [ 90.900909042000137, 24.500123295000094 ], [ 90.901121924000165, 24.500133313 ], [ 90.901456863000078, 24.500281754000127 ], [ 90.901488870000151, 24.500295939000125 ], [ 90.902176940000061, 24.500422775000175 ], [ 90.90307126200014, 24.5007538320001 ], [ 90.903443948000074, 24.500769665000064 ], [ 90.904628087999981, 24.500482615000124 ], [ 90.905483844000116, 24.500423300000136 ], [ 90.906443721000016, 24.500131933999967 ], [ 90.906951782000078, 24.499714588000074 ], [ 90.907198503000131, 24.498852911000142 ], [ 90.907151173000159, 24.498704182000154 ], [ 90.907180773000107, 24.497929600000191 ], [ 90.907061241000179, 24.497559262000095 ], [ 90.907064697000067, 24.497468822000087 ], [ 90.906826869000099, 24.496731972000077 ], [ 90.906260059000147, 24.496222870000054 ], [ 90.906089365000014, 24.496158965000177 ], [ 90.905524063000144, 24.495947325000031 ], [ 90.904571577000013, 24.49575886700012 ], [ 90.904310776000045, 24.49560238600003 ], [ 90.9042114840002, 24.495484916000066 ], [ 90.904056344000139, 24.495301375000054 ], [ 90.90397801000006, 24.495013194000137 ], [ 90.903869468000096, 24.494613883000056 ], [ 90.903719030000104, 24.494364174000054 ], [ 90.903198055000075, 24.49405120900019 ], [ 90.903055767000012, 24.493881613000042 ], [ 90.903015575000097, 24.493833707000135 ], [ 90.902943613000161, 24.493747933000179 ], [ 90.902863497000112, 24.493066576 ], [ 90.903332480000074, 24.49197328300005 ], [ 90.903786944000046, 24.491266149000182 ], [ 90.903910318000101, 24.490836440000066 ], [ 90.904409968000095, 24.490325456000051 ], [ 90.904792, 24.490099653000073 ], [ 90.906466922000106, 24.489543235000042 ], [ 90.90732835200015, 24.489339381000093 ], [ 90.907708247000016, 24.489160994000144 ], [ 90.908339582000167, 24.489382972000044 ], [ 90.908699265000166, 24.489739789000168 ], [ 90.909049571000196, 24.490335983000136 ], [ 90.909254581000084, 24.490540202000034 ], [ 90.909389226000144, 24.490615062000188 ], [ 90.909724607000101, 24.490801527000087 ], [ 90.910737979000089, 24.490797677000103 ], [ 90.911705538000092, 24.49059993000003 ], [ 90.912355590000061, 24.490336365000132 ], [ 90.912893795000116, 24.49021571000003 ], [ 90.91342626, 24.490239583000118 ], [ 90.914000304000069, 24.490554451000094 ], [ 90.914671760000033, 24.491119336000168 ], [ 90.915095972000131, 24.491184499000155 ], [ 90.915428556000109, 24.490861885000129 ], [ 90.915781938000066, 24.490004059000171 ], [ 90.91597211200019, 24.489844800000071 ], [ 90.916167561000066, 24.489681123000082 ], [ 90.917200235000109, 24.489193956 ], [ 90.9178961140002, 24.489128773000061 ], [ 90.91811259200017, 24.489041660000055 ], [ 90.919255589000159, 24.489818143000093 ], [ 90.920383541000035, 24.490983036999978 ], [ 90.920799934000115, 24.491244652999967 ], [ 90.921328776000166, 24.491363345000025 ], [ 90.92229648700004, 24.491375002000041 ], [ 90.922821557000134, 24.491381324000031 ], [ 90.92292618800019, 24.491434869000102 ], [ 90.924319449999984, 24.491254761000107 ], [ 90.925448888000176, 24.491013040000098 ], [ 90.92653249000017, 24.490577426000129 ], [ 90.927446946000146, 24.490375390999986 ], [ 90.928193765, 24.490359516000183 ], [ 90.928990653000028, 24.490442667000082 ], [ 90.929671485000085, 24.490763591000132 ], [ 90.929922978000036, 24.491161661000035 ], [ 90.930396783000049, 24.492684969000152 ], [ 90.930549388000145, 24.492887222999968 ], [ 90.9307701460001, 24.493024388000038 ], [ 90.930965789000027, 24.493146551000109 ], [ 90.931059080000068, 24.493163475000131 ], [ 90.932025027000122, 24.493338699000049 ], [ 90.932602601000099, 24.493519754000033 ], [ 90.933289321000075, 24.493735021000134 ], [ 90.934082633000173, 24.493915252000079 ], [ 90.934337833000143, 24.493925854000054 ], [ 90.934508362000145, 24.493932937000181 ], [ 90.934769194000069, 24.494089363000171 ], [ 90.935035128000038, 24.494101263000061 ], [ 90.935208756000179, 24.494210164000094 ], [ 90.935452174000091, 24.494362836000164 ], [ 90.936762336000129, 24.494953010000131 ], [ 90.937658661000114, 24.49514218000013 ], [ 90.937926234000145, 24.495198650000191 ], [ 90.937956679000081, 24.495209179000085 ], [ 90.940753438000115, 24.496176437000031 ], [ 90.940978730000097, 24.496254340000121 ], [ 90.941615819000162, 24.496331644000122 ], [ 90.94213689500009, 24.496644474000107 ], [ 90.942357358000152, 24.496657317000029 ], [ 90.942928141000039, 24.496874337 ], [ 90.943616463000126, 24.497332067000059 ], [ 90.944176001000073, 24.49770415200004 ], [ 90.944983992000061, 24.498093349000158 ], [ 90.94517082200008, 24.498183341000129 ], [ 90.946091231000082, 24.498354163000045 ], [ 90.946441836000076, 24.49841923200006 ], [ 90.94654764500018, 24.498438868000051 ], [ 90.94733827500005, 24.498666454000045 ], [ 90.948174436000045, 24.499140747000126 ], [ 90.949243158, 24.499995578000096 ], [ 90.949442536000163, 24.500260734000165 ], [ 90.949548653000193, 24.500591950000057 ], [ 90.94957064200014, 24.500750477000111 ], [ 90.948969410000132, 24.501170730000126 ], [ 90.949415506000094, 24.502019369000095 ], [ 90.949454393000167, 24.502093348000074 ], [ 90.950154522000105, 24.50316135800017 ], [ 90.950208169, 24.503404854000053 ], [ 90.95069318600008, 24.504329723000126 ], [ 90.950908264000134, 24.505204360000107 ], [ 90.95101418600018, 24.505472292999968 ], [ 90.951178035000169, 24.505886749000183 ], [ 90.951662579000129, 24.506418775000157 ], [ 90.953332768000166, 24.508751745000097 ], [ 90.953279207000094, 24.509092996000163 ], [ 90.952470314000038, 24.50997183800007 ], [ 90.95241626100011, 24.51016634400014 ], [ 90.952524197000173, 24.51040949500009 ], [ 90.952362453000092, 24.510557268000184 ], [ 90.952294363000135, 24.510699908000049 ], [ 90.95220030500019, 24.510896947000106 ], [ 90.952200048000066, 24.51119045300004 ], [ 90.95252350200019, 24.511626408000154 ], [ 90.952577415000121, 24.51182248900011 ], [ 90.952415899000073, 24.512164422000069 ], [ 90.952038104000167, 24.512458051000124 ], [ 90.951660939000135, 24.512507842000105 ], [ 90.951175674000069, 24.512702807000153 ], [ 90.950719508000134, 24.512979538000025 ], [ 90.950690539000163, 24.512997111000175 ], [ 90.950313110000081, 24.51334040200004 ], [ 90.949935891000052, 24.513875596000105 ], [ 90.949347893000095, 24.515204688000097 ], [ 90.949180671000079, 24.515582667000047 ], [ 90.949018898000134, 24.515974269000083 ], [ 90.949035829000195, 24.51602057600013 ], [ 90.949072434000129, 24.516120684000043 ], [ 90.948850445000119, 24.516649156000085 ], [ 90.948696395000184, 24.517015889000163 ], [ 90.94847908100013, 24.517533226000069 ], [ 90.948347955000145, 24.518243821000112 ], [ 90.948327162000112, 24.518356502000131 ], [ 90.948317246000158, 24.518410237000069 ], [ 90.947831705000056, 24.518900953000127 ], [ 90.947615863000124, 24.519240966000098 ], [ 90.946915508000188, 24.519633689000045 ], [ 90.946753482000076, 24.519828871000186 ], [ 90.946689887000048, 24.519987096000023 ], [ 90.946673261000115, 24.520028460999981 ], [ 90.946537874000171, 24.520365300000094 ], [ 90.945512945000189, 24.521245462000081 ], [ 90.945189481000114, 24.52187965000013 ], [ 90.945189699000082, 24.522073810000052 ], [ 90.945148748000179, 24.522184745000061 ], [ 90.944865587000095, 24.522951834000025 ], [ 90.944865398, 24.523586252000143 ], [ 90.944810577000169, 24.523857837000094 ], [ 90.945192344000077, 24.524082379000049 ], [ 90.945704097000032, 24.524286882000183 ], [ 90.946028682000133, 24.524316103000046 ], [ 90.94711277000016, 24.525186842000039 ], [ 90.947290762000137, 24.525329802000158 ], [ 90.949608112000192, 24.526976909000098 ], [ 90.95003924100007, 24.527123204000191 ], [ 90.950309071000049, 24.527315667000039 ], [ 90.950829339000109, 24.527438658 ], [ 90.950904547000107, 24.527456438000058 ], [ 90.952141654000059, 24.527748881000036 ], [ 90.952195570000072, 24.527698870000052 ], [ 90.952518979000104, 24.527796169 ], [ 90.953058446000057, 24.527745351000078 ], [ 90.953597027000114, 24.527985778000186 ], [ 90.953639142000156, 24.528006346999973 ], [ 90.95419027700018, 24.528275528000165 ], [ 90.954449497000098, 24.52827605900012 ], [ 90.954944453000053, 24.528469436000023 ], [ 90.954990565000116, 24.528520713000091 ], [ 90.955209475000117, 24.528521160000025 ], [ 90.955626642000084, 24.528687624000156 ], [ 90.955694031000064, 24.528714513000125 ], [ 90.956610558000136, 24.529733701000112 ], [ 90.958173312000099, 24.531189035000068 ], [ 90.958567070000186, 24.531769914999984 ], [ 90.958766093000065, 24.532063515000118 ], [ 90.958981645000108, 24.533473211000057 ], [ 90.958981646000041, 24.533960875999981 ], [ 90.959089122000023, 24.534057272000155 ], [ 90.959196857000165, 24.534593921000067 ], [ 90.959520398000052, 24.53527369000011 ], [ 90.959951314000136, 24.535711202000073 ], [ 90.961892031000048, 24.537116671999968 ], [ 90.962053821000097, 24.537700385000051 ], [ 90.96218742800005, 24.537850821000063 ], [ 90.962759328000118, 24.537888569000188 ], [ 90.964484681000158, 24.5371031520001 ], [ 90.96518570600017, 24.536954175000119 ], [ 90.965509135000048, 24.536807611000086 ], [ 90.966695107000078, 24.536655522000046 ], [ 90.967234476000044, 24.53650756900015 ], [ 90.967612067000118, 24.536263575000191 ], [ 90.967975207000165, 24.536127848999968 ], [ 90.9687982640001, 24.535820221000108 ], [ 90.969175103000111, 24.535479146000057 ], [ 90.969337113000051, 24.535283940000056 ], [ 90.969499097000096, 24.534844908000139 ], [ 90.969661059000032, 24.534162041000059 ], [ 90.969876484000167, 24.533772332000012 ], [ 90.970092163000174, 24.533576783000115 ], [ 90.970901130000186, 24.533427083000163 ], [ 90.972248472000103, 24.533323580000058 ], [ 90.972572265000167, 24.533226671000079 ], [ 90.973050522000051, 24.533559693000143 ], [ 90.973272963000056, 24.533759484000029 ], [ 90.973542253000176, 24.534195737000175 ], [ 90.973704123000061, 24.535023268000145 ], [ 90.97386543500005, 24.535218647000079 ], [ 90.974836283000116, 24.535896458000082 ], [ 90.975051542000074, 24.536285649000092 ], [ 90.975105300000052, 24.537014536000072 ], [ 90.974835745000064, 24.537503940000079 ], [ 90.974889954, 24.537891915000102 ], [ 90.975105216000088, 24.538281105000124 ], [ 90.975320827000075, 24.538476130000049 ], [ 90.9759678530001, 24.538765443000102 ], [ 90.976071621000187, 24.538716869000154 ], [ 90.976884104000192, 24.538761770000065 ], [ 90.977423643000122, 24.538954692 ], [ 90.97747098800005, 24.538997335999966 ], [ 90.97752583200014, 24.539046735000056 ], [ 90.977908925000122, 24.539391795000029 ], [ 90.978016592000074, 24.539829092000048 ], [ 90.978232331000072, 24.54011893500018 ], [ 90.97855544700019, 24.540410339000118 ], [ 90.978663421000022, 24.540409636000163 ], [ 90.978986786000064, 24.540653627000154 ], [ 90.979117592000023, 24.540652779000084 ], [ 90.97914844200011, 24.540652576000184 ], [ 90.979741576000151, 24.540991893000069 ], [ 90.979920423000124, 24.540910280000162 ], [ 90.980491272, 24.541236844000025 ], [ 90.98038364100006, 24.541917110000156 ], [ 90.979951847000052, 24.54264915300007 ], [ 90.979682254000068, 24.542894735000118 ], [ 90.979358828000102, 24.543041328000129 ], [ 90.978604246000032, 24.543287800000087 ], [ 90.977903068000103, 24.543339761000027 ], [ 90.977525921000051, 24.543242868999982 ], [ 90.977316332000044, 24.543082723000055 ], [ 90.97715336400006, 24.543094798000084 ], [ 90.976776218000111, 24.54299790400006 ], [ 90.975701687000139, 24.542176838000159 ], [ 90.975266467000154, 24.54198042500019 ], [ 90.974943389000089, 24.541932845000133 ], [ 90.974350325000046, 24.542081172000053 ], [ 90.973918583, 24.542424872000083 ], [ 90.973595080000166, 24.542962036000119 ], [ 90.973595140000157, 24.543449697000028 ], [ 90.974511537000069, 24.544419102000063 ], [ 90.975104894000197, 24.545584753000128 ], [ 90.975212092000049, 24.54612138900012 ], [ 90.975212295000119, 24.546706132000111 ], [ 90.975050480000164, 24.547486081000045 ], [ 90.974511373000041, 24.548072053000055 ], [ 90.974025778999987, 24.548316763000059 ], [ 90.973810080000192, 24.548512317000075 ], [ 90.972785817999977, 24.549002078000171 ], [ 90.972030820000043, 24.549201110000126 ], [ 90.971545964000086, 24.549542889000065 ], [ 90.970898743000078, 24.550276295000174 ], [ 90.970831620000126, 24.550397365000094 ], [ 90.970682681000142, 24.550666009999986 ], [ 90.970521192000035, 24.551251792000187 ], [ 90.970628612000041, 24.551738761000024 ], [ 90.970251622000092, 24.55222659400016 ], [ 90.970143536000023, 24.552615613000114 ], [ 90.970035600000188, 24.553103970000109 ], [ 90.970089675000111, 24.553394865000087 ], [ 90.969981761000099, 24.554127052000013 ], [ 90.970035575000111, 24.554223786000023 ], [ 90.97030477300018, 24.554562965000116 ], [ 90.970384459000172, 24.554766518000179 ], [ 90.969598639000196, 24.555350150000152 ], [ 90.969005508, 24.555498455000077 ], [ 90.968628457000193, 24.555498622000187 ], [ 90.968300609000039, 24.555401194000126 ], [ 90.967981488000021, 24.555306358999985 ], [ 90.967743708000057, 24.55530705700005 ], [ 90.9673341620001, 24.555308257000149 ], [ 90.966741281000168, 24.555409141000155 ], [ 90.966525667000099, 24.555457937000085 ], [ 90.96609396700012, 24.555654867000044 ], [ 90.965662756000199, 24.55599628300007 ], [ 90.964476487000184, 24.556536694000101 ], [ 90.964152633000026, 24.556392016000018 ], [ 90.964037463000125, 24.556150112000068 ], [ 90.963726727000164, 24.55629166600005 ], [ 90.96340287400011, 24.556146987000091 ], [ 90.963241062, 24.555807108000124 ], [ 90.963187478000066, 24.555416868000179 ], [ 90.963025794000146, 24.55517407200017 ], [ 90.963026039000113, 24.554882828000018 ], [ 90.962594551000109, 24.554542413000036 ], [ 90.962578498000084, 24.554518417000168 ], [ 90.962158145000046, 24.55469568500007 ], [ 90.960971623000091, 24.55552731299997 ], [ 90.960486591000119, 24.555771979000156 ], [ 90.960162992000107, 24.556065285000102 ], [ 90.960108573000127, 24.55621238000009 ], [ 90.958598658000142, 24.557531457000096 ], [ 90.957897756000079, 24.55836223200015 ], [ 90.957196464000106, 24.559387167000125 ], [ 90.957067540000139, 24.559753404000162 ], [ 90.956818900000144, 24.56045971400016 ], [ 90.956656959000156, 24.561239646000047 ], [ 90.956710386000054, 24.562749708000069 ], [ 90.956548701000088, 24.562994565 ], [ 90.956225076000067, 24.563044030000128 ], [ 90.955677349000098, 24.56276807900008 ], [ 90.955475291000084, 24.562798962000102 ], [ 90.955053476000103, 24.56258644400009 ], [ 90.954612320000194, 24.562364179999975 ], [ 90.953965193000045, 24.562316352000096 ], [ 90.953173821000064, 24.562907938000023 ], [ 90.953048368000111, 24.563001719000056 ], [ 90.952724882000155, 24.56290668500003 ], [ 90.95243094000017, 24.562668446000089 ], [ 90.952185901000064, 24.56246984 ], [ 90.951916464000078, 24.562421872000129 ], [ 90.951646787000016, 24.562423576000128 ], [ 90.950889811000138, 24.562915567000061 ], [ 90.950741483000115, 24.563166741000032 ], [ 90.950459966000153, 24.563643450000143 ], [ 90.95040600800013, 24.564181125000118 ], [ 90.950514107000117, 24.564521354000135 ], [ 90.951376404000143, 24.565929232000087 ], [ 90.951537581000082, 24.566269127000055 ], [ 90.951591355000062, 24.567097363000187 ], [ 90.951753408000059, 24.567389842000125 ], [ 90.951969022000128, 24.567582640000126 ], [ 90.952238227000123, 24.567680277000079 ], [ 90.953209098000059, 24.568504972000028 ], [ 90.953316972000096, 24.568651039000144 ], [ 90.953370269000175, 24.569332528000132 ], [ 90.95310067000014, 24.569672886000035 ], [ 90.952830692000191, 24.570453499000052 ], [ 90.952830795000125, 24.571038243000146 ], [ 90.952938297000117, 24.57113464400004 ], [ 90.952938289000144, 24.571378475000017 ], [ 90.95320770800015, 24.572155674000101 ], [ 90.953181426000071, 24.572632995999982 ], [ 90.953153987000064, 24.573131341000135 ], [ 90.952398110000104, 24.574788754 ], [ 90.952020858000196, 24.575423294000132 ], [ 90.951751107000121, 24.576154235000104 ], [ 90.951642580000112, 24.576739662000136 ], [ 90.95175056700009, 24.57722664400012 ], [ 90.951696460000164, 24.578152639000109 ], [ 90.951480408000066, 24.578639410000108 ], [ 90.951426201000061, 24.578980665000017 ], [ 90.950940913000068, 24.579859714 ], [ 90.950077872000179, 24.580738890000134 ], [ 90.949915661000148, 24.580836993000162 ], [ 90.949648918000037, 24.58083743300017 ], [ 90.949155873000166, 24.58035559800004 ], [ 90.94861658300016, 24.579968415000053 ], [ 90.94850894800004, 24.580018761000133 ], [ 90.948229448000177, 24.579983744000174 ], [ 90.947376502000111, 24.579876880000029 ], [ 90.946025628000086, 24.579921187000025 ], [ 90.945758531000081, 24.579929946000163 ], [ 90.944895601000098, 24.580664599999977 ], [ 90.944720187000144, 24.580882640000084 ], [ 90.944032116000187, 24.581737905000068 ], [ 90.942467789000148, 24.583106834000091 ], [ 90.942400117000034, 24.583185308 ], [ 90.941119071000116, 24.584670822000191 ], [ 90.941064602000097, 24.58481565500017 ], [ 90.941172478000169, 24.584961732000124 ], [ 90.94225110300016, 24.58549457700002 ], [ 90.943060252000066, 24.585979432000101 ], [ 90.943367245000104, 24.5862552050001 ], [ 90.943760625000152, 24.586609458 ], [ 90.943922314000133, 24.586852276 ], [ 90.944515693000142, 24.587288805000185 ], [ 90.944980674000135, 24.587790409000092 ], [ 90.945054608000191, 24.587870166000073 ], [ 90.94521667500004, 24.588162650000072 ], [ 90.945324257000038, 24.588843797000038 ], [ 90.945431881000047, 24.589037283000096 ], [ 90.945377612000129, 24.589866201000063 ], [ 90.945431685000074, 24.589915528000176 ], [ 90.945323832000099, 24.590595772000142 ], [ 90.945647079000139, 24.591471984000179 ], [ 90.94580378, 24.59156434800019 ], [ 90.946407297000121, 24.591756974000134 ], [ 90.946466034000082, 24.591810008999971 ], [ 90.946563815000104, 24.591809394 ], [ 90.946846505000053, 24.59190118500004 ], [ 90.947157241000184, 24.592002081000089 ], [ 90.947696093, 24.592488610000089 ], [ 90.947642100000053, 24.593024022000179 ], [ 90.947102673000131, 24.593609901000036 ], [ 90.946832632000053, 24.594146673000068 ], [ 90.946670985000083, 24.594732431000011 ], [ 90.946724485000061, 24.595608081000023 ], [ 90.946993889000169, 24.596872951000023 ], [ 90.946939777000125, 24.597311283000067 ], [ 90.946831622000161, 24.597458715000187 ], [ 90.94656193000003, 24.598042894000116 ], [ 90.94586074700004, 24.598629787000107 ], [ 90.945698604000199, 24.599068796999973 ], [ 90.945482776000119, 24.599264315000028 ], [ 90.944296193000071, 24.599170167000011 ], [ 90.944188277000194, 24.599267925000106 ], [ 90.943918275000044, 24.599319288 ], [ 90.943648851000148, 24.599612218000118 ], [ 90.943702443000177, 24.600584948000119 ], [ 90.944079699000099, 24.601169583000058 ], [ 90.944348999000169, 24.602093546000049 ], [ 90.94440288300018, 24.602775033000057 ], [ 90.944348628000057, 24.603360115000157 ], [ 90.944672091000086, 24.604672060000041 ], [ 90.944833807000123, 24.60491487500019 ], [ 90.945133764, 24.605456170000082 ], [ 90.945220997000035, 24.605613589000086 ], [ 90.945808344000056, 24.606673484000112 ], [ 90.945944677000057, 24.606919498000025 ], [ 90.945741627000132, 24.606927548000158 ], [ 90.945488175000094, 24.606965263000177 ], [ 90.945432650000043, 24.606970128000114 ], [ 90.945220473000177, 24.606992735000119 ], [ 90.945117430000096, 24.607003715000189 ], [ 90.944824952000033, 24.60702361500006 ], [ 90.944589823000058, 24.606952845000023 ], [ 90.944394473000045, 24.606917946000067 ], [ 90.944004457000119, 24.606938453999987 ], [ 90.943730165000147, 24.606831806000059 ], [ 90.943513472000063, 24.60658482000008 ], [ 90.943430906000174, 24.606029945000046 ], [ 90.943312622000121, 24.605816205000167 ], [ 90.94313453500007, 24.605530595000118 ], [ 90.942879478000179, 24.605353835000074 ], [ 90.942235397000104, 24.605412054 ], [ 90.941845925, 24.605504798000027 ], [ 90.941300442999989, 24.605704631000151 ], [ 90.940833497000085, 24.605922033000184 ], [ 90.940306300000088, 24.605925326000033 ], [ 90.939876194000192, 24.605785779000087 ], [ 90.940103154000155, 24.604379465000079 ], [ 90.939723404000176, 24.604256253000017 ], [ 90.93960582700015, 24.604218606000018 ], [ 90.939270389000058, 24.603775934000168 ], [ 90.939033088000087, 24.603330391000156 ], [ 90.938815586000032, 24.602972775000069 ], [ 90.938347179000061, 24.602993758000139 ], [ 90.937762157000179, 24.603105774000142 ], [ 90.937253647000034, 24.602964449000069 ], [ 90.936335048000103, 24.602882115 ], [ 90.935770836000188, 24.603136229000086 ], [ 90.935636658000078, 24.603439594000065 ], [ 90.935484339000197, 24.603959811000038 ], [ 90.935491698000135, 24.604125332000137 ], [ 90.935507319000124, 24.604476679000129 ], [ 90.935493235000195, 24.605156334000185 ], [ 90.935575148000112, 24.60571121900017 ], [ 90.935599555000124, 24.606336447000047 ], [ 90.93540979900007, 24.607053314000098 ], [ 90.93523384100007, 24.607448403000035 ], [ 90.935083113000189, 24.607786838000038 ], [ 90.934923019000109, 24.608188728000073 ], [ 90.934718870000154, 24.608701209000117 ], [ 90.934450838000032, 24.609436623000192 ], [ 90.934426046999988, 24.609585920000029 ], [ 90.934320240000034, 24.610223113000075 ], [ 90.934032530000025, 24.610886403000052 ], [ 90.933937824, 24.611068178000096 ], [ 90.933777936000126, 24.611375058000078 ], [ 90.933724525000059, 24.611477572000069 ], [ 90.933526799000049, 24.611871637000036 ], [ 90.933435535000115, 24.612052820000031 ], [ 90.932775979000098, 24.612610043000075 ], [ 90.931096103000186, 24.612532399000031 ], [ 90.930606834000116, 24.612408994000191 ], [ 90.930295251000189, 24.612519291000183 ], [ 90.930258077000133, 24.612752063000073 ], [ 90.930222089000154, 24.613145123000095 ], [ 90.93013167600003, 24.614109718000066 ], [ 90.929976684, 24.614273230000094 ], [ 90.929832737000083, 24.614427644000045 ], [ 90.929773319000162, 24.614491225999984 ], [ 90.929685668000104, 24.614577559000111 ], [ 90.929413724000142, 24.614705670000149 ] ] ] } }
]
}
